Date,Open,High,Low,Close,Volume,Symbol
2021-01-01,1083.9000837645226,1090.4487871704575,1082.0905888370053,1086.0972900390625,4253550,INFY
2021-01-04,1093.4645299158258,1111.5596876212885,1086.7004086676557,1110.0517578125,7208454,INFY
2021-01-05,1104.6664299105278,1119.3148927096533,1098.6778357224719,1114.834228515625,8145280,INFY
2021-01-06,1120.1764302130741,1121.8997785672482,1092.6459823290795,1104.75244140625,7161715,INFY
2021-01-07,1116.7297849912563,1118.151568485968,1081.8319792102795,1087.5621337890625,10954918,INFY
2021-01-08,1101.435011419496,1134.6525928560131,1101.435011419496,1130.6026611328125,13186251,INFY
2021-01-11,1156.4531077577685,1191.997174193044,1154.6436126853075,1185.836181640625,20528626,INFY
2021-01-12,1187.386928051531,1187.386928051531,1171.876794013122,1182.00146484375,8309868,INFY
2021-01-13,1183.8110536129677,1200.139842468759,1171.8768872321662,1195.2713623046875,14442997,INFY
2021-01-14,1171.8769809148123,1192.5571629309559,1136.0743737254254,1180.924560546875,27521697,INFY
2021-01-15,1171.8768069574498,1175.7112147298128,1154.6433245021933,1158.9085693359375,15018441,INFY
2021-01-18,1152.920096119261,1154.6434445439536,1125.3465213241816,1130.5596923828125,8861765,INFY
2021-01-19,1137.4099028583078,1146.8883187154604,1130.5165095076513,1134.5233154296875,5585744,INFY
2021-01-20,1137.883875806407,1161.8814805840243,1137.883875806407,1154.16943359375,8225838,INFY
2021-01-21,1163.2600510513976,1172.7815920617124,1150.3349393730487,1154.384765625,6142421,INFY
2021-01-22,1143.441566797093,1168.4301164859517,1143.053855513784,1155.375732421875,9646591,INFY
2021-01-25,1158.9519046092023,1161.4507810538796,1131.378327696567,1141.8045654296875,6542611,INFY
2021-01-27,1137.0652043305388,1143.9155770365226,1107.3374457103669,1121.0380859375,8133665,INFY
2021-01-28,1113.1107808566571,1117.1174817647845,1096.5235523990264,1099.6685791015625,4660690,INFY
2021-01-29,1108.32845129276,1112.5506759537004,1060.7209512469485,1067.657470703125,12183519,INFY
2021-02-01,1077.566678701436,1101.176466884617,1069.3376482785413,1086.4849853515625,8880279,INFY
2021-02-02,1102.9429695181907,1115.351098962238,1088.8114916842712,1095.4033203125,6892490,INFY
2021-02-03,1100.9179880401161,1123.6230806340604,1096.911182244754,1106.94970703125,8182968,INFY
2021-02-04,1107.251292527457,1114.4893764883388,1096.0926542603552,1102.3828125,5032240,INFY
2021-02-05,1108.4576020295785,1110.4825151618702,1087.4327325969195,1096.1356201171875,5477481,INFY
2021-02-08,1107.6820914790796,1128.7931076138423,1099.0653501995846,1123.2353515625,6921922,INFY
2021-02-09,1126.1221015084686,1147.7501042069305,1118.3239074502417,1124.9588623046875,7965949,INFY
2021-02-10,1116.5575146413062,1123.924766232091,1106.0450258741864,1117.16064453125,5951207,INFY
2021-02-11,1110.6980078831743,1116.7297270881256,1105.5710886329,1113.8431396484375,4673317,INFY
2021-02-12,1124.484893216906,1140.641285360827,1121.5121591363622,1128.6209716796875,5797875,INFY
2021-02-15,1137.410006642959,1144.648091358565,1126.2943878137974,1128.49169921875,4363513,INFY
2021-02-16,1132.2399092154096,1137.194535910987,1108.113031393468,1111.9044189453125,6896421,INFY
2021-02-17,1111.9044468739928,1115.4372901782608,1098.6346427016474,1104.063232421875,4575741,INFY
2021-02-18,1099.4962778682911,1125.3465038369814,1098.6346036693349,1113.6707763671875,6437551,INFY
2021-02-19,1116.8157821474692,1119.7454951301386,1100.185535095986,1112.6798095703125,5389696,INFY
2021-02-22,1115.8681194822566,1127.543847285139,1085.7095216584119,1090.190185546875,7371303,INFY
2021-02-23,1095.3172307680072,1112.42144338809,1083.5984821457366,1091.18115234375,6612942,INFY
2021-02-24,1085.7526365780805,1100.013281724026,1078.8161170740752,1098.031494140625,4537258,INFY
2021-02-25,1110.2240126677355,1119.960972603115,1096.0495150230138,1098.246826171875,8788221,INFY
2021-02-26,1093.4643980919905,1098.0313127505435,1072.5688018321553,1079.9361572265625,15132388,INFY
2021-03-01,1088.5530584727862,1106.820509431112,1084.8478173404203,1091.7412109375,5756286,INFY
2021-03-02,1104.881584802045,1128.7930404294627,1102.253436794291,1124.0538330078125,10461434,INFY
2021-03-03,1136.7205420391444,1160.6751264405077,1127.0698332473528,1157.702392578125,9056399,INFY
2021-03-04,1150.3350531237788,1175.194332673044,1142.4938389671688,1146.3282470703125,12041941,INFY
2021-03-05,1144.7343273097638,1154.6435819308117,1124.5281066999157,1134.5665283203125,6486176,INFY
2021-03-08,1141.5460327392925,1159.8996302572925,1134.9972246111543,1150.9813232421875,5119392,INFY
2021-03-09,1145.5957474208333,1163.6477782378126,1136.332750591368,1159.4256591796875,6518173,INFY
2021-03-10,1169.2057017251611,1183.9403089878242,1167.568499766013,1178.8995361328125,7925984,INFY
2021-03-12,1183.0786532905622,1199.1919184391575,1180.5367565245792,1184.6727294921875,9462061,INFY
2021-03-15,1180.4935751787755,1189.0241702261578,1170.5843225404135,1183.5955810546875,6658635,INFY
2021-03-16,1194.323480892539,1211.513837869457,1189.5411473533322,1192.5570068359375,9352771,INFY
2021-03-17,1199.6660018293824,1206.3439774186643,1190.8338405661386,1195.1422119140625,7626744,INFY
2021-03-18,1200.9585220891945,1200.9585220891945,1131.809161445135,1152.1446533203125,10961755,INFY
2021-03-19,1146.026633655761,1167.740780430042,1135.6865437280399,1158.477783203125,12767112,INFY
2021-03-22,1163.3461449063454,1185.6635244337417,1151.2827078844905,1181.182861328125,4862758,INFY
2021-03-23,1182.6046462206853,1191.9107691234879,1171.5321544195988,1181.8292236328125,7165335,INFY
2021-03-24,1170.0242982818368,1180.8813722284217,1160.028898540296,1166.491455078125,6134303,INFY
2021-03-25,1160.4595403235624,1165.4141661686415,1143.958461037334,1149.3009033203125,8749994,INFY
2021-03-26,1158.6931263734227,1169.033215628549,1147.7499073190118,1151.368896484375,4922071,INFY
2021-03-30,1160.5890562717839,1206.3439374331733,1151.326058180779,1193.6773681640625,10546381,INFY
2021-03-31,1190.83366672419,1196.0037115869577,1174.7204023091629,1178.8133544921875,8220987,INFY
2021-04-01,1189.1106438936024,1199.1060456603736,1181.355574476905,1193.59130859375,5675155,INFY
2021-04-05,1198.5888478178297,1227.885771488431,1195.142150915406,1214.87451171875,9479572,INFY
2021-04-06,1226.162443610447,1228.7474663306377,1211.9016928634576,1215.865478515625,5793571,INFY
2021-04-07,1215.1763368116517,1236.4596526666178,1212.0312041778964,1232.36669921875,5879234,INFY
2021-04-08,1232.1941703487278,1250.8924593912707,1224.4391021437357,1240.681640625,5654434,INFY
2021-04-09,1253.7358884927696,1253.7358884927696,1232.2371605200397,1241.715576171875,6052712,INFY
2021-04-12,1270.1077622934201,1273.166747756868,1219.2689848339141,1228.531982421875,20384532,INFY
2021-04-13,1234.7790588105163,1236.7178256509376,1184.8019580352127,1203.8880615234375,14855206,INFY
2021-04-15,1148.0087234239115,1177.3917963102572,1137.4100873541704,1172.5233154296875,25342491,INFY
2021-04-16,1176.1852898848683,1181.226062947407,1160.3304634750934,1166.491455078125,10879878,INFY
2021-04-19,1154.6435435911633,1188.8519706818274,1148.0517142642886,1174.0743408203125,12508028,INFY
2021-04-20,1188.248651092987,1188.248651092987,1156.7113982865865,1164.42333984375,8560766,INFY
2021-04-22,1168.04239869778,1176.0128843300108,1159.0809667878193,1164.2078857421875,6622446,INFY
2021-04-23,1157.2282625985106,1161.8813235595494,1146.8881738783452,1149.3009033203125,7316262,INFY
2021-04-26,1147.9654322200197,1164.380367507534,1138.271597645071,1157.702392578125,7088606,INFY
2021-04-27,1159.8135877247869,1165.8453077203837,1154.7728141940079,1161.9677734375,3636115,INFY
2021-04-28,1170.1535241231102,1171.4460353795055,1158.6070691956795,1168.43017578125,4879234,INFY
2021-04-29,1178.7703372600251,1179.6320114831685,1164.4665661928148,1168.7318115234375,5412357,INFY
2021-04-30,1160.0718873604987,1183.854071574896,1159.7271966822093,1167.00830078125,8354677,INFY
2021-05-03,1155.332655796906,1172.7384302483372,1152.9199262838172,1165.0264892578125,4560337,INFY
2021-05-04,1166.7069310758193,1167.5254795369788,1140.9428500394654,1145.509765625,4887060,INFY
2021-05-05,1155.5912223767866,1158.0039521560068,1144.1310188875818,1155.9359130859375,3939788,INFY
2021-05-06,1158.9518439960027,1175.9267843211148,1152.4031408587186,1173.255615234375,4810090,INFY
2021-05-07,1176.4439891628188,1183.1219651314254,1161.967818537575,1165.4576416015625,4991435,INFY
2021-05-10,1163.1310416212618,1165.7591903300936,1150.3783249956527,1154.255859375,7195348,INFY
2021-05-11,1151.9725010141478,1155.5053449393317,1141.8047012442423,1146.5870361328125,6420988,INFY
2021-05-12,1146.0266729612142,1146.0266729612142,1132.6707230131701,1143.441650390625,5241898,INFY
2021-05-14,1143.3123140362059,1143.3123140362059,1129.913344241812,1134.307861328125,4824609,INFY
2021-05-17,1137.6685510099821,1150.2919945875576,1137.6685510099821,1145.509765625,5017129,INFY
2021-05-18,1152.9200842102962,1158.6071129160698,1145.5958534810081,1154.6434326171875,5620150,INFY
2021-05-19,1156.3667204007338,1169.6795440720994,1148.8270715158558,1152.058349609375,4435878,INFY
2021-05-20,1161.8814972847088,1162.48462714297,1150.3350421171274,1154.040283203125,4490092,INFY
2021-05-21,1161.10597595688,1169.7227178934802,1160.1150295972031,1167.1376953125,4969733,INFY
2021-05-24,1168.9904560421035,1174.46206679099,1159.038075837983,1161.580078125,4225371,INFY
2021-05-25,1170.1536090309082,1178.770351365451,1167.0946234282085,1173.255615234375,4099340,INFY
2021-05-26,1178.6841271197163,1206.343847149535,1173.6433542239515,1203.9742431640625,6850024,INFY
2021-05-27,1209.9626930741028,1220.3459077434843,1199.1917671452106,1208.282470703125,15365391,INFY
2021-05-28,1214.7450164723891,1218.4071312587043,1202.983144415848,1210.6951904296875,4261312,INFY
2021-05-31,1220.6680058856502,1220.6680058856502,1204.5550140134528,1213.91796875,4429904,INFY
2021-06-01,1219.361380056322,1220.232352470648,1200.7661402744382,1208.212890625,4791325,INFY
2021-06-02,1202.595378558746,1212.3502288353206,1188.8775605523726,1200.766357421875,9272276,INFY
2021-06-03,1208.9967520267799,1218.4903723317955,1199.3725709192988,1210.3468017578125,5115645,INFY
2021-06-04,1214.09216769656,1216.6616005621086,1199.895378641077,1206.8631591796875,4194328,INFY
2021-06-07,1211.5225932191047,1212.393565608191,1199.5903140165703,1210.3468017578125,5154576,INFY
2021-06-08,1215.8779239812816,1238.3054716478418,1215.486028783035,1230.640869140625,7360630,INFY
2021-06-09,1231.0326308810106,1241.1358912581513,1223.3680298666877,1232.6875,5394317,INFY
2021-06-10,1240.2649108243102,1244.619773572991,1235.9100480756292,1240.5262451171875,3496575,INFY
2021-06-11,1245.5775823901204,1264.303488605464,1245.0114290777753,1260.2099609375,6140828,INFY
2021-06-14,1281.2006492490314,1286.426484664051,1265.9150381321408,1273.187744140625,7132294,INFY
2021-06-15,1275.103669819977,1285.5553392447312,1274.2326973679144,1283.726318359375,5403104,INFY
2021-06-16,1282.681306907179,1297.2700979732745,1278.1522919101415,1289.56201171875,7661710,INFY
2021-06-17,1284.7715259128947,1308.7668610479423,1284.7715259128947,1302.365234375,7677951,INFY
2021-06-18,1314.2973860242691,1320.2200410273454,1295.4844029554913,1309.3328857421875,13533974,INFY
2021-06-21,1300.3619509541468,1311.5104415545813,1292.6973503763622,1306.7200927734375,5454052,INFY
2021-06-22,1314.907051074631,1325.1409772519048,1308.2876817899016,1316.7796630859375,6427862,INFY
2021-06-23,1328.2332451261002,1328.2332451261002,1305.2831378595408,1309.2025146484375,5529809,INFY
2021-06-24,1321.2652671274627,1366.3380934780537,1316.2135841582835,1358.020263671875,10785137,INFY
2021-06-25,1369.1684981349808,1374.394332097328,1343.9103006503024,1371.0845947265625,9780240,INFY
2021-06-28,1369.9525552441462,1376.2671053562678,1359.23955183632,1368.9945068359375,5019178,INFY
2021-06-29,1359.5883648303184,1370.6061905882805,1358.0205714652668,1361.3739013671875,5913567,INFY
2021-06-30,1369.2124860237218,1385.7173738759964,1369.2124860237218,1376.83349609375,6058722,INFY
2021-07-01,1373.3928839350976,1373.3928839350976,1357.8896381461875,1359.0654296875,4814317,INFY
2021-07-02,1357.8025504266625,1366.9477617714929,1343.562171167975,1365.5107421875,5166064,INFY
2021-07-05,1366.6864575080867,1380.491349741526,1359.6316018427842,1375.221923828125,4058338,INFY
2021-07-06,1370.6494852954324,1382.015719815571,1356.1913619563304,1360.63330078125,4089574,INFY
2021-07-07,1363.986484620662,1367.9058607513202,1345.3476524242224,1362.7235107421875,4797120,INFY
2021-07-08,1365.6850347389075,1372.6528155283918,1349.1365553638825,1359.3704833984375,3326813,INFY
2021-07-09,1355.2331885032247,1367.3397273251671,1350.8783260723017,1361.242919921875,3436594,INFY
2021-07-12,1367.9059052074665,1374.3946078178155,1335.854074613799,1348.134765625,4588982,INFY
2021-07-13,1355.5814624040297,1355.5814624040297,1338.0749384566736,1345.6087646484375,4456160,INFY
2021-07-14,1353.4914729990367,1378.5755273818056,1339.6429868568807,1373.436767578125,5657716,INFY
2021-07-15,1356.8882027607826,1390.8125422016935,1355.2333335958833,1376.83349609375,10021355,INFY
2021-07-16,1370.6928663714386,1371.4767628250784,1349.6588608514694,1354.7540283203125,6265593,INFY
2021-07-19,1345.391360236307,1352.533399494465,1339.1639910747317,1342.7784423828125,5669162,INFY
2021-07-20,1339.8170980665798,1356.7138802520703,1339.5557637771587,1350.051025390625,5069939,INFY
2021-07-22,1359.9364422808278,1387.3284840624563,1359.9364422808278,1385.0203857421875,7854575,INFY
2021-07-23,1383.5836403476194,1392.2497756537243,1380.5352360843801,1385.2384033203125,4179719,INFY
2021-07-26,1388.4173074229864,1403.7029180573702,1388.4173074229864,1396.952880859375,4586710,INFY
2021-07-27,1397.9108175675212,1401.6560417250942,1391.7269342802642,1395.7769775390625,5892859,INFY
2021-07-28,1397.9979854150688,1400.1754167381625,1380.9269451059924,1398.4334716796875,4686788,INFY
2021-07-29,1393.643333732492,1410.9757109519944,1393.643333732492,1408.36279296875,4660873,INFY
2021-07-30,1402.2655636048103,1413.9366150254957,1398.9123411297298,1402.7010498046875,6234257,INFY
2021-08-02,1417.4642058801662,1423.8223478971256,1410.278682485059,1421.0352783203125,5553389,INFY
2021-08-03,1434.4916134182358,1444.6384636417272,1424.5625063054636,1441.633544921875,5513668,INFY
2021-08-04,1453.7403226615859,1463.14686912244,1427.5676602328276,1436.4515380859375,6740391,INFY
2021-08-05,1436.6689304912002,1451.039974657981,1434.5350907034747,1440.1964111328125,5420536,INFY
2021-08-06,1443.2015868253418,1446.3806580542653,1431.8789431145817,1437.2789306640625,3754855,INFY
2021-08-09,1446.6853193592076,1452.3030494440573,1433.9691421507919,1448.6885986328125,5018477,INFY
2021-08-10,1452.7821274360933,1463.233797417648,1446.7289110997303,1460.838623046875,6846517,INFY
2021-08-11,1458.7049230554317,1466.7178282829386,1452.7822669690863,1461.10009765625,4899639,INFY
2021-08-12,1462.4933514969034,1477.6047016288974,1458.0078222969491,1471.594970703125,5659579,INFY
2021-08-13,1478.0401924464695,1500.2499890919528,1473.0756921948412,1491.2789306640625,5612790,INFY
2021-08-16,1487.3597412491697,1498.0291547007535,1472.030646043933,1484.485595703125,4564109,INFY
2021-08-17,1484.0499890055655,1523.2437495245933,1468.9386381583163,1516.92919921875,9510390,INFY
2021-08-18,1505.9113246071138,1528.9920938969278,1504.1693797550522,1509.787109375,6686090,INFY
2021-08-20,1494.6759407419665,1519.8470681780625,1494.6759407419665,1509.351806640625,6206972,INFY
2021-08-23,1511.7906467286912,1526.9455907943864,1508.524499573149,1514.403564453125,6189051,INFY
2021-08-24,1524.201733492807,1530.2985404267783,1491.7144197309817,1498.8128662109375,7602939,INFY
2021-08-25,1496.330844263311,1521.5019722788666,1496.330844263311,1511.616455078125,6153253,INFY
2021-08-26,1510.2664667041324,1520.718137753988,1498.072850479301,1504.779296875,5302248,INFY
2021-08-27,1502.4277064883427,1504.7792899357576,1485.1824068076487,1488.3179931640625,6698514,INFY
2021-08-30,1483.3098187310713,1496.8969690174113,1472.2919948958422,1478.9549560546875,6559667,INFY
2021-08-31,1480.783933076624,1493.7178535768544,1468.3289836646177,1486.27099609375,12255438,INFY
2021-09-01,1488.9275478953632,1488.9275478953632,1457.267717526702,1461.274169921875,7801974,INFY
2021-09-02,1460.9259832613868,1475.6890337744708,1448.1227275710148,1471.159912109375,6830050,INFY
2021-09-03,1477.2129082319484,1485.835450675509,1467.0660576377923,1481.2193603515625,5339139,INFY
2021-09-06,1485.1389236872342,1508.5245163164989,1480.0872401693016,1507.1309814453125,4876026,INFY
2021-09-07,1506.7826238654413,1511.0504109426818,1484.1373358767123,1486.4454345703125,3520341,INFY
2021-09-08,1481.393539587416,1481.393539587416,1465.8031107394431,1474.774169921875,4584896,INFY
2021-09-09,1468.372535490299,1476.2112878647204,1465.1063886676236,1473.3370361328125,3331674,INFY
2021-09-13,1465.8465907578222,1481.9595806146374,1459.0529633172687,1473.5982666015625,4662374,INFY
2021-09-14,1477.12592169284,1477.12592169284,1462.0145685181678,1468.5904541015625,4945167,INFY
2021-09-15,1474.7740766214572,1493.8048030758805,1472.117568164851,1490.625732421875,4062344,INFY
2021-09-16,1493.8918432115127,1497.4193240191062,1473.2062483617503,1482.61279296875,3246568,INFY
2021-09-17,1478.0405512615182,1496.3309764686437,1467.1098022407282,1473.0760498046875,7454864,INFY
2021-09-20,1467.5886724736702,1487.3597058300793,1461.4482737789863,1470.0709228515625,5660743,INFY
2021-09-21,1480.6533768466115,1503.9518932175802,1467.2839690902401,1496.7227783203125,4672222,INFY
2021-09-22,1495.4597566485802,1514.5340753328271,1492.0194578610053,1495.3726806640625,4553892,INFY
2021-09-23,1508.5243325905415,1519.8469748097546,1499.0307113119939,1517.713134765625,3826090,INFY
2021-09-24,1531.1697244858785,1557.2989006716446,1526.3357843635558,1536.264892578125,8280446,INFY
2021-09-27,1540.5327360352849,1540.7504791781873,1496.4179540192567,1499.074462890625,5045337,INFY
2021-09-28,1489.3630166815442,1489.3630166815442,1458.878978328413,1469.417724609375,6557197,INFY
2021-09-29,1445.1613454121327,1481.8728632613904,1441.4597117113633,1473.9034423828125,7792548,INFY
2021-09-30,1483.2661787983272,1483.2661787983272,1454.6111620660795,1459.0531005859375,6914031,INFY
2021-10-01,1450.2562135367987,1462.3191607744086,1446.9029908490702,1450.2998046875,5733906,INFY
2021-10-04,1456.7015632635075,1470.2016375418839,1450.517679535455,1462.1451416015625,2947154,INFY
2021-10-05,1455.3949602586436,1483.2224874376122,1448.427180676316,1474.3822021484375,4373310,INFY
2021-10-06,1482.4822902737767,1488.492021865943,1454.524093924005,1457.6160888671875,4271698,INFY
2021-10-07,1469.330685011527,1484.3113702738483,1460.3161404249604,1472.8145751953125,5476108,INFY
2021-10-08,1485.2258362951297,1508.0888641225727,1479.2596960117546,1501.4259033203125,4738376,INFY
2021-10-11,1464.975834271688,1506.7825168192749,1449.036994022464,1472.77099609375,8840633,INFY
2021-10-12,1460.6209130640477,1471.072583282753,1447.5563252906663,1467.7193603515625,7439300,INFY
2021-10-13,1477.125873324372,1492.5421514566985,1463.2774946507823,1488.666259765625,7104171,INFY
2021-10-14,1527.6857924741366,1553.4665576738048,1479.085483572147,1494.37109375,19655776,INFY
2021-10-18,1515.4919760813984,1566.8793476841583,1515.4919760813984,1560.9132080078125,13438109,INFY
2021-10-19,1579.9440336950636,1597.798969026237,1552.3342493938349,1587.04248046875,10324260,INFY
2021-10-20,1593.3570895202022,1609.5571565198998,1562.5682333583247,1569.7972412109375,5876115,INFY
2021-10-21,1579.943899237507,1579.943899237507,1521.4580825855512,1527.3807373046875,8779629,INFY
2021-10-22,1524.114562344771,1535.698431004061,1486.749826632905,1497.8983154296875,7369809,INFY
2021-10-25,1499.858350257659,1506.564796489911,1469.5048712675496,1487.229248046875,5905209,INFY
2021-10-26,1502.6062654350915,1517.1485436893581,1490.1727607226414,1497.0264892578125,5871709,INFY
2021-10-27,1501.7713769207796,1523.782638320306,1494.785823536902,1519.21337890625,5090259,INFY
2021-10-28,1510.7780094844702,1515.522964410046,1486.7897990608278,1497.2022705078125,5329972,INFY
2021-10-29,1492.8967290645846,1504.8469109760645,1459.5504324355952,1465.4376220703125,5875091,INFY
2021-11-01,1474.0048022483252,1500.1018935472132,1472.6867651673283,1493.8193359375,3636806,INFY
2021-11-02,1489.3819492239559,1499.4429230262488,1481.7812470277015,1491.93017578125,3471772,INFY
2021-11-03,1501.6835397594302,1509.1084388738689,1492.896626127134,1495.9720458984375,3530713,INFY
2021-11-04,1506.955843008158,1508.713225915456,1498.1689284716672,1501.4200439453125,483407,INFY
2021-11-08,1520.1361328125,1529.80173828125,1496.4114648437499,1526.726318359375,5245903,INFY
2021-11-09,1524.3098926867096,1537.7099364183555,1516.621343004618,1531.1197509765625,4016134,INFY
2021-11-10,1516.6214263051052,1538.544734840755,1513.0626830662195,1529.054931640625,4780368,INFY
2021-11-11,1522.7282608636551,1528.703405453859,1501.6836441561402,1523.035888671875,4731349,INFY
2021-11-12,1531.559300788472,1566.575135983444,1527.2098207220727,1564.24658203125,5069009,INFY
2021-11-15,1565.9158372510615,1581.6444339073435,1560.1164957791602,1570.353271484375,4354074,INFY
2021-11-16,1572.8575070413654,1589.5086651188797,1561.4345195600592,1574.8785400390625,6034233,INFY
2021-11-17,1575.0982330141132,1583.4018234229952,1564.6856546363958,1570.6168212890625,4732492,INFY
2021-11-18,1565.4766573762213,1572.3743637688792,1545.6182521663638,1563.5435791015625,4326924,INFY
2021-11-22,1567.5855143323686,1568.815703789317,1538.7205222501445,1545.9697265625,6621839,INFY
2021-11-23,1524.6175312167047,1535.2936539110958,1502.5623970170118,1526.19921875,8436160,INFY
2021-11-24,1528.923167102742,1529.362512840415,1483.231210384729,1490.2607421875,7333061,INFY
2021-11-25,1493.7753000534872,1516.7969705965193,1491.0952485220696,1513.4580078125,4476260,INFY
2021-11-26,1496.0158666598963,1509.8991243873395,1479.716100674578,1486.4381103515625,4494181,INFY
2021-11-29,1485.867137758942,1504.319656915026,1466.6677523751573,1490.568115234375,3942776,INFY
2021-11-30,1497.7734901514705,1520.0482960069558,1493.8193787950365,1504.890869140625,14808963,INFY
2021-12-01,1506.9557676104166,1530.59258798338,1505.1983847910458,1506.867919921875,5193264,INFY
2021-12-02,1506.9556323902027,1538.1491746350146,1503.7483875802125,1536.172119140625,5559574,INFY
2021-12-03,1556.2504797001545,1569.9141753027272,1522.3769870479941,1525.0130615234375,6754012,INFY
2021-12-06,1520.1361797156055,1523.6069679725288,1486.3065595311832,1489.6456298828125,3991449,INFY
2021-12-07,1494.7419695434742,1515.654868474255,1488.5032818453103,1504.01220703125,4202122,INFY
2021-12-08,1522.7723363402492,1546.3213109323074,1522.4208382954744,1540.6536865234375,3029169,INFY
2021-12-09,1545.6184299768618,1554.75684351102,1530.6806736894218,1549.528564453125,2082171,INFY
2021-12-10,1546.4966649495525,1549.7917572754393,1534.1949869329083,1545.837646484375,1823469,INFY
2021-12-13,1552.6917427954177,1556.470051607841,1527.8687097618824,1533.009033203125,4040584,INFY
2021-12-14,1520.9269292908916,1549.1329011030184,1502.8697785484514,1539.59912109375,4768144,INFY
2021-12-15,1533.316570661763,1535.908667518198,1512.4036713776811,1523.82666015625,3053149,INFY
2021-12-16,1548.8253305126736,1561.9617232986577,1544.7393942801555,1556.6895751953125,4481031,INFY
2021-12-17,1599.2182217120308,1618.5494309854728,1587.5755615814348,1599.965087890625,18887243,INFY
2021-12-20,1583.138372334925,1607.69786318161,1570.485301026665,1580.6781005859375,5773891,INFY
2021-12-21,1582.523173111217,1615.0347541246067,1582.523173111217,1591.8372802734375,5353584,INFY
2021-12-22,1603.611916944821,1607.2585079618086,1592.4964485064465,1603.3482666015625,4156428,INFY
2021-12-23,1609.103704090808,1635.7719679184652,1605.3692654601534,1632.2572021484375,4112933,INFY
2021-12-24,1645.744996985642,1648.2053757839751,1629.0938380399784,1637.44140625,3780347,INFY
2021-12-27,1634.3660458305121,1647.1070714566104,1621.2296519691486,1639.77001953125,2647733,INFY
2021-12-28,1652.5548702377228,1665.9110438520706,1650.5339443784728,1658.9693603515625,3340933,INFY
2021-12-29,1655.0151681366292,1664.065732003417,1648.7764809648074,1656.8165283203125,3236635,INFY
2021-12-30,1655.893905461335,1678.1248402781916,1646.9751665027095,1663.23095703125,4584738,INFY
2021-12-31,1660.7266893716478,1668.0637408590383,1644.602724183878,1658.7496337890625,4619420,INFY
2022-01-03,1658.7497778274603,1681.8594057710459,1658.7497778274603,1668.1517333984375,3329616,INFY
2022-01-04,1668.151697346698,1675.3570314082458,1650.1825005622568,1668.766845703125,3921999,INFY
2022-01-05,1669.5137232070176,1672.061949815919,1616.7922372110065,1620.878173828125,6995719,INFY
2022-01-06,1606.2478877431283,1606.2478877431283,1581.6445284122708,1597.2852783203125,6449205,INFY
2022-01-07,1595.2202481604722,1613.2773992100788,1587.619653412898,1594.2098388671875,4834389,INFY
2022-01-10,1594.8249406516995,1643.065121465988,1593.0675577969869,1626.2381591796875,7857560,INFY
2022-01-11,1629.9726844976424,1643.1530566094832,1625.7110523005758,1630.4998779296875,5142287,INFY
2022-01-12,1642.1863497006073,1659.848025074008,1634.3659749272922,1649.6990966796875,5362535,INFY
2022-01-13,1673.907008333963,1680.4971934061439,1639.9455664762318,1666.7017822265625,14277630,INFY
2022-01-14,1653.6972065268249,1698.5104677026313,1652.8185151312207,1695.30322265625,7688506,INFY
2022-01-17,1703.3870879152166,1716.8749781188799,1696.3135799399108,1704.2218017578125,5262464,INFY
2022-01-18,1688.9327940218743,1709.0548494342218,1679.574708740925,1687.74658203125,3690315,INFY
2022-01-19,1683.5728166181689,1683.5728166181689,1636.8703446421212,1640.5609130859375,5747770,INFY
2022-01-20,1620.3069609598556,1623.8217266018507,1595.2642557606387,1602.469482421875,5533463,INFY
2022-01-21,1577.2510967324367,1588.6740851767383,1560.5559597753802,1569.0792236328125,8252758,INFY
2022-01-24,1550.8901355972848,1554.0973802762983,1518.378557683914,1526.111083984375,7116712,INFY
2022-01-25,1517.1485371127924,1528.923023226851,1494.214713216816,1513.2384033203125,9137653,INFY
2022-01-27,1495.5328367763693,1502.2987179861893,1463.0212533681874,1474.971435546875,11231734,INFY
2022-01-28,1477.0802616309584,1517.9833897106614,1475.7622245146904,1481.6494140625,10998502,INFY
2022-01-31,1509.591964395572,1537.270746047761,1507.2634105184352,1525.5841064453125,8788872,INFY
2022-02-01,1551.8570483269698,1564.070881720928,1524.2661135677781,1557.0853271484375,5119935,INFY
2022-02-02,1571.9791056278098,1575.318176258429,1557.041350012565,1570.3095703125,4253717,INFY
2022-02-03,1563.191948829261,1563.191948829261,1523.6508371388077,1527.64892578125,3832922,INFY
2022-02-04,1521.8935777665583,1541.1808120164233,1502.6941912084785,1529.8896484375,4700077,INFY
2022-02-07,1513.2822233892216,1521.8934416567965,1489.7333592035418,1506.9556884765625,4310209,INFY
2022-02-08,1502.5623164200595,1515.7426876167267,1490.2606366365032,1508.976806640625,6053401,INFY
2022-02-09,1524.5295040838362,1531.5590349384013,1515.7425905156294,1526.550537109375,3867244,INFY
2022-02-10,1542.6745490801131,1558.7106668309207,1536.611557080806,1554.9322509765625,4334630,INFY
2022-02-11,1528.9230162412698,1534.1511870988509,1505.1983487478708,1512.535400390625,7551371,INFY
2022-02-14,1484.9883568052496,1510.0750373354194,1474.663733614444,1478.134521484375,7459637,INFY
2022-02-15,1492.8968567131544,1534.8543757879354,1485.384001492288,1527.385498046875,4669915,INFY
2022-02-16,1527.3853683173847,1542.4988179107663,1517.3682646277543,1523.035888671875,5350642,INFY
2022-02-17,1532.4378490996394,1536.8313062358195,1511.6129051790003,1515.5670166015625,3937950,INFY
2022-02-18,1502.5622537515017,1513.5458959572875,1496.850759804493,1499.8822021484375,5602215,INFY
2022-02-21,1494.6541280390445,1526.5506699725988,1486.3065594227182,1520.751220703125,5120890,INFY
2022-02-22,1493.6876185215017,1538.5887302005694,1485.911220635109,1523.95849609375,8878515,INFY
2022-02-23,1537.7099108964103,1544.9591147620647,1523.123655479762,1531.42724609375,5478811,INFY
2022-02-24,1485.0761236455053,1506.911580688841,1467.8537958618372,1474.5758056640625,13592379,INFY
2022-02-25,1506.9557211653544,1518.5105342990194,1473.5654486264136,1489.0303955078125,9737281,INFY
2022-02-28,1478.1347163040493,1518.4228051512885,1463.0212662482625,1507.4830322265625,15076542,INFY
2022-03-02,1502.5623753614689,1506.428639183248,1485.8672378574524,1496.23583984375,6771489,INFY
2022-03-03,1511.5247764511598,1523.5629119775879,1498.6520343318016,1512.095947265625,7344147,INFY
2022-03-04,1489.601685282867,1525.4083619826322,1477.0803320811085,1514.2490234375,9074499,INFY
2022-03-07,1491.139353523025,1538.5886906416126,1490.260662094903,1528.791259765625,9742588,INFY
2022-03-08,1509.9872022162124,1581.644529208251,1509.9872022162124,1562.489013671875,10984500,INFY
2022-03-09,1573.7363895823908,1609.411241059636,1573.7363895823908,1593.3751220703125,10193515,INFY
2022-03-10,1620.9660220308197,1620.9660220308197,1590.6071900970094,1604.4027099609375,6547182,INFY
2022-03-11,1593.9461769078878,1609.2354285026502,1591.310102745416,1600.9757080078125,4758657,INFY
2022-03-14,1609.367286068122,1665.1202128221414,1609.367286068122,1661.341796875,10289724,INFY
2022-03-15,1659.27699787109,1659.27699787109,1608.0053726067936,1616.17724609375,7140443,INFY
2022-03-16,1638.7594929307566,1664.1975665515567,1624.7004302568198,1660.1995849609375,5233979,INFY
2022-03-17,1689.9871323532464,1689.9871323532464,1610.6852372652634,1629.6209716796875,17731459,INFY
2022-03-21,1635.2447090569246,1658.0028379594185,1617.7587285984619,1628.2591552734375,8362085,INFY
2022-03-22,1625.579059476518,1660.7267148165508,1615.9134542580089,1658.442138671875,5709382,INFY
2022-03-23,1666.8775046856965,1669.5135787574188,1631.7298503960667,1645.26171875,6192824,INFY
2022-03-24,1630.9830683752546,1664.7687099000984,1630.9830683752546,1657.8270263671875,3784303,INFY
2022-03-25,1662.4843100410872,1664.241693032674,1632.608799184112,1648.9085693359375,3438588,INFY
2022-03-28,1639.6380289243905,1652.7305512508635,1627.9075210702022,1646.5797119140625,4008555,INFY
2022-03-29,1646.5798912876753,1660.1996084457126,1634.8493821555994,1657.2120361328125,3917785,INFY
2022-03-30,1678.3006231006957,1686.2088459320603,1665.1202517150882,1672.9844970703125,7795839,INFY
2022-03-31,1669.5137000617442,1680.9366885358509,1664.417246914596,1675.53271484375,5399145,INFY
2022-04-01,1657.9588459097863,1678.5642235880214,1650.4460988003643,1672.633056640625,6171518,INFY
2022-04-04,1660.5071270406477,1663.362874183329,1645.7890456129824,1654.531982421875,7364074,INFY
2022-04-05,1655.2790019404306,1660.3753480101589,1631.8618532673324,1635.3326416015625,5472024,INFY
2022-04-06,1629.9725526181892,1632.169281125761,1601.107561481124,1606.9947509765625,5407453,INFY
2022-04-07,1600.1408269501305,1606.3795136972185,1588.2784944581006,1591.3099365234375,5797544,INFY
2022-04-08,1601.854417864324,1615.0347888286492,1588.6740468999988,1594.473388671875,5131446,INFY
2022-04-11,1593.9463082740529,1593.9463082740529,1548.737675566616,1552.25244140625,8248407,INFY
2022-04-12,1544.300154299906,1544.300154299906,1518.1590848316712,1531.0758056640625,6456184,INFY
2022-04-13,1542.0594523193558,1544.3001583273306,1521.8935272961232,1536.4359130859375,6257693,INFY
2022-04-18,1410.738990878907,1449.8407567425704,1397.1192746792042,1424.710205078125,30523965,INFY
2022-04-19,1438.1101989357824,1438.1101989357824,1361.9715730908893,1372.515869140625,17044923,INFY
2022-04-20,1383.9389289365774,1402.6550983089535,1373.3946323351558,1395.0982666015625,10678747,INFY
2022-04-21,1401.5128815545488,1429.8067037193202,1396.4604056492583,1422.42578125,7766514,INFY
2022-04-22,1409.728504477574,1415.3081733294175,1390.4412714487692,1393.1212158203125,8134245,INFY
2022-04-25,1382.0057282177281,1382.0057282177281,1365.5741364473374,1371.7249755859375,7000570,INFY
2022-04-26,1385.8718676738993,1398.8765417457305,1376.5138911911388,1389.2109375,5345435,INFY
2022-04-27,1381.961856821622,1381.961856821622,1362.2791486149092,1364.4320068359375,8819356,INFY
2022-04-28,1379.5454535287045,1407.4878820528004,1368.5178339093395,1390.616943359375,9245177,INFY
2022-04-29,1397.1194023690618,1403.533892844543,1371.4616549914167,1377.392822265625,9831395,INFY
2022-05-02,1362.7624202077359,1364.387977733773,1345.2764410950936,1354.0633544921875,7072627,INFY
2022-05-04,1359.5554279531984,1379.545659645514,1344.52982470503,1349.2747802734375,6220959,INFY
2022-05-05,1370.8024136363445,1396.5919819925602,1368.5177304330361,1392.8575439453125,6144870,INFY
2022-05-06,1361.9717522559292,1372.384224522361,1348.8353579374136,1355.6890869140625,6171472,INFY
2022-05-09,1353.1847646359806,1394.3075653232786,1337.5001444983088,1379.85302734375,6832202,INFY
2022-05-10,1369.0010003005775,1378.7984294252421,1358.5006825163414,1364.6075439453125,6212545,INFY
2022-05-11,1361.927588201104,1361.927588201104,1328.2297970447912,1341.5419921875,7846080,INFY
2022-05-12,1330.3388057853947,1342.201139918884,1321.8155419424827,1325.7696533203125,7034979,INFY
2022-05-13,1334.9959664754047,1343.7389035215306,1316.3676433280884,1321.9034423828125,6723761,INFY
2022-05-16,1326.8240224148346,1328.4495800627174,1299.2770683025562,1308.4593505859375,6145331,INFY
2022-05-17,1313.5556632643759,1340.0042502931472,1301.2539849010288,1334.248779296875,6516378,INFY
2022-05-18,1337.3682641118933,1361.70797213733,1322.694161149026,1326.1209716796875,6594126,INFY
2022-05-19,1301.341796355947,1304.5929112137708,1245.6767247637058,1254.0242919921875,16561140,INFY
2022-05-20,1276.7387215514266,1288.8207294119443,1271.20292231775,1278.6279296875,10488908,INFY
2022-05-23,1278.5838689742561,1307.4928382619098,1274.1465416425442,1290.2705078125,5887569,INFY
2022-05-24,1290.446197671662,1291.2810188777573,1261.1418602736273,1266.1943359375,5693167,INFY
2022-05-25,1260.9221361098096,1267.5123214901744,1229.5089191300704,1239.3502197265625,9630092,INFY
2022-05-26,1245.9843537049899,1256.528650069207,1236.3627261774936,1251.2125244140625,13040065,INFY
2022-05-27,1268.786672685714,1289.0405566476509,1263.0313071547719,1284.075927734375,8284860,INFY
2022-05-30,1306.6140992805463,1344.3978291185176,1304.8567164973847,1341.5860595703125,10904213,INFY
2022-05-31,1341.4971403772934,1347.9795623962705,1321.4728713370666,1335.1923828125,16033857,INFY
2022-06-01,1343.539700941573,1345.0936959690998,1307.220595475762,1312.9482421875,8738508,INFY
2022-06-02,1317.787679252321,1344.2943706627866,1310.3284820297667,1339.099609375,7205840,INFY
2022-06-03,1354.1069147899177,1380.8356080966064,1347.9797125984878,1351.2652587890625,9395707,INFY
2022-06-06,1346.2035297111815,1364.4962472875359,1325.779597532186,1358.679931640625,6624883,INFY
2022-06-07,1349.6222508666924,1349.6222508666924,1334.3043022524057,1337.945068359375,4904592,INFY
2022-06-08,1349.9331029298305,1349.9331029298305,1324.89162890625,1331.99560546875,4697608,INFY
2022-06-09,1318.675759494895,1347.0472249005495,1315.5677694893513,1345.315673828125,4361061,INFY
2022-06-10,1319.6524730579197,1326.6232286366903,1308.5525092706785,1311.3941650390625,6516436,INFY
2022-06-13,1281.9126277011962,1281.9126277011962,1253.5854977400272,1264.951904296875,6987685,INFY
2022-06-14,1252.0759892436106,1286.6191002718645,1245.9932304081092,1279.204345703125,6090247,INFY
2022-06-15,1278.8933715213977,1284.3990185434857,1259.9346552426048,1262.909423828125,4651958,INFY
2022-06-16,1276.93979675799,1282.0457799508679,1236.0919312149667,1240.70947265625,6641772,INFY
2022-06-17,1235.2483238555576,1240.4874196646322,1214.0251729542306,1231.9183349609375,9692047,INFY
2022-06-20,1234.3605201667415,1263.0427639663321,1227.2120995273342,1255.76123046875,4595194,INFY
2022-06-21,1264.507932381181,1292.9238409740165,1263.3979359517734,1287.507080078125,6270787,INFY
2022-06-22,1275.2081286053715,1296.1203928082316,1274.2756884009718,1276.273681640625,6253366,INFY
2022-06-23,1278.5384065605574,1294.699912173582,1272.4999822666275,1289.771484375,6254281,INFY
2022-06-24,1294.6997999490238,1303.1357725824364,1268.8591054568187,1279.692626953125,6114340,INFY
2022-06-27,1303.6242355705597,1317.7877464947417,1301.049022203048,1309.4405517578125,4511097,INFY
2022-06-28,1304.4679496880472,1321.5618966121417,1290.2599938030853,1314.369140625,4412178,INFY
2022-06-29,1300.649368901304,1311.5717770934775,1293.8118342756918,1299.36181640625,5060038,INFY
2022-06-30,1300.960176372367,1316.0116836459267,1292.0357622839565,1298.1629638671875,9165177,INFY
2022-07-01,1291.147733707834,1318.6756427483724,1280.8025462113708,1313.702880859375,4651635,INFY
2022-07-04,1314.4577439626057,1325.1137094600226,1298.2517964352844,1321.3397216796875,4800224,INFY
2022-07-05,1330.9301027704544,1340.831183761111,1307.1317370251647,1310.6392822265625,7379669,INFY
2022-07-06,1316.1892947506883,1331.9956869281368,1305.3557731895742,1324.5809326171875,5209162,INFY
2022-07-07,1334.7040605575694,1344.3831420553722,1328.1771952712536,1330.8411865234375,3323472,INFY
2022-07-08,1345.3157123104625,1347.0472634324174,1331.9513115451052,1344.8272705078125,3652582,INFY
2022-07-11,1327.5557930054122,1331.9070008962192,1302.1590951666665,1308.153076171875,4702638,INFY
2022-07-12,1298.0742548130895,1304.1125702899615,1275.1638853794875,1277.47265625,4710356,INFY
2022-07-13,1287.5957856267937,1296.475756562151,1277.4725970808702,1282.6673583984375,5264025,INFY
2022-07-14,1288.4838556808252,1290.215406752036,1255.6279613595361,1268.814697265625,6157606,INFY
2022-07-15,1284.0439058847987,1284.0439058847987,1252.6532276522264,1270.146728515625,5620018,INFY
2022-07-18,1287.5958695188904,1326.3125236399783,1285.8643184329112,1323.0269775390625,5835171,INFY
2022-07-19,1306.7321568201792,1320.3184472133253,1305.4444960050953,1317.9208984375,3418540,INFY
2022-07-20,1333.1057497387085,1354.9061235932559,1331.9957532776436,1345.5821533203125,5079392,INFY
2022-07-21,1347.0916394538826,1363.475143060979,1334.7484577291702,1361.2108154296875,5008061,INFY
2022-07-22,1362.1875644368015,1367.5155470877928,1325.0249071257533,1337.590087890625,7020642,INFY
2022-07-25,1314.3244515105814,1347.2247865607108,1314.3244515105814,1335.1923828125,7859626,INFY
2022-07-26,1329.0209351127858,1329.0209351127858,1283.1558613643324,1288.6170654296875,7268273,INFY
2022-07-27,1288.483822375233,1308.019759034265,1283.1558396500427,1306.2882080078125,4517285,INFY
2022-07-28,1328.7989592318934,1353.7072142935083,1322.9825345301238,1347.4468994140625,6636841,INFY
2022-07-29,1361.122085160738,1381.457133330871,1356.859655449305,1376.129150390625,7009465,INFY
2022-08-01,1388.8276455859902,1388.8276455859902,1365.6509399319816,1377.328125,2983249,INFY
2022-08-02,1373.3319367159932,1373.7314920454614,1357.1703247119033,1370.7122802734375,4374635,INFY
2022-08-03,1375.5076524859794,1394.1555935461508,1367.4268997061906,1390.6923828125,6011955,INFY
2022-08-04,1409.6954786756162,1424.214210429917,1398.5510710597634,1420.7066650390625,7402209,INFY
2022-08-05,1428.2545901627868,1443.6168753071975,1422.8378294078434,1435.58056640625,5361971,INFY
2022-08-08,1435.8913682028474,1440.3313538806547,1417.2434283560572,1438.0225830078125,3763409,INFY
2022-08-10,1439.6207698334588,1439.6207698334588,1410.2280892451997,1422.9708251953125,4423829,INFY
2022-08-11,1447.4352785059941,1448.6340529159374,1435.0033190587033,1438.5108642578125,3462090,INFY
2022-08-12,1432.6057616654232,1433.2273162748345,1412.0486071656317,1415.55615234375,3562286,INFY
2022-08-16,1428.7873514369574,1428.7873514369574,1412.8921814722432,1417.6429443359375,3004430,INFY
2022-08-17,1417.643043330634,1431.4514427285992,1407.475519060068,1426.345458984375,4067324,INFY
2022-08-18,1415.5560961565852,1419.1968624345182,1397.707376873584,1405.6549072265625,4635706,INFY
2022-08-19,1407.7420347677698,1425.1467585821308,1407.564370285095,1418.2203369140625,4739884,INFY
2022-08-22,1408.3636011768147,1419.9075651208868,1397.7076344592094,1399.1728515625,3950555,INFY
2022-08-23,1374.619490522654,1380.3914715875098,1361.2995342191398,1369.646728515625,5551574,INFY
2022-08-24,1363.0756613630588,1372.8436302718494,1359.5236726689532,1365.295654296875,2888426,INFY
2022-08-25,1374.6196086818957,1375.2411633369209,1344.205705841227,1348.1129150390625,4331088,INFY
2022-08-26,1363.2088193983936,1371.911126256518,1347.4912051170422,1351.132080078125,3079136,INFY
2022-08-29,1304.0680862700244,1304.0680862700244,1287.595697947398,1298.0296630859375,8079050,INFY
2022-08-30,1308.10838825752,1328.532319714009,1301.8036310962184,1325.735107421875,6725875,INFY
2022-09-01,1296.5202209856338,1303.668532666685,1288.5282470130728,1300.205322265625,8140604,INFY
2022-09-02,1312.4596927692705,1312.4596927692705,1285.819780196146,1290.259765625,5175653,INFY
2022-09-05,1288.4839564379495,1302.691911850084,1284.3547477166785,1297.63037109375,3669352,INFY
2022-09-06,1297.6302811685841,1305.3558130293177,1283.5554395953404,1292.1246337890625,3428442,INFY
2022-09-07,1278.715746471275,1301.5816704099107,1276.9841955904926,1294.388916015625,3600574,INFY
2022-09-08,1309.7957516157421,1315.212512366536,1299.6725627710948,1310.594970703125,4061475,INFY
2022-09-09,1321.3396674929586,1349.755574320764,1314.2356907860071,1342.3408203125,4816910,INFY
2022-09-12,1354.9060300810474,1372.7547502634757,1350.7768218512558,1364.14111328125,5494819,INFY
2022-09-13,1378.0826553311847,1379.0594304149024,1368.669908200499,1371.9110107421875,4947158,INFY
2022-09-14,1329.33171750544,1331.0632685678052,1307.1317890233854,1310.1510009765625,14332197,INFY
2022-09-15,1309.7956992197146,1309.9732552773253,1268.9922765591873,1272.322265625,12784100,INFY
2022-09-16,1265.3959486362396,1265.3959486362396,1215.0908880161,1222.8165283203125,20464045,INFY
2022-09-19,1236.0919491545515,1248.5239084132897,1225.9687606499624,1234.5823974609375,6595241,INFY
2022-09-20,1250.255623540864,1255.2284946157747,1229.9649090518215,1233.028564453125,7219797,INFY
2022-09-21,1225.3473548787024,1233.2505516184503,1215.1353871043787,1222.994140625,7917054,INFY
2022-09-22,1213.3148220155867,1228.9435493746757,1207.6760620818068,1214.735595703125,9168498,INFY
2022-09-23,1214.3363069636894,1238.578676597235,1209.452321816852,1212.515869140625,10426200,INFY
2022-09-26,1207.6761385505345,1242.7075831808704,1203.2361527470398,1225.6580810546875,9414587,INFY
2022-09-27,1237.3794973619085,1248.967902705002,1223.6599857287542,1237.4683837890625,8561254,INFY
2022-09-28,1224.5481116517592,1248.390814263547,1222.7721172911329,1238.4896240234375,7022098,INFY
2022-09-29,1247.547174377518,1251.9427167580907,1236.9799869799815,1241.9971923828125,6119965,INFY
2022-09-30,1233.3835962258331,1260.3343964051253,1221.884076510353,1255.1395263671875,8120130,INFY
2022-10-03,1253.8519436659194,1253.8519436659194,1230.7640183576234,1237.64599609375,4943169,INFY
2022-10-04,1260.689463513092,1271.8338706895042,1255.6279233059583,1269.3031005859375,6631341,INFY
2022-10-06,1283.155995899196,1296.2983982475762,1282.3567767134796,1292.169189453125,6180672,INFY
2022-10-07,1284.3546126015165,1294.5665794796807,1278.8490738177404,1288.661376953125,3994466,INFY
2022-10-10,1266.5946414154234,1300.9157509967636,1266.5946414154234,1298.8289794921875,5274677,INFY
2022-10-11,1298.8288627361512,1313.9248120732866,1261.0445461830916,1264.3302001953125,12824774,INFY
2022-10-12,1276.0518156752744,1279.6925820570834,1255.2283273173289,1268.681396484375,5481467,INFY
2022-10-13,1270.7239342833766,1276.8954711779975,1256.515979742123,1260.8671875,4821514,INFY
2022-10-14,1318.6757298301836,1326.6677039503666,1302.913780870934,1309.1297607421875,14990688,INFY
2022-10-17,1311.4829914797187,1327.55571795731,1310.2397738100408,1323.0712890625,4286396,INFY
2022-10-18,1340.8755527341007,1341.7191065769207,1329.553590285518,1335.2811279296875,4692004,INFY
2022-10-19,1335.5475842083438,1336.391138059882,1315.3900942154946,1319.0751953125,3553171,INFY
2022-10-20,1309.7955344665022,1335.5474466695723,1309.0850935292592,1332.794677734375,4583939,INFY
2022-10-21,1332.2621411983666,1337.3236814941895,1324.314501823941,1332.439697265625,3594485,INFY
2022-10-24,1348.4235332441654,1351.3539668962553,1341.7635553058506,1347.8463134765625,982837,INFY
2022-10-25,1356.9483052781436,1361.2107345868535,1350.6879909536958,1355.3499755859375,3914341,INFY
2022-10-27,1374.201834673,1377.8823898027329,1357.7738493894442,1368.052490234375,6760137,INFY
2022-10-28,1369.892717518689,1371.6431919026134,1352.8363861734367,1358.447021484375,3053981,INFY
2022-10-31,1373.7079380791174,1388.205841518274,1373.7079380791174,1380.3509521484375,4542336,INFY
2022-11-01,1394.1756124417263,1413.8801201240165,1388.8342217938466,1412.084716796875,4542692,INFY
2022-11-02,1411.1871250678016,1411.8604013679294,1386.949178263202,1394.400146484375,2938906,INFY
2022-11-03,1381.3384738631173,1385.9616594777258,1365.9877968987141,1374.1568603515625,3174027,INFY
2022-11-04,1364.9104934069014,1364.9104934069014,1347.5849165055247,1359.120361328125,4509682,INFY
2022-11-07,1365.763237456549,1371.598297862103,1338.5628351175721,1353.240234375,4898592,INFY
2022-11-09,1372.5856991457824,1372.5856991457824,1347.5398034514983,1356.6065673828125,3334755,INFY
2022-11-10,1333.0870997451718,1357.3250470132657,1333.0870997451718,1348.3031005859375,3435763,INFY
2022-11-11,1388.430263614367,1412.5335307351531,1388.430263614367,1409.4813232421875,7214098,INFY
2022-11-14,1414.015013787511,1428.6026680540272,1408.0003459710574,1423.126708984375,4908813,INFY
2022-11-15,1416.438498094257,1434.3925307337452,1411.8602416877316,1430.9364013671875,3497614,INFY
2022-11-16,1433.7642672771042,1444.4020103215976,1430.4876342122222,1438.8363037109375,4497697,INFY
2022-11-17,1433.8090069491304,1438.8362237690626,1421.0167586560885,1425.0115966796875,3469515,INFY
2022-11-18,1428.8717905380126,1434.527355233414,1414.3290664394517,1430.39794921875,3126064,INFY
2022-11-21,1420.2538323357628,1425.4156170914362,1404.0503824610678,1407.7757568359375,3071764,INFY
2022-11-22,1408.4938228981273,1425.550153449475,1402.2099116423676,1422.9019775390625,3399329,INFY
2022-11-23,1426.3580731866127,1429.140926189157,1417.7401598698539,1421.1962890625,3245067,INFY
2022-11-24,1426.4480659668009,1468.6400477795382,1422.6328335688406,1463.0743408203125,5282215,INFY
2022-11-25,1464.5106951970195,1475.8217156265148,1448.7111659000468,1468.325927734375,4563255,INFY
2022-11-28,1461.4583854460668,1484.3497790755966,1454.276771758371,1457.3289794921875,3825766,INFY
2022-11-29,1455.3539549520883,1471.1086636498967,1449.8331771528563,1462.4010009765625,3131710,INFY
2022-11-30,1454.2318618548122,1477.3926101335646,1448.12755589009,1467.6973876953125,11868134,INFY
2022-12-01,1486.7734674759286,1501.49579683449,1483.272518616262,1487.5814208984375,5407928,INFY
2022-12-02,1486.5940827164045,1491.800796645968,1466.799715499316,1470.345703125,4283343,INFY
2022-12-05,1470.4354916372065,1476.5847268132813,1457.23931951971,1472.0064697265625,3824966,INFY
2022-12-06,1458.765244692734,1459.6629463817758,1443.100394052047,1447.903076171875,4822398,INFY
2022-12-07,1443.5043861676659,1457.6881173772813,1433.3603127551614,1441.2601318359375,4898087,INFY
2022-12-08,1441.260146588349,1457.7778805554876,1434.976234395189,1454.4114990234375,4206837,INFY
2022-12-09,1461.4584776596478,1461.4584776596478,1401.4022074903794,1408.763427734375,8880658,INFY
2022-12-12,1391.4374363592497,1405.7557325970877,1373.528333834033,1388.923828125,8037679,INFY
2022-12-13,1388.9239336053154,1416.1243371309986,1383.4929044328283,1411.3216552734375,6135067,INFY
2022-12-14,1420.163958342753,1425.999018854275,1412.0846437883376,1417.8299560546875,4976020,INFY
2022-12-15,1408.7632757795202,1409.3916231159728,1378.1964900565588,1382.909423828125,6443866,INFY
2022-12-16,1368.9950538345975,1390.9887448634156,1357.369860981026,1366.4814453125,9630453,INFY
2022-12-19,1353.6893559876567,1361.7238526722738,1342.1090906861166,1353.1507568359375,6222740,INFY
2022-12-20,1347.4502703396117,1360.9157960258838,1330.797859741164,1353.1058349609375,7396259,INFY
2022-12-21,1360.0180406581342,1365.4042507201466,1348.662092527513,1355.1256103515625,6236361,INFY
2022-12-22,1365.8530220311222,1373.4385569270282,1357.1004311899765,1366.3468017578125,6302640,INFY
2022-12-23,1354.3624137356346,1355.4397214479377,1340.268541890437,1343.9490966796875,6283822,INFY
2022-12-26,1347.0013761347504,1355.4397938764648,1343.2758922315616,1348.70703125,4115459,INFY
2022-12-27,1355.4847842011498,1365.8083548640152,1344.3084406644473,1359.883544921875,4860076,INFY
2022-12-28,1351.1307473515324,1368.9501033965662,1345.2059383085596,1355.6641845703125,5029860,INFY
2022-12-29,1350.1434701575076,1365.673754704515,1347.4503648313955,1362.307373046875,4624745,INFY
2022-12-30,1371.688234257162,1373.8427403112848,1350.1883218006867,1353.9136962890625,5060544,INFY
2023-01-02,1359.1202737002234,1370.341544123772,1350.1881862761663,1368.0972900390625,3801140,INFY
2023-01-03,1364.3719160112378,1375.862541681665,1360.1078329075388,1366.7957763671875,4551130,INFY
2023-01-04,1365.4041375693505,1365.4041375693505,1338.5628377347775,1341.8843994140625,7059590,INFY
2023-01-05,1351.8490596942972,1351.8490596942972,1318.948269310685,1324.28955078125,9868404,INFY
2023-01-06,1319.6215095559523,1324.1100180918568,1298.5255194372007,1300.3209228515625,6443714,INFY
2023-01-09,1300.051455589557,1336.9918995481128,1300.051455589557,1332.5931396484375,11498717,INFY
2023-01-10,1330.3939407278556,1332.0995959017448,1305.3032216437111,1319.3970947265625,7158624,INFY
2023-01-11,1319.6214032298747,1341.166242466281,1314.2351934207732,1320.7435302734375,6173092,INFY
2023-01-12,1330.3490824935222,1333.087116700985,1306.156063838339,1329.13720703125,6591385,INFY
2023-01-13,1331.7405119183861,1363.9680258321482,1317.8261351507858,1349.8292236328125,11610426,INFY
2023-01-16,1355.5295931085607,1371.6882240197885,1348.617333718516,1369.4439697265625,6073063,INFY
2023-01-17,1370.7903268138245,1384.4353471376285,1368.0972220460174,1382.0115966796875,5922644,INFY
2023-01-18,1386.7246995181722,1393.0983596644714,1382.1015138518171,1387.3082275390625,5843098,INFY
2023-01-19,1382.3707240663339,1391.0335664749514,1370.0273269921345,1381.4730224609375,6165284,INFY
2023-01-20,1380.665111024728,1386.9490224533192,1368.097288167546,1369.48876953125,6496429,INFY
2023-01-23,1377.9719689342094,1394.3999522014951,1371.7778059195255,1389.64208984375,4855020,INFY
2023-01-24,1400.414672506807,1408.3144914155778,1391.2132299470666,1393.143310546875,5200802,INFY
2023-01-25,1388.744493228618,1396.8238083152746,1381.338454399183,1385.1536865234375,4158617,INFY
2023-01-27,1387.8466742580101,1392.2902533470308,1353.195414398124,1363.743408203125,6209955,INFY
2023-01-30,1372.406405831687,1386.051427868807,1364.5065870211054,1381.3834228515625,6964719,INFY
2023-01-31,1390.450178190422,1390.450178190422,1358.2226654027863,1376.8499755859375,9448126,INFY
2023-02-01,1384.4354819888624,1395.9710362007636,1371.7330909295972,1392.425048828125,6194199,INFY
2023-02-02,1393.2329580209157,1424.607586792744,1393.2329580209157,1421.7349853515625,6916834,INFY
2023-02-03,1434.0784025458154,1440.4969913344742,1412.084711865144,1435.7840576171875,7040194,INFY
2023-02-06,1434.5272821728975,1434.5272821728975,1401.8509191605494,1409.2569580078125,4570612,INFY
2023-02-07,1408.494023406654,1414.822864476851,1396.0159473630506,1402.5692138671875,4336238,INFY
2023-02-08,1405.3520131355485,1439.0158269283195,1405.3520131355485,1427.7945556640625,7983338,INFY
2023-02-09,1432.9112588662606,1454.0521755088755,1423.7996752366064,1451.58349609375,6904911,INFY
2023-02-10,1447.9478465069383,1450.955234729636,1433.1357691390035,1443.998046875,4786762,INFY
2023-02-13,1433.6296691341104,1433.6296691341104,1405.8009153813505,1407.1025390625,4001199,INFY
2023-02-14,1422.5877904936112,1432.731863182567,1416.7079103135172,1430.26318359375,5043736,INFY
2023-02-15,1421.9595093920875,1435.4250350492096,1414.7778957082892,1433.674560546875,3465747,INFY
2023-02-16,1436.3226917714796,1449.2944372484508,1434.3926112378667,1437.9385986328125,4290289,INFY
2023-02-17,1430.936665872801,1431.8343676707138,1414.3291826114166,1421.7801513671875,2857734,INFY
2023-02-20,1422.8121596263827,1439.0157179378093,1420.6128344582553,1429.544921875,2417716,INFY
2023-02-21,1435.155504627785,1437.8037900984118,1414.777722133191,1417.919677734375,2723288,INFY
2023-02-22,1403.107837917392,1413.880258937871,1396.1955782623447,1402.0306396484375,3656244,INFY
2023-02-23,1409.256926645148,1409.256926645148,1389.7768444892642,1392.06591796875,4766854,INFY
2023-02-24,1400.4144840656777,1408.493798396826,1386.9489601804307,1392.02099609375,2790986,INFY
2023-02-27,1382.4605194389667,1382.4605194389667,1348.3478572709923,1354.901123046875,4920268,INFY
2023-02-28,1360.5568122564098,1368.0975292158796,1329.765706580787,1335.3763427734375,9679811,INFY
2023-03-01,1339.7302024162723,1347.315738873462,1329.94523077616,1343.0068359375,5125043,INFY
2023-03-02,1333.0869580251103,1336.3186620674148,1317.197682560526,1321.551513671875,4644499,INFY
2023-03-03,1334.6579262232572,1337.3959600849184,1322.3145285534606,1327.9700927734375,4615015,INFY
2023-03-06,1341.6599713901492,1364.8655358556944,1340.40316723241,1353.240234375,6561742,INFY
2023-03-08,1338.069418507106,1342.9618493256326,1329.5860710220854,1339.9993896484375,4137080,INFY
2023-03-09,1342.0639414577045,1345.0712200119858,1323.7508062262864,1328.95751953125,5104656,INFY
2023-03-10,1310.6444413069564,1323.481619051477,1308.5348642940003,1321.012939453125,3699580,INFY
2023-03-13,1314.4147222773474,1327.0724033065608,1281.9179661287412,1288.2916259765625,8798403,INFY
2023-03-14,1293.5881864305952,1300.1862721963982,1266.6571346659055,1274.7364501953125,7402784,INFY
2023-03-15,1290.894921852731,1295.2487527671929,1271.9085107865455,1274.422119140625,7556182,INFY
2023-03-16,1272.7614692311392,1272.7614692311392,1255.615279699322,1260.462890625,7323117,INFY
2023-03-17,1283.7132927675293,1295.2936653670802,1267.016064862061,1275.3646240234375,9090018,INFY
2023-03-20,1274.4667589562084,1274.4667589562084,1243.1818840091812,1260.0587158203125,8221829,INFY
2023-03-21,1255.8848065948691,1261.2710173450973,1247.805490469527,1248.433837890625,8536755,INFY
2023-03-22,1259.475478387338,1263.2907105920037,1240.7584199586402,1247.132080078125,8356487,INFY
2023-03-23,1242.3740984776875,1242.3740984776875,1229.851204859829,1233.935791015625,7607718,INFY
2023-03-24,1246.0098280458892,1255.8396167899662,1236.583961191075,1239.4117431640625,7559127,INFY
2023-03-27,1244.4390420940674,1252.967208658463,1233.5319439925304,1246.86279296875,4170193,INFY
2023-03-28,1249.6905026499728,1254.9869645456447,1235.1028501650894,1236.673828125,6633366,INFY
2023-03-29,1237.9306721291487,1247.7156427956638,1224.9589261056296,1242.0152587890625,8813966,INFY
2023-03-31,1260.37313586201,1283.6684502024389,1251.3063709749888,1281.873046875,8711975,INFY
2023-04-03,1288.2018554237902,1288.2018554237902,1261.4054833442367,1266.5223388671875,5242764,INFY
2023-04-05,1256.7823002469104,1281.469095430332,1256.7823002469104,1277.9232177734375,7506334,INFY
2023-04-06,1271.1454333092524,1282.2769547830226,1266.0733974815537,1276.44189453125,6948465,INFY
2023-04-10,1278.2820832335972,1287.3040276790762,1270.247698163105,1281.5587158203125,4993788,INFY
2023-04-11,1282.7260596530837,1286.7207886297933,1246.9077377115614,1262.3033447265625,6942255,INFY
2023-04-12,1268.497547814503,1285.0601018714028,1256.7824957177534,1282.1875,5831169,INFY
2023-04-13,1265.534971977077,1266.7020280205386,1241.5214514944475,1247.087158203125,11267238,INFY
2023-04-17,1122.396511196189,1132.1365530010617,1064.0458990402255,1129.578125,53171705,INFY
2023-04-18,1140.0362461201344,1140.0362461201344,1124.909994178881,1130.5206298828125,12430884,INFY
2023-04-19,1126.0320630409092,1126.0320630409092,1103.6344503031144,1106.14794921875,11307230,INFY
2023-04-20,1104.801324932899,1111.2199133454824,1096.452765729637,1098.2481689453125,8621249,INFY
2023-04-21,1102.4674657463806,1107.0906515432816,1095.1961036957662,1101.794189453125,8691352,INFY
2023-04-24,1102.3776114514949,1104.1730147274745,1093.4005950715969,1100.8515625,8313774,INFY
2023-04-25,1100.537247505562,1109.110341734084,1090.7074586862907,1099.5947265625,6808576,INFY
2023-04-26,1102.3777989258251,1106.8663078791062,1095.6899644185316,1101.973876953125,5680192,INFY
2023-04-27,1104.1730895812436,1120.1522236538028,1100.043683683095,1118.7607421875,8020704,INFY
2023-04-28,1127.2440014255426,1130.2064609226888,1117.5937079744554,1124.5958251953125,10118277,INFY
2023-05-02,1126.2116409241175,1148.833678512012,1126.2116409241175,1146.7689208984375,8886401,INFY
2023-05-03,1136.4904547779106,1142.3255163545746,1132.989395915365,1139.3182373046875,5549783,INFY
2023-05-04,1139.13855083866,1145.2878952710685,1133.3484185926052,1143.26806640625,4505401,INFY
2023-05-05,1148.1604275980321,1148.1604275980321,1125.9423114267645,1130.296142578125,5373791,INFY
2023-05-08,1133.3035651406553,1140.350611760026,1126.7952272539592,1136.13134765625,5260842,INFY
2023-05-09,1136.4904402427994,1141.876650860064,1131.7325770311218,1140.7095947265625,4969897,INFY
2023-05-10,1145.8265283700148,1145.8265283700148,1130.3411732804484,1134.021728515625,6515734,INFY
2023-05-11,1140.3056511286572,1145.377687946898,1124.8652248185404,1127.6031494140625,6888461,INFY
2023-05-12,1125.1344060204995,1127.5133374467855,1112.2973374345554,1117.818115234375,8292212,INFY
2023-05-15,1122.037510439261,1139.0938447715528,1118.2222777596694,1129.623046875,5534710,INFY
2023-05-16,1135.5925807167341,1143.6269666049225,1133.5727520158546,1134.9642333984375,5236469,INFY
2023-05-17,1131.6428307830922,1131.9570044864442,1115.349521720346,1119.3443603515625,10465667,INFY
2023-05-18,1129.84752035544,1130.7901511259174,1115.3496136401525,1118.5364990234375,6948732,INFY
2023-05-19,1127.5584254909388,1143.0437820321574,1124.6408945483902,1139.0938720703125,11094136,INFY
2023-05-22,1142.7292411104354,1163.0622048581356,1140.3054905530537,1160.5487060546875,7625947,INFY
2023-05-23,1166.293994801615,1179.714700851119,1164.3640238293533,1167.05712890625,7436031,INFY
2023-05-24,1163.6907159656682,1171.500676643536,1159.202207626038,1165.80029296875,4824077,INFY
2023-05-25,1162.0747750049484,1173.2960455245018,1157.361841386736,1170.9171142578125,4334121,INFY
2023-05-26,1172.398361832931,1188.063211884976,1172.398361832931,1182.677001953125,5521606,INFY
2023-05-29,1196.3668378156449,1196.3668378156449,1175.8543788695222,1179.93896484375,4419365,INFY
2023-05-30,1180.4776039676979,1190.7114241239608,1175.2260715243845,1188.4222412109375,6274719,INFY
2023-05-31,1184.8316796350223,1194.930824721551,1179.7148232909426,1183.4403076171875,17800782,INFY
2023-06-01,1187.255245513223,1193.4942275405426,1183.2604078098132,1184.5172119140625,4277841,INFY
2023-06-02,1190.8857617337856,1194.4338775054596,1179.104315999841,1181.7880859375,10909311,INFY
2023-06-05,1186.3368642798964,1191.2950529177192,1180.2414662246276,1186.791748046875,5002553,INFY
2023-06-06,1172.3265202842344,1172.3265202842344,1158.134167776339,1163.5927734375,10008100,INFY
2023-06-07,1174.0549594386935,1177.2391456905614,1166.7768194344242,1172.644775390625,5397578,INFY
2023-06-08,1170.1430477667195,1175.4197442918237,1165.5032551977433,1167.0499267578125,5034942,INFY
2023-06-09,1166.7767889359425,1166.7767889359425,1149.9460906160089,1151.7200927734375,5339073,INFY
2023-06-12,1158.5889785796096,1178.785773831074,1158.1340948031748,1175.3741455078125,4785588,INFY
2023-06-13,1182.6069242988215,1188.611368241848,1180.0141088524708,1187.1102294921875,4846587,INFY
2023-06-14,1188.474840185205,1188.7932366228665,1176.5113744554915,1183.061767578125,3457981,INFY
2023-06-15,1177.1937141878004,1177.1937141878004,1166.9134071805377,1170.68896484375,6161155,INFY
2023-06-16,1170.8709985269152,1184.0626298234502,1165.4579252792078,1175.1014404296875,8536287,INFY
2023-06-19,1177.2392578125,1182.2429795419966,1170.9164175038359,1177.2392578125,4451787,INFY
2023-06-20,1177.2392998592454,1187.2467436756685,1174.6009515510648,1185.7911376953125,4009180,INFY
2023-06-21,1182.6522836320391,1186.154977548267,1178.1489786763307,1182.1064453125,4041529,INFY
2023-06-22,1173.0543732215287,1173.0543732215287,1158.5890460770524,1165.9127197265625,6676607,INFY
2023-06-23,1161.27275111336,1163.9110992338817,1149.354818354435,1150.85595703125,7239467,INFY
2023-06-26,1155.6321899905513,1159.0438181837924,1148.3540498449702,1155.72314453125,3403244,INFY
2023-06-27,1164.5025282959484,1166.322063496411,1159.2258317923613,1163.729248046875,3240024,INFY
2023-06-28,1173.600249850804,1179.695648586696,1165.7762703962558,1176.64794921875,5662358,INFY
2023-06-30,1190.1578094473005,1218.0877385740087,1186.7461812925758,1214.9945068359375,12821692,INFY
2023-07-03,1209.9907163588139,1224.546995653356,1208.580532379916,1213.3568115234375,7732412,INFY
2023-07-04,1223.0006455219911,1224.5472060405089,1211.2646211133026,1223.77392578125,5797775,INFY
2023-07-05,1235.3278393695025,1235.4187939129251,1219.9982784398992,1225.7298583984375,5414936,INFY
2023-07-06,1221.4084327344483,1225.8662047537898,1216.495665897886,1222.6365966796875,5963897,INFY
2023-07-07,1213.6300129632032,1224.365315371182,1205.7605007879629,1210.1728515625,6295647,INFY
2023-07-10,1215.9498311998555,1220.8170652524432,1200.256341377616,1209.217529296875,3940315,INFY
2023-07-11,1213.129595917475,1229.0051076173486,1207.2616391546826,1226.91259765625,6126128,INFY
2023-07-12,1229.0960058756348,1229.9148189122855,1207.26158386156,1212.9931640625,8102770,INFY
2023-07-13,1214.4487694545699,1252.5680534152623,1210.7641663190607,1241.9237060546875,9977644,INFY
2023-07-14,1256.0705566992494,1300.9675618860852,1256.0705566992494,1297.282958984375,12833381,INFY
2023-07-17,1297.282891302177,1327.3052180870611,1286.6841890241146,1294.5535888671875,11569884,INFY
2023-07-18,1304.6067308473641,1344.5909722136412,1300.0578928736984,1342.089111328125,16743977,INFY
2023-07-19,1351.9146708665796,1363.559740717556,1328.8975058703597,1341.8616943359375,13687062,INFY
2023-07-20,1338.2681331891117,1338.2681331891117,1310.7021306189188,1318.7081298828125,8347221,INFY
2023-07-21,1201.0751601871634,1228.1862795203028,1187.2467368696261,1211.446533203125,45548305,INFY
2023-07-24,1219.998361010124,1228.0953149237007,1213.8574296627578,1215.995361328125,8859789,INFY
2023-07-25,1216.359245637285,1221.681363730559,1204.759709076421,1214.17578125,6801982,INFY
2023-07-26,1221.817896357927,1228.186269607745,1218.5427551834298,1227.1400146484375,5528885,INFY
2023-07-27,1236.0101907567564,1240.7410487249037,1225.5024420215238,1231.052001953125,9191861,INFY
2023-07-28,1231.6887088868766,1240.7863838959101,1215.4493812068724,1219.5433349609375,6122735,INFY
2023-07-31,1227.048864661413,1235.0093299557873,1212.9474689970928,1233.3717041015625,7902180,INFY
2023-08-01,1239.1033148368012,1245.4716872331724,1234.5544774108216,1242.0145263671875,6064652,INFY
2023-08-02,1245.7447635687552,1248.1555587567932,1226.7760211098619,1234.4180908203125,7419145,INFY
2023-08-03,1228.186202359877,1243.2428998554956,1227.2764348025732,1241.1959228515625,6503741,INFY
2023-08-04,1245.380890015176,1260.8469392172133,1239.1034713632262,1253.9781494140625,5712345,INFY
2023-08-07,1262.666360213914,1269.1256873794193,1252.7498720583947,1267.30615234375,3729093,INFY
2023-08-08,1267.1696952534337,1267.8065991644844,1259.482203966465,1264.7587890625,4161877,INFY
2023-08-09,1259.1183508602219,1270.0355619948482,1257.7536994683937,1268.5799560546875,4090828,INFY
2023-08-10,1266.0324754708959,1269.8535657391153,1260.5738702782457,1263.758056640625,3873025,INFY
2023-08-11,1266.396413303026,1270.8087636526227,1243.6977576448737,1248.0645751953125,5783517,INFY
2023-08-14,1248.0646177377491,1269.1257591782453,1242.378570429603,1267.806640625,4304135,INFY
2023-08-16,1283.5003262381551,1291.8246119177631,1278.5875584062428,1290.5054931640625,7735313,INFY
2023-08-17,1291.8699868845008,1291.8699868845008,1279.1332405349353,1284.1824951171875,5618346,INFY
2023-08-18,1277.0408006474313,1281.589638878783,1261.0744450887594,1263.4853515625,5134103,INFY
2023-08-21,1264.3496379582555,1280.0431304963236,1261.9842641926284,1278.5875244140625,3032722,INFY
2023-08-22,1277.9504163795991,1279.1786914005518,1270.626854331071,1277.086181640625,2890714,INFY
2023-08-23,1288.2309000421885,1288.7767383819312,1278.8148277508842,1280.9072265625,2559125,INFY
2023-08-24,1293.2345299499723,1296.4642490688886,1286.820624510391,1295.14501953125,5171963,INFY
2023-08-25,1285.5016097963642,1294.14440193583,1284.0460038576823,1291.9609375,4307172,INFY
2023-08-28,1291.9610192819164,1296.2369938760085,1284.0460851385783,1287.91259765625,3133464,INFY
2023-08-29,1295.509057691945,1295.8729869417455,1287.594124022955,1289.7320556640625,3074444,INFY
2023-08-30,1298.2383261733323,1307.0176054605395,1295.5090234553786,1305.6529541015625,3070887,INFY
2023-08-31,1305.6529176191962,1314.523151204695,1299.739428562197,1305.92578125,9792735,INFY
2023-09-01,1301.8320893019156,1315.5241380657235,1299.3302280434918,1313.568115234375,3582133,INFY
2023-09-04,1312.794790811174,1337.3585187057697,1305.2436744805843,1332.900634765625,4609014,INFY
2023-09-05,1332.8094095252152,1346.5014550487228,1325.0763856474239,1345.4552001953125,5496840,INFY
2023-09-06,1348.1845184505673,1349.0942859762029,1331.2628646848657,1344.135986328125,5075786,INFY
2023-09-07,1337.9043673082444,1340.451761309344,1330.1259200490667,1333.9013671875,4411743,INFY
2023-09-08,1331.4449464210497,1341.6798324116455,1328.4426687748935,1336.9945068359375,3125838,INFY
2023-09-11,1336.994432557999,1344.6820353527714,1332.3546400444875,1343.226318359375,4182226,INFY
2023-09-12,1348.7304447397828,1368.2904478169532,1343.8176775697427,1365.652099609375,6793161,INFY
2023-09-13,1369.2002453382354,1369.2002453382354,1354.3255672096375,1363.1502685546875,4804686,INFY
2023-09-14,1369.200240762729,1376.0690305788348,1363.8781225031132,1370.9742431640625,6444213,INFY
2023-09-15,1381.0272468920564,1381.3911761511094,1372.839338313645,1375.2047119140625,8657816,INFY
2023-09-18,1369.1093400919283,1369.1093400919283,1353.7342448047293,1357.19140625,3991916,INFY
2023-09-20,1342.9989700048607,1360.193600922578,1342.9989700048607,1355.78125,4169337,INFY
2023-09-21,1352.4151068014573,1368.7909240446215,1342.8170139394665,1366.2435302734375,6779195,INFY
2023-09-22,1357.2821697249913,1370.9741041105199,1351.186660777571,1361.148681640625,5455613,INFY
2023-09-25,1355.417217832278,1355.417217832278,1338.7685376167728,1341.1339111328125,4217863,INFY
2023-09-26,1345.6826275575102,1346.3649531864253,1327.3507901162034,1328.8519287109375,3996528,INFY
2023-09-27,1324.6215850268404,1336.994401796738,1319.2085123948889,1334.6290283203125,3863586,INFY
2023-09-28,1335.4478965364908,1339.7237598799838,1305.51651996519,1309.56494140625,5814602,INFY
2023-09-29,1302.8780821778992,1316.251731755555,1288.2308468786073,1305.92578125,6068968,INFY
2023-10-03,1306.4717573853966,1307.3359921507258,1292.142918222993,1304.606689453125,4181867,INFY
2023-10-04,1296.41872564626,1319.1173810169118,1290.2322620419864,1314.022705078125,4510406,INFY
2023-10-05,1320.982497846701,1342.4985228636597,1319.3448718155562,1331.3992919921875,7384621,INFY
2023-10-06,1336.9036191822188,1350.5501345192267,1331.2631039318392,1345.2734375,3598672,INFY
2023-10-09,1332.7185470073355,1356.4634585781648,1330.2621079137662,1342.3165283203125,3567552,INFY
2023-10-10,1350.0042495921527,1361.9221836979577,1336.539643834747,1360.2391357421875,5688951,INFY
2023-10-11,1361.9220140294271,1381.254574348816,1347.7750842911132,1359.556640625,7220129,INFY
2023-10-12,1357.2821666354187,1368.6542604790434,1320.9824208754478,1333.2642822265625,11081662,INFY
2023-10-13,1278.2234711912276,1308.2458018313064,1273.6746332154582,1302.013916015625,17973439,INFY
2023-10-16,1302.877974252616,1313.3403001791105,1300.9674847728108,1304.7430419921875,4850745,INFY
2023-10-17,1310.2928671016498,1322.2108011891066,1308.291422679862,1312.2943115234375,3923764,INFY
2023-10-18,1311.8849145317179,1322.8021260257406,1308.5642404911625,1310.5657958984375,4264837,INFY
2023-10-19,1297.4195403384058,1309.746935628435,1297.4195403384058,1304.288330078125,6795691,INFY
2023-10-20,1300.9676812379575,1308.700705916645,1296.6462850939854,1298.4658203125,3928622,INFY
2023-10-23,1296.964582762976,1303.1055136577397,1278.4508355358098,1281.5440673828125,2636516,INFY
2023-10-25,1289.2390579545506,1292.5105816192142,1254.4969210469303,1262.5604248046875,6940777,INFY
2023-10-26,1248.7371699932087,1266.2003688015045,1246.9400932403355,1252.7918701171875,6357656,INFY
2023-10-27,1256.662518290247,1276.337444851252,1256.662518290247,1272.05224609375,4634358,INFY
2023-10-30,1272.0521334622172,1272.0521334622172,1256.155513264206,1269.0111083984375,2667696,INFY
2023-10-31,1271.6834287710847,1272.7893480503349,1256.0633173275878,1261.0396728515625,3451595,INFY
2023-11-01,1265.3249033766447,1269.379603358429,1245.6038569027073,1247.90771484375,3090672,INFY
2023-11-02,1262.514333895597,1268.32010174213,1254.8194697606157,1262.652587890625,3758060,INFY
2023-11-03,1271.775812861255,1282.788209750896,1269.6562183795236,1280.0697021484375,3349045,INFY
2023-11-06,1284.5391312922866,1296.8417109189295,1281.6823697767961,1293.20166015625,2736381,INFY
2023-11-07,1290.1604881630135,1295.5976155760281,1285.4145181543718,1294.1231689453125,2272209,INFY
2023-11-08,1294.7681818070128,1294.7681818070128,1277.6735106371746,1281.8665771484375,3550635,INFY
2023-11-09,1286.3822848162356,1287.8567315630594,1262.5604135682283,1266.937744140625,5498051,INFY
2023-11-10,1262.46802069147,1265.4170263311844,1254.2202543175401,1261.454345703125,2943649,INFY
2023-11-13,1271.5912989072524,1273.9872886097166,1263.2974105189112,1265.78564453125,3462092,INFY
2023-11-15,1289.2389232333946,1303.062071087934,1283.7096640915788,1299.836669921875,8551860,INFY
2023-11-16,1304.9974712878286,1339.3710820771903,1299.9289830342973,1331.5379638671875,6673907,INFY
2023-11-17,1327.9898053316556,1337.1591147047359,1322.4605464148888,1324.764404296875,4901251,INFY
2023-11-20,1328.8652717092657,1338.0807035519097,1321.1704086192708,1323.888916015625,3584210,INFY
2023-11-21,1328.8653376978914,1336.2376835381015,1324.0272357402534,1326.1007080078125,3793135,INFY
2023-11-22,1323.5202369954038,1344.4853438157159,1323.5202369954038,1343.4256591796875,3108786,INFY
2023-11-23,1352.733312304696,1352.733312304696,1334.1180718038254,1335.5465087890625,3186928,INFY
2023-11-24,1332.1369430585005,1338.679877895318,1321.3548191084903,1324.6263427734375,2973195,INFY
2023-11-28,1330.7083049952287,1331.6298481427323,1315.0881936422663,1329.51025390625,3755373,INFY
2023-11-29,1337.2512338613426,1346.0980255458026,1336.0532952698873,1345.0843505859375,3875778,INFY
2023-11-30,1339.2328098678681,1346.0522528330398,1335.823144631822,1340.9837646484375,10120867,INFY
2023-12-01,1345.3608832594507,1345.3608832594507,1332.6896647955414,1338.357177734375,3489187,INFY
2023-12-04,1345.8677509348179,1356.4194883018783,1335.592634024112,1349.4617919921875,5511948,INFY
2023-12-05,1350.798062419795,1351.8117374373267,1328.8652893459846,1339.877685546875,5123039,INFY
2023-12-06,1342.4580969426866,1361.1193473034825,1337.2053455420607,1358.6312255859375,5269178,INFY
2023-12-07,1357.2949393135057,1357.2949393135057,1347.1119540015106,1350.8902587890625,4424453,INFY
2023-12-08,1355.0371580856024,1377.4305905862009,1351.2127312666094,1374.1591796875,6323433,INFY
2023-12-11,1373.0993558033465,1380.471701337861,1365.727010268832,1371.717041015625,3862018,INFY
2023-12-12,1361.5800891380788,1373.0993792323097,1352.5029110424384,1360.243896484375,6103494,INFY
2023-12-13,1360.1979540712343,1360.2440762349331,1320.7098449086366,1335.3162841796875,8549258,INFY
2023-12-14,1348.5863495012065,1392.4517835867966,1346.697140932601,1383.6510009765625,12489858,INFY
2023-12-15,1403.5564479809898,1463.917528966799,1401.6672393803897,1454.5638427734375,18395389,INFY
2023-12-18,1444.9337442546357,1468.0184484698,1437.884028140626,1441.6162109375,6467243,INFY
2023-12-19,1446.9149134299466,1450.4628321473872,1422.1715017334877,1436.040771484375,4221721,INFY
2023-12-20,1442.2611198785871,1459.2635456213156,1409.9609881911038,1415.85888671875,6592367,INFY
2023-12-21,1401.8977151314416,1425.3049369492605,1401.8977151314416,1415.490478515625,5319038,INFY
2023-12-22,1414.522587091421,1443.1365463701209,1403.5101916485912,1440.27978515625,6741060,INFY
2023-12-26,1414.5688833319446,1426.5489455360587,1403.5103643743007,1422.816650390625,6878067,INFY
2023-12-27,1422.862643983342,1446.8227662265847,1422.862643983342,1444.1502685546875,4225849,INFY
2023-12-28,1445.855092876647,1445.855092876647,1432.9996108186176,1440.0494384765625,5702253,INFY
2023-12-29,1420.1442885580782,1437.1005945803086,1419.1766231359832,1421.84912109375,4388990,INFY
2024-01-01,1418.255071679868,1434.8428502960069,1414.7992844681723,1429.6361083984375,2808451,INFY
2024-01-02,1424.7057474638627,1427.6086309615123,1403.5102544550214,1414.015869140625,5396313,INFY
2024-01-03,1400.6996635455614,1400.6996635455614,1371.2564007445471,1373.0994873046875,7550363,INFY
2024-01-04,1386.8763509676678,1400.5152349032498,1375.7718232468026,1394.018310546875,7056038,INFY
2024-01-05,1388.5352963045564,1418.9001014903272,1388.0745246781073,1412.3111572265625,8895403,INFY
2024-01-08,1408.9935731336889,1415.4904983479466,1394.525388427754,1403.326171875,4440136,INFY
2024-01-09,1420.9274616897512,1431.1565685607613,1406.1366485499625,1409.3160400390625,4412074,INFY
2024-01-10,1405.3072902245185,1414.983494047482,1386.9225479581153,1400.653564453125,4096845,INFY
2024-01-11,1405.261293276588,1405.3534251009314,1369.9661425866611,1376.9698486328125,11296088,INFY
2024-01-12,1439.450434041234,1491.056851650907,1433.368271607278,1486.21875,26754401,INFY
2024-01-15,1515.8925107048797,1534.3233755421343,1507.6447436874366,1522.4815673828125,13228305,INFY
2024-01-16,1515.7541473392093,1519.1638118377712,1497.5075488240086,1503.543701171875,6500917,INFY
2024-01-17,1493.1303945709744,1518.2424471875822,1493.1303945709744,1511.51513671875,9209876,INFY
2024-01-18,1513.7729287969016,1519.6247054977496,1500.5026844916376,1513.726806640625,6375464,INFY
2024-01-19,1522.0207083253042,1534.830181149936,1515.1552565650597,1529.0244140625,4522736,INFY
2024-01-23,1520.6384796288353,1543.3084208611072,1509.2113209406687,1513.312255859375,9401255,INFY
2024-01-24,1529.6695716902016,1548.1925674088009,1515.938555587784,1543.9534912109375,8999681,INFY
2024-01-25,1541.6956238359799,1548.6994420250173,1527.9185982399085,1538.147705078125,8865304,INFY
2024-01-29,1534.5077798990815,1547.5936491768944,1518.3346507098104,1526.6285400390625,4253785,INFY
2024-01-30,1532.0195441969254,1557.4081059509288,1518.933674931135,1521.882568359375,4995943,INFY
2024-01-31,1518.93364206389,1536.4429635862402,1509.5799556993886,1530.5911865234375,6763779,INFY
2024-02-01,1529.3470709031976,1545.4279548337279,1520.8688059210901,1527.043212890625,5760011,INFY
2024-02-02,1535.3371760388302,1583.6720744845543,1534.3695106294924,1560.4952392578125,7858483,INFY
2024-02-05,1561.785455468717,1567.3147150838886,1549.8975247974827,1554.8277587890625,3634135,INFY
2024-02-06,1554.4129683538292,1597.034340689009,1542.6171705805966,1593.7628173828125,7694265,INFY
2024-02-07,1593.3482914120157,1593.3482914120157,1554.5052206294124,1560.8638916015625,4613877,INFY
2024-02-08,1564.7803892211357,1572.4752526176906,1550.7729772594932,1559.34326171875,5919715,INFY
2024-02-09,1552.5238399589869,1560.080561966992,1529.577503446997,1538.378173828125,4600004,INFY
2024-02-12,1539.2996220000239,1560.1264752853303,1539.2996220000239,1548.28466796875,3555808,INFY
2024-02-13,1550.9571831806093,1556.5785741207376,1532.9870910403704,1552.3856201171875,2696481,INFY
2024-02-14,1529.9460822117326,1538.470357405494,1507.1840085834583,1535.475341796875,3768579,INFY
2024-02-15,1545.428005093551,1555.3345948697918,1531.2362167759502,1544.8289794921875,4834391,INFY
2024-02-16,1556.4863775731233,1574.9172405402414,1555.5187122701257,1568.1439208984375,4880654,INFY
2024-02-19,1571.2310457966014,1577.2210761764713,1555.2883045575709,1566.3929443359375,3690993,INFY
2024-02-20,1552.800253854097,1561.3245282446908,1537.825177221973,1553.0306396484375,3706389,INFY
2024-02-21,1542.6633157025528,1542.6633157025528,1516.2150708785946,1525.660888671875,4300508,INFY
2024-02-22,1534.3693157186938,1552.4315386183323,1515.3855496864917,1549.4365234375,5841277,INFY
2024-02-23,1563.8587905950133,1565.194983220865,1540.728079066558,1545.2896728515625,5373072,INFY
2024-02-26,1543.5387967991637,1543.5387967991637,1515.938621902185,1529.9000244140625,2782438,INFY
2024-02-27,1530.683233844853,1539.9907975363865,1523.1266247075048,1533.0792236328125,5159088,INFY
2024-02-28,1538.9772213327412,1555.380736114235,1531.6509975218291,1540.129150390625,3188916,INFY
2024-02-29,1534.369410109207,1550.2660301238518,1523.5873997921522,1542.5711669921875,7814722,INFY
2024-03-01,1538.0556768856939,1540.7741844629486,1521.4678984651173,1524.8775634765625,6387291,INFY
2024-03-04,1527.7803779385492,1533.8625405850848,1505.479077403563,1508.75048828125,4445156,INFY
2024-03-05,1505.8015436860508,1508.8886908149464,1476.3121621695554,1480.4591064453125,4596579,INFY
2024-03-06,1477.049450044554,1493.0382016771937,1452.352047887815,1490.6422119140625,6420684,INFY
2024-03-07,1489.7666719434026,1500.686936051952,1478.339514092148,1489.62841796875,6348359,INFY
2024-03-11,1481.9796685740168,1487.186409973432,1463.4105512344881,1475.02197265625,6752895,INFY
2024-03-12,1474.46925768503,1497.5078398363585,1472.3036534614205,1486.4031982421875,4614222,INFY
2024-03-13,1486.3570462420234,1497.046924837975,1473.1329238521018,1484.9747314453125,5688997,INFY
2024-03-14,1487.7393497230903,1527.6882245455754,1481.8414508033693,1523.58740234375,8803799,INFY
2024-03-15,1512.3444475668186,1516.6757678865583,1491.3793408128192,1505.801513671875,11809997,INFY
2024-03-18,1502.11543929507,1504.5575513115562,1473.4093456712776,1476.9112548828125,4958904,INFY
2024-03-19,1467.4194357537194,1473.5477211325924,1435.7644462317567,1438.9437255859375,6870411,INFY
2024-03-20,1440.371958643916,1451.3843544053573,1430.5575014942751,1432.9534912109375,4759059,INFY
2024-03-21,1441.2936639483573,1453.2276042120811,1422.309895221054,1432.7232666015625,11062497,INFY
2024-03-22,1401.6672315575609,1408.9474454626866,1380.6560012352104,1390.470458984375,14673890,INFY
2024-03-26,1374.9424783172167,1389.1802760076575,1371.164173630106,1375.54150390625,8351081,INFY
2024-03-27,1378.628657389427,1381.3932870499673,1365.3124028550521,1367.431884765625,6857402,INFY
2024-03-28,1370.472857803067,1393.188917951044,1370.472857803067,1380.5177001953125,12499530,INFY
2024-04-01,1405.353474561426,1409.9150687111335,1375.6798265220143,1378.121826171875,6580002,INFY
2024-04-02,1368.353462463362,1376.0023163808078,1364.6672894897633,1366.5103759765625,7279400,INFY
2024-04-03,1362.9623414349414,1377.7991638971826,1359.2761687738598,1364.48291015625,8736248,INFY
2024-04-04,1373.6063812324333,1378.306229462609,1352.825535267705,1370.058349609375,11186915,INFY
2024-04-05,1363.93009899174,1370.0582714607572,1360.24392608138,1363.0545654296875,5072482,INFY
2024-04-08,1366.6486630791478,1373.97488704448,1358.4469055155266,1360.8428955078125,6610887,INFY
2024-04-09,1373.0993855776476,1395.0321590156452,1370.6112639030227,1377.56884765625,9423230,INFY
2024-04-10,1382.6372778632074,1391.3919380114644,1368.076963217734,1388.581298828125,6744595,INFY
2024-04-12,1386.001183911433,1388.5815502616929,1363.42337207245,1368.261474609375,12275616,INFY
2024-04-15,1363.884010132131,1374.8964069734686,1346.420810540168,1352.9637451171875,8531224,INFY
2024-04-16,1337.1591322439795,1340.9835588768526,1302.1866141339272,1303.4766845703125,16173541,INFY
2024-04-18,1309.6051010829012,1331.3534994670702,1297.072135276183,1307.9002685546875,22107945,INFY
2024-04-19,1276.3373231980736,1314.903883353496,1270.5776782377934,1300.52783203125,20603621,INFY
2024-04-22,1308.4990144802666,1324.1191243630308,1302.1864670126295,1320.3408203125,5859087,INFY
2024-04-23,1329.786912241484,1333.334831262017,1320.571479724218,1329.2340087890625,4856174,INFY
2024-04-24,1330.985003306902,1330.985003306902,1315.0883817387778,1318.498046875,4268213,INFY
2024-04-25,1308.5913232271268,1331.5377710414832,1308.5913232271268,1325.59375,9089398,INFY
2024-04-26,1326.7457701482465,1331.9986341616486,1315.0422158870554,1318.0372314453125,8062444,INFY
2024-04-29,1317.7606297548816,1326.8379201034072,1316.1940513407444,1322.18408203125,5055957,INFY
2024-04-30,1322.1380131744238,1323.8429581264434,1306.3336369406475,1309.0982666015625,6936588,INFY
2024-05-02,1302.1404919784582,1312.2774667921617,1301.0806948402314,1303.4766845703125,10076354,INFY
2024-05-03,1310.526523531366,1313.0147575937467,1293.1093350669514,1305.181640625,8842345,INFY
2024-05-06,1308.5914366893924,1332.27505360971,1305.9189387214822,1314.028564453125,6445422,INFY
2024-05-07,1313.1530130338447,1330.1094313833817,1304.536606119083,1327.897705078125,6080661,INFY
2024-05-08,1322.6448266752147,1326.791770914921,1313.751912640343,1315.318603515625,6234983,INFY
2024-05-09,1315.5490256671164,1336.1915031252968,1313.0607915586831,1326.6075439453125,6088406,INFY
2024-05-10,1322.4604966710783,1323.289795482951,1302.1404259190676,1313.1068115234375,8777481,INFY
2024-05-13,1313.1990668474873,1313.1990668474873,1300.481725623948,1311.7706298828125,3735954,INFY
2024-05-14,1314.489298423798,1321.2626187308836,1306.7944348778417,1312.922607421875,3463230,INFY
2024-05-15,1314.1206697254095,1319.4656655532185,1307.2552175350827,1308.5452880859375,4327544,INFY
2024-05-16,1321.4469884047705,1341.5366776212318,1315.0423073779823,1339.324951171875,9249145,INFY
2024-05-17,1342.6885398437046,1342.6885398437046,1326.33114685659,1330.9849853515625,7542860,INFY
2024-05-21,1317.8066770242508,1331.3533160495845,1316.3322305136044,1321.631103515625,6752663,INFY
2024-05-22,1316.6548867308702,1345.406990441256,1315.963729310014,1340.6611328125,7173285,INFY
2024-05-23,1340.5688666610595,1362.17912249703,1336.2376585581328,1356.8802490234375,8641428,INFY
2024-05-24,1353.0559600866482,1359.7371490603434,1345.453227806236,1350.153076171875,5277938,INFY
2024-05-27,1356.373369267408,1363.5153292403581,1345.6834903871545,1355.91259765625,5821844,INFY
2024-05-28,1359.7369459532367,1360.1977175377685,1345.7295347806962,1351.949951171875,6186922,INFY
2024-05-29,1350.4295268928772,1350.521658721026,1336.237738072663,1337.1131591796875,7401634,INFY
2024-05-30,1329.6025651299135,1336.0993771509409,1310.0197722599248,1315.456787109375,9663150,INFY
2024-05-31,1325.1858078435043,1350.5182603744363,1315.9739443356261,1322.4598388671875,37113815,INFY
2024-06-03,1353.5731158092904,1353.5731158092904,1319.7337879140582,1321.519775390625,10589244,INFY
2024-06-04,1324.4336953647442,1330.0735833506835,1276.8236180013437,1310.0050048828125,13736134,INFY
2024-06-05,1316.1149378567663,1351.6932097544602,1316.1149378567663,1344.267333984375,9233424,INFY
2024-06-06,1358.2259161135482,1385.814458709679,1351.2231014159079,1383.887451171875,12660930,INFY
2024-06-07,1392.1124223339962,1447.289283385155,1388.5874921626576,1441.555419921875,24075302,INFY
2024-06-10,1433.753506313127,1437.9834221145236,1407.434030215548,1409.7369384765625,6810606,INFY
2024-06-11,1410.0190163300265,1416.0348049461413,1404.2850385180848,1405.97705078125,4853054,INFY
2024-06-12,1416.5519427607585,1418.1969101793593,1393.7573942458623,1396.060302734375,9564320,INFY
2024-06-13,1405.27206045412,1414.6718735675256,1399.9611430962834,1404.2850341796875,7307565,INFY
2024-06-14,1413.4498626747718,1413.4498626747718,1396.8592841989566,1399.5382080078125,4237727,INFY
2024-06-18,1407.151975588544,1416.5517883847267,1405.6480284899164,1408.2799072265625,5420939,INFY
2024-06-19,1414.6718886285164,1424.6827126496337,1406.8699977638037,1420.6407470703125,5493456,INFY
2024-06-20,1425.2937600659554,1426.4216917830183,1409.1260120772156,1424.44775390625,7927010,INFY
2024-06-21,1452.2712899886412,1464.256053061363,1432.2496398990345,1440.70947265625,17301941,INFY
2024-06-24,1433.0485032665965,1437.3253492351942,1424.4476516241698,1435.492431640625,5564989,INFY
2024-06-25,1434.4115183965616,1451.237207255743,1429.1006009006553,1449.4041748046875,4551525,INFY
2024-06-26,1448.5114104489403,1455.8902418622927,1442.8715217645188,1448.2293701171875,4851004,INFY
2024-06-27,1446.114304702132,1483.6666295895413,1440.0985156795878,1478.919677734375,14757754,INFY
2024-06-28,1478.1676356666337,1493.1602914681441,1470.3657449978248,1472.7156982421875,8197544,INFY
2024-07-01,1465.900805673246,1503.876072321398,1465.900805673246,1495.322265625,6801771,INFY
2024-07-02,1500.3983274471718,1535.7417213583608,1491.280553383894,1523.7569580078125,10493173,INFY
2024-07-03,1527.469729765856,1537.8095248596555,1509.6100836947476,1529.7257080078125,7269965,INFY
2024-07-04,1530.4776709701966,1560.3691254148293,1530.2897205875556,1551.580322265625,8008311,INFY
2024-07-05,1552.3320687468383,1565.8678223873435,1535.3184302011182,1548.5721435546875,7065022,INFY
2024-07-08,1544.483343885064,1566.008939897241,1541.5694246287367,1561.9200439453125,5880533,INFY
2024-07-09,1560.2750121000736,1566.7138611771477,1551.9091554243114,1557.6900634765625,5191182,INFY
2024-07-10,1557.5490553427878,1573.5287378659184,1539.2664644712022,1549.32421875,9852770,INFY
2024-07-11,1556.6090643284788,1565.0688961998292,1543.4963708254108,1553.507080078125,8857679,INFY
2024-07-12,1579.1686539269024,1616.5329122564228,1566.6199259649964,1609.0130615234375,17078316,INFY
2024-07-15,1622.5957659620963,1624.2877782953476,1600.4592739409936,1604.59521484375,6942230,INFY
2024-07-16,1615.4519041715741,1633.593589888385,1597.9682742375035,1622.454833984375,6886281,INFY
2024-07-18,1615.827863817848,1659.4430193327232,1615.827863817848,1652.5341796875,11248896,INFY
2024-07-19,1733.3255702708213,1733.3255702708213,1679.2295989019908,1685.3394775390625,29819116,INFY
2024-07-22,1692.1074068427617,1713.5859571917674,1685.3394724496927,1702.1651611328125,8462126,INFY
2024-07-23,1701.3662125939957,1729.5186076175692,1676.2217119382558,1726.6517333984375,7113056,INFY
2024-07-24,1727.2156416274588,1731.7745279912915,1710.3899533806657,1723.878662109375,6002845,INFY
2024-07-25,1710.7660645530111,1721.0118842620095,1703.246213719811,1715.324951171875,5815599,INFY
2024-07-26,1715.7949342558115,1769.9848820315087,1715.7949342558115,1766.1309814453125,11369047,INFY
2024-07-29,1779.9486525351583,1788.78450012986,1752.1252276626687,1758.799072265625,4635931,INFY
2024-07-30,1758.799150694115,1767.1179630223214,1748.3653802446454,1764.486083984375,2721265,INFY
2024-07-31,1764.344831170861,1772.0057014153294,1753.1121009722237,1756.1199951171875,5004209,INFY
2024-08-01,1744.6994808498382,1755.7913074406626,1734.3596852882927,1741.4095458984375,7475014,INFY
2024-08-02,1732.3856829456133,1747.8953757120823,1707.1472058471231,1711.89404296875,7400938,INFY
2024-08-05,1677.8196096487513,1689.6164211011132,1615.4049418548652,1646.7532958984375,10736703,INFY
2024-08-06,1654.5551502330297,1689.0994653436978,1640.126459251215,1646.0013427734375,7690163,INFY
2024-08-07,1688.2065718679119,1689.9925594528395,1656.341179884447,1684.11767578125,5094329,INFY
2024-08-08,1673.1198103688212,1673.1198103688212,1623.4418174161967,1638.528564453125,6227910,INFY
2024-08-09,1664.9419144885312,1673.8717370362467,1650.6071993461458,1664.471923828125,4258524,INFY
2024-08-12,1666.634058979033,1695.2564465708763,1661.9810822256,1689.5225830078125,4315329,INFY
2024-08-13,1701.366147109179,1701.366147109179,1681.673584839887,1689.5693359375,4176918,INFY
2024-08-14,1693.8463200211247,1715.465890143481,1689.569359164612,1713.8209228515625,7450718,INFY
2024-08-16,1738.9653871768742,1750.1041425189478,1719.6957707243737,1747.378173828125,7335657,INFY
2024-08-19,1748.3653628246682,1755.46226812506,1738.2135180462226,1752.8773193359375,2585989,INFY
2024-08-20,1767.1649081160394,1772.5227558229078,1756.0730824760828,1759.8330078125,3870333,INFY
2024-08-21,1762.5589566406527,1766.2249067508462,1755.0391060531026,1760.302978515625,1966902,INFY
2024-08-22,1770.9248323444356,1779.9956751616294,1757.4830533776285,1767.39990234375,4300287,INFY
2024-08-23,1765.4730331765138,1769.6089743171249,1745.545473240602,1750.33935546875,5015935,INFY
2024-08-26,1757.7651122966831,1775.3897624868237,1752.125224235838,1763.5460205078125,3728589,INFY
2024-08-27,1763.5460856398784,1788.5495673509674,1761.431127538951,1786.05859375,3830679,INFY
2024-08-28,1792.450420519267,1833.903574209478,1783.5205978872887,1822.7177734375,6514531,INFY
2024-08-29,1816.9840177451665,1833.4336919875568,1805.6102659320495,1817.31298828125,7228284,INFY
2024-08-30,1821.6839001205192,1832.9636765918535,1812.284086394407,1827.041748046875,13466759,INFY
2024-09-02,1826.7128758101132,1857.1682968702776,1826.1959548736536,1846.593505859375,5573739,INFY
2024-09-03,1848.9432889467964,1848.9432889467964,1820.2268132183985,1824.73876953125,4694322,INFY
2024-09-04,1805.7980647866775,1811.5319278069883,1786.0115271331308,1807.0670166015625,4778310,INFY
2024-09-05,1810.638983993486,1823.5637269032381,1794.9882723576418,1817.1248779296875,4081810,INFY
2024-09-06,1806.6441381891027,1820.2738676395406,1783.00358450389,1787.7034912109375,5848106,INFY
2024-09-09,1776.564732765143,1805.5631341580754,1775.6247514250556,1780.9356689453125,4772612,INFY
2024-09-10,1790.5706039020686,1818.8640212843943,1782.204746436802,1797.5264892578125,6909600,INFY
2024-09-11,1799.7820949632378,1810.4039292305977,1790.6643225255912,1795.5052490234375,5312946,INFY
2024-09-12,1809.4642374562259,1838.9796770575238,1796.1165471605727,1833.38671875,8555092,INFY
2024-09-13,1833.3865832495185,1841.0474542218399,1819.4749280775688,1827.417724609375,3843127,INFY
2024-09-16,1828.9686923682912,1834.8435757434945,1817.0309752474043,1833.1986083984375,1570181,INFY
2024-09-17,1830.8486394119768,1840.9063937669002,1825.584766901514,1835.360595703125,2793127,INFY
2024-09-18,1822.388800311061,1822.388800311061,1768.3869188956942,1778.585693359375,6385468,INFY
2024-09-19,1795.9282898631557,1809.370068657787,1766.036952686509,1780.5125732421875,7976570,INFY
2024-09-20,1790.664520804125,1800.0643345616268,1755.3212440246816,1791.3695068359375,15242974,INFY
2024-09-23,1794.4243751721033,1803.73021337189,1765.7078993837924,1782.6275634765625,3636672,INFY
2024-09-24,1774.6847802570394,1796.210376017183,1759.0811128709156,1784.6485595703125,7277616,INFY
2024-09-25,1773.1337292502485,1787.4684442930745,1764.156976545127,1781.546630859375,4268341,INFY
2024-09-26,1783.896554606288,1802.8370859804254,1779.3845984749128,1786.199462890625,8952803,INFY
2024-09-27,1816.137952637302,1856.0871602157958,1789.0665584656958,1792.3094482421875,14908931,INFY
2024-09-30,1767.1649937536263,1787.1395980713203,1758.2351706468926,1763.029052734375,6986955,INFY
2024-10-01,1762.464916843665,1794.3772357071236,1762.464916843665,1790.0533447265625,4029072,INFY
2024-10-03,1776.0947919095763,1797.1033525009973,1768.104950294741,1779.7607421875,7503887,INFY
2024-10-04,1776.141704358394,1836.8174281895435,1772.8047248589348,1803.025146484375,10001483,INFY
2024-10-07,1807.772048058558,1825.4437429610623,1801.0512733437376,1818.2059326171875,6112575,INFY
2024-10-08,1821.5898836675146,1840.436440915146,1791.9334261359113,1831.6007080078125,5637391,INFY
2024-10-09,1835.3605115538048,1858.3430081700687,1828.3575821051584,1835.5484619140625,4857163,INFY
2024-10-10,1840.3893918331603,1846.1232547571165,1799.2181654069389,1803.8240966796875,4782119,INFY
2024-10-11,1802.8842276209207,1830.1436867455332,1795.4583520140732,1818.9578857421875,4709431,INFY
2024-10-14,1816.1849669571325,1851.2932470173037,1815.1979406537325,1841.3294677734375,3751378,INFY
2024-10-15,1842.3633853617557,1871.925751948734,1834.6085394794932,1841.7054443359375,5353705,INFY
2024-10-16,1837.6635261263593,1841.9404871358424,1801.3332242595482,1804.858154296875,3111512,INFY
2024-10-17,1819.0518851747047,1859.2831333510103,1814.3050481446446,1849.977294921875,8162822,INFY
2024-10-18,1780.1367445813487,1820.6028732629586,1757.0601563072833,1766.7889404296875,10526196,INFY
2024-10-21,1777.5986762175419,1784.8366013292746,1727.6856903747387,1741.5504150390625,4654601,INFY
2024-10-22,1746.6732140121014,1765.0969393741664,1736.098424337156,1740.4693603515625,4125240,INFY
2024-10-23,1734.500561986716,1772.804801466981,1733.3255853155424,1760.9610595703125,4311910,INFY
2024-10-24,1749.6812424897346,1770.9247972575436,1748.3652457001226,1751.51416015625,2906475,INFY
2024-10-25,1751.6082405232555,1763.7340231622866,1735.5816269882255,1750.2923583984375,4689120,INFY
2024-10-28,1748.0832475331754,1768.9509020729429,1745.5453438193326,1753.3941650390625,7018940,INFY
2024-10-29,1754.9627985871089,1760.2866061853301,1738.8011693476826,1748.59326171875,4621252,INFY
2024-10-30,1741.653136738328,1748.3079249245552,1707.76122797984,1713.2276611328125,5919715,INFY
2024-10-31,1699.728089871948,1699.728089871948,1660.3697457491953,1670.589599609375,7395236,INFY
2024-11-01,1677.4819828348002,1678.9080088899161,1665.6460129974564,1674.011962890625,371966,INFY
2024-11-04,1639.454765739415,1679.8588408591163,1633.2753189564019,1676.674072265625,7336722,INFY
2024-11-05,1673.204077880611,1681.2373124025844,1658.9438158532193,1667.6900634765625,3160880,INFY
2024-11-06,1677.0066599508023,1737.0898453384439,1675.723259696614,1733.762451171875,10421494,INFY
2024-11-07,1723.5426610222241,1735.6638830746192,1698.8724555004114,1714.1309814453125,4550965,INFY
2024-11-08,1728.3435957027407,1749.82903193321,1723.732801289501,1739.7042236328125,4210960,INFY
2024-11-11,1738.8011800020988,1775.8778590726738,1732.669314114394,1768.367431640625,3804234,INFY
2024-11-12,1778.8249314544848,1788.2367269114475,1769.223045604574,1776.638427734375,5012450,INFY
2024-11-13,1769.3181384269985,1780.8213927172376,1764.7549244206982,1776.2581787109375,4257495,INFY
2024-11-14,1773.5962932395464,1783.4834314212399,1764.469748783487,1772.59814453125,4311431,INFY
2024-11-18,1758.005024675079,1758.005024675079,1706.477991896976,1722.11669921875,4839244,INFY
2024-11-19,1735.473877354507,1767.9872281436544,1730.7680373364465,1734.7608642578125,4669769,INFY
2024-11-21,1751.16006482196,1774.9271666789355,1730.8154024223286,1743.6021728515625,5436504,INFY
2024-11-22,1762.6632608249854,1819.6568388300636,1743.5545347717343,1808.438720703125,6301486,INFY
2024-11-25,1821.5106048142616,1824.647908539123,1789.187347735094,1796.507568359375,12764638,INFY
2024-11-26,1811.00558516297,1842.9961275482167,1803.7329448177684,1829.2587890625,6850495,INFY
2024-11-27,1834.9153604909611,1845.6581372544963,1817.4703304442407,1829.591552734375,4447143,INFY
2024-11-28,1820.4648690644453,1820.4648690644453,1760.3341042723987,1765.0875244140625,8468790,INFY
2024-11-29,1759.811276019277,1784.4340168837268,1754.0121263454853,1766.2283935546875,5244346,INFY
2024-12-02,1767.321793063357,1789.9481217185034,1744.6954644082105,1787.0960693359375,2868263,INFY
2024-12-03,1793.9409628322635,1806.0621855541033,1778.8726425018424,1798.7894287109375,4715792,INFY
2024-12-04,1791.0888644737497,1819.56180716774,1782.5327074778559,1796.0799560546875,4705573,INFY
2024-12-05,1806.2997139926326,1853.7388717964993,1795.7946087095554,1839.4310302734375,9050038,INFY
2024-12-06,1837.4822303839658,1842.3781605401093,1818.088252003757,1827.5950927734375,3573331,INFY
2024-12-09,1829.306375982813,1835.0104808234832,1803.637904199797,1828.7835693359375,4274645,INFY
2024-12-10,1843.3763652761136,1868.6645376907804,1836.7215769538172,1852.4554443359375,6174921,INFY
2024-12-11,1858.5873457085745,1880.4530791874988,1855.7352935156714,1876.79296875,5025612,INFY
2024-12-12,1877.7912800633462,1900.2275187647786,1873.3706916216245,1889.0093994140625,6462130,INFY
2024-12-13,1872.6099443049989,1907.500003205855,1857.4465798294907,1901.0828857421875,5362693,INFY
2024-12-16,1897.042541916786,1900.9879041439099,1880.0728539329739,1882.402099609375,3119221,INFY
2024-12-17,1870.9462106912868,1884.255787393359,1861.4393701898068,1879.1220703125,5811050,INFY
2024-12-18,1869.8054617493733,1887.060284654621,1864.8618349910091,1881.54638671875,3064095,INFY
2024-12-19,1838.6228927942636,1863.1030062841562,1825.3133165279144,1850.22119140625,5323592,INFY
2024-12-20,1877.7438033938301,1882.3070176382269,1816.9950636033855,1827.3575439453125,11056720,INFY
2024-12-23,1834.8678004850174,1844.3270603797318,1814.8558547757257,1829.4013671875,2781793,INFY
2024-12-24,1832.015755380025,1846.2284355881454,1749.2586619372746,1814.9034423828125,2360544,INFY
2024-12-26,1814.9034908105154,1825.0757640546135,1808.4863732653307,1813.3348388671875,3623321,INFY
2024-12-27,1815.236249934069,1829.25884045684,1810.007487366256,1822.2237548828125,3937500,INFY
2024-12-30,1821.2254956591669,1821.510747311123,1793.4655661808106,1812.00390625,7789055,INFY
2024-12-31,1798.9794709559926,1803.4476395627287,1754.0596496753712,1787.2860107421875,3613063,INFY
2025-01-01,1781.5819053214227,1799.5973216045268,1781.5819053214227,1789.6627197265625,1838368,INFY
2025-01-02,1793.9408108770863,1865.8600828114977,1792.324694404524,1861.2967529296875,7083645,INFY
2025-01-03,1856.6383387446942,1856.6383387446942,1827.2147142972276,1843.138671875,6218003,INFY
2025-01-06,1855.7354066651392,1875.6997732327457,1832.9189877307317,1842.283203125,7164403,INFY
2025-01-07,1849.08049857111,1861.9623140172655,1828.7834170796311,1835.6282958984375,4294832,INFY
2025-01-08,1834.8202633622047,1842.9961231909604,1795.6045452981161,1837.81494140625,5482050,INFY
2025-01-09,1838.670663062687,1855.5927707165636,1816.3295863112587,1822.7467041015625,6833503,INFY
2025-01-10,1841.475056372847,1880.2630131182193,1836.9593070090002,1869.947998046875,8036913,INFY
2025-01-13,1859.538056114521,1885.0164358188285,1852.8832675701437,1865.4322509765625,5804152,INFY
2025-01-14,1871.7543886244132,1874.5589763818855,1835.8660634362316,1844.374755859375,5792162,INFY
2025-01-15,1850.981884706997,1861.4869901029845,1841.5700892018165,1853.501220703125,2985439,INFY
2025-01-16,1868.9973329214629,1869.948017007702,1822.3187674971882,1833.3466796875,7533579,INFY
2025-01-17,1759.7161759087412,1766.3709642563163,1722.6394979722525,1725.9193115234375,16409953,INFY
2025-01-20,1733.0494968108637,1737.8029172097529,1704.7191808636662,1723.87548828125,4333011,INFY
2025-01-21,1729.3418737355341,1741.3204695981628,1704.6240883474466,1711.896728515625,7169109,INFY
2025-01-22,1718.2664752007781,1773.7864501626696,1716.1274359637641,1764.8974609375,8373913,INFY
2025-01-23,1766.370941552174,1786.8582289789933,1761.3322697336553,1773.4534912109375,5907471,INFY
2025-01-24,1773.501188842313,1801.4513245969808,1772.312833717117,1782.96044921875,4887027,INFY
2025-01-27,1757.577160982871,1771.1244088768565,1722.6395216773292,1732.1463623046875,7652371,INFY
2025-01-28,1739.7518311714375,1771.599747206543,1734.9033656716754,1739.51416015625,6999495,INFY
2025-01-29,1754.0120684956396,1795.5094503993766,1749.7339902797964,1788.474365234375,5145155,INFY
2025-01-30,1780.7739533235829,1794.1309953598945,1753.0614884709362,1768.224853515625,7336056,INFY
2025-01-31,1778.7300025936208,1803.8755513464537,1778.7300025936208,1787.0960693359375,5820470,INFY
2025-02-01,1787.571323971164,1797.3633003755383,1754.9628135718901,1760.0489501953125,1701402,INFY
2025-02-03,1745.4559465267448,1784.0062318529979,1742.0335070965566,1771.40966796875,4823228,INFY
2025-02-04,1795.8423067996916,1816.9474478919842,1782.5327290891591,1805.1590576171875,7334787,INFY
2025-02-05,1812.0039378058837,1825.0282638663168,1800.880979990787,1803.495361328125,4996744,INFY
2025-02-06,1822.46137881177,1829.116167362465,1806.2997494743677,1821.177978515625,4765255,INFY
2025-02-07,1824.648004479721,1828.8309215990796,1796.2699917999128,1809.769775390625,4126260,INFY
2025-02-10,1811.0531389851265,1811.0531389851265,1785.9550565261386,1787.5712890625,3828734,INFY
2025-02-11,1790.2331848086437,1809.1518213900456,1777.7792464526458,1783.150634765625,4411601,INFY
2025-02-12,1792.0395140512057,1801.1660581275596,1755.9135185424811,1771.26708984375,5633947,INFY
2025-02-13,1776.353161119435,1781.1065814060805,1745.1232130462338,1752.348388671875,5237744,INFY
2025-02-14,1762.5681886374266,1767.606860408019,1738.1831200991312,1764.849853515625,5292961,INFY
2025-02-17,1747.880247229523,1761.3799146336082,1732.2890052365772,1751.4453125,4428956,INFY
2025-02-18,1751.445375977347,1769.8410902296603,1746.977091046225,1760.619384765625,4365260,INFY
2025-02-19,1756.2937934312417,1758.004955145868,1716.840404092615,1721.498779296875,4611411,INFY
2025-02-20,1716.5077280780874,1740.7025920720746,1716.5077280780874,1735.14111328125,2218020,INFY
2025-02-21,1731.956275207461,1739.6092122968646,1717.1255109603246,1725.4915771484375,3379879,INFY
2025-02-24,1711.2788452920981,1718.8367369576058,1663.9347338827708,1677.1016845703125,7594720,INFY
2025-02-25,1659.0863139546623,1690.744023588038,1659.0863139546623,1680.524169921875,5092963,INFY
2025-02-27,1668.640674098442,1688.2723238346587,1664.7428925260701,1677.2919921875,5757079,INFY
2025-02-28,1668.4981483304996,1668.5456129045258,1599.478390980019,1604.469482421875,12182167,INFY
2025-03-03,1608.8426647276233,1643.3524261230082,1608.8426647276233,1624.3387451171875,7504969,INFY
2025-03-04,1611.4095762179882,1615.2123126810395,1587.6424733239176,1605.0400390625,6759673,INFY
2025-03-05,1608.9852468032536,1647.4879525703643,1608.9852468032536,1627.0958251953125,8180782,INFY
2025-03-06,1630.42326495067,1637.3633054431778,1607.7018912844446,1631.2313232421875,10610547,INFY
2025-03-07,1619.1100684643093,1620.9163914654462,1592.871210498742,1602.8533935546875,8019331,INFY
2025-03-10,1602.8534801788285,1634.2260571930049,1593.5367290696454,1617.54150390625,7558981,INFY
2025-03-11,1597.1492261839649,1597.1492261839649,1556.3173920894415,1579.6566162109375,12671234,INFY
2025-03-12,1556.174800445261,1556.174800445261,1486.6798171088662,1512.395751953125,14870008,INFY
2025-03-13,1520.381526929375,1526.8462251444753,1492.8592690164621,1501.938232421875,7822888,INFY
2025-03-17,1468.9496345204805,1515.3905319411103,1468.9496345204805,1511.6353759765625,7526032,INFY
2025-03-18,1511.6353759765625,1511.6353759765625,1511.6353759765625,1511.6353759765625,0,INFY
2025-03-19,1523.9465678973438,1523.9465678973438,1495.2359553339961,1508.307861328125,7387068,INFY
2025-03-20,1513.4890294263832,1551.4213467784741,1513.4890294263832,1535.877685546875,7186750,INFY
2025-03-21,1500.131882621123,1524.8022038807094,1486.5371700431922,1514.011962890625,10074677,INFY
2025-03-24,1519.1456594946171,1527.844442496362,1495.140885206093,1514.2021484375,8857726,INFY
2025-03-25,1525.8478634077803,1555.461694060302,1525.8478634077803,1548.141357421875,9890140,INFY
2025-03-26,1545.8122407498795,1556.9827781599724,1516.3410356679321,1520.571533203125,6651302,INFY
2025-03-27,1516.8640098840594,1540.0606082841557,1507.7849306219216,1524.469482421875,9426573,INFY
2025-03-28,1511.5877308709687,1519.620965158934,1483.0672076469882,1493.1920166015625,6799047,INFY
2025-04-01,1463.3404602190724,1471.0885586286036,1442.9957978349414,1451.21923828125,12680733,INFY
2025-04-02,1459.4902057913214,1478.9317655581158,1459.4902057913214,1473.7030029296875,6193478,INFY
2025-04-03,1458.9673514518697,1458.9673514518697,1411.8134441365378,1422.69873046875,10459504,INFY
2025-04-04,1388.4742004590178,1399.4070681791675,1376.5906485892897,1380.0606689453125,9590254,INFY
2025-04-07,1285.3249277060586,1336.5668248830998,1242.5441423903983,1327.8680419921875,21715252,INFY
2025-04-08,1360.4289830692378,1384.671428260199,1345.218037067066,1358.3375244140625,12805001,INFY
2025-04-09,1335.758736096975,1339.9416532809853,1313.7503760547593,1334.4752197265625,8546854,INFY
2025-04-11,1341.652928180614,1367.844321400648,1328.1532604606723,1339.941650390625,12567440,INFY
2025-04-15,1374.3089224037624,1376.3053358191778,1339.513907284088,1355.675537109375,10178530,INFY
2025-04-16,1354.724784610381,1357.10149475882,1327.915540556106,1343.41162109375,12022740,INFY
2025-04-17,1329.0563853909828,1359.2881865002564,1310.327954849587,1349.49609375,14264227,INFY
2025-04-21,1340.4645789137878,1399.2169026224717,1340.4645789137878,1379.442626953125,15648970,INFY
2025-04-22,1368.985143422317,1368.985143422317,1349.3060284057444,1352.6334228515625,9399738,INFY
2025-04-23,1374.6892676203474,1414.427911126592,1368.6048659090611,1402.1640625,11136642,INFY
2025-04-24,1397.4105217628291,1409.7694145318515,1389.4247524558623,1398.8365478515625,7114292,INFY
2025-04-25,1402.7343459374797,1427.642222162945,1391.3261370921732,1407.2025146484375,8329979,INFY
2025-04-28,1407.2024661808139,1416.1389193452367,1393.0373668593481,1409.0087890625,5886253,INFY
2025-04-29,1408.9138107783806,1435.3428747016321,1401.4033833138335,1423.6494140625,8056743,INFY
2025-04-30,1422.9840278751349,1434.3922372400868,1409.4842438297574,1426.1212158203125,7704183,INFY
2025-05-02,1425.740942139582,1448.082019175758,1422.4135476873855,1432.5859375,7402310,INFY
2025-05-05,1440.2863052982934,1447.8917775374923,1428.6880065536338,1434.201904296875,4282493,INFY
2025-05-06,1431.7302219442606,1440.856765886036,1425.170478593818,1436.958984375,4270530,INFY
2025-05-07,1426.026145690909,1443.8990531370239,1422.7937965506155,1433.9168701171875,5691799,INFY
2025-05-08,1433.6315426322524,1441.7123570303784,1427.166844693632,1436.8638916015625,8424409,INFY
2025-05-09,1426.6915991963783,1436.8639888159648,1420.4171072727893,1433.2513427734375,4478653,INFY
2025-05-12,1461.2014458755218,1551.516434397431,1456.4480254270004,1546.66796875,11372857,INFY
2025-05-13,1529.6507024801845,1532.6928451513845,1487.4403056280353,1491.2430419921875,12846210,INFY
2025-05-14,1496.3767741072957,1516.3411402167324,1492.0986956552736,1513.869384765625,4870057,INFY
2025-05-15,1511.3976659657826,1538.7772990924948,1493.524758023796,1533.4534912109375,11151167,INFY
2025-05-16,1533.0731584594146,1533.0731584594146,1503.5069061207216,1511.49267578125,4576751,INFY
2025-05-19,1498.753576296917,1506.8343916464403,1478.9792993744286,1482.877197265625,8855798,INFY
2025-05-20,1492.5740269319685,1505.4082621953962,1481.1658178089215,1483.6375732421875,7143998,INFY
2025-05-21,1490.577561992386,1493.5246593705174,1475.556707413097,1491.14794921875,4157309,INFY
2025-05-22,1478.789066286349,1483.8277382618005,1464.0534632471729,1471.18359375,6158990,INFY
2025-05-23,1473.5603223754533,1508.9257236923431,1473.5603223754533,1487.6304931640625,5038421,INFY
2025-05-26,1489.3416207391451,1505.693456152503,1485.6339297061554,1502.55615234375,3170102,INFY
2025-05-27,1501.985817890451,1504.8378701621398,1479.6447417622219,1492.6690673828125,7775714,INFY
2025-05-28,1503.0315254066693,1509.4010623010483,1492.5740005619675,1494.2852783203125,3623370,INFY
2025-05-29,1510.6370121874,1529.555648703017,1498.8485063145804,1507.4046630859375,8609500,INFY
2025-05-30,1514.5387348868949,1515.5027951891782,1499.2101525439637,1506.5369873046875,13148092,INFY
2025-06-02,1503.9340358386107,1503.9340358386107,1483.6887699715526,1497.9569091796875,4374509,INFY
2025-06-03,1502.9700087561519,1510.9717563250315,1480.410974183671,1487.5450439453125,6853403,INFY
2025-06-04,1487.545069852834,1501.3311794658816,1486.0025968815146,1495.4503173828125,4548307,INFY
2025-06-05,1492.2689554139665,1511.3572786610305,1486.195328477135,1498.43896484375,6948539,INFY
2025-06-06,1498.8244913615613,1512.5142181403369,1487.641415492617,1507.5975341796875,3960020,INFY
2025-06-09,1521.2871674371763,1530.9277705261318,1514.5387452749073,1516.3704833984375,2903202,INFY
2025-06-10,1527.0715350387688,1549.726952383094,1520.8051430073597,1538.6402587890625,8591925,INFY
2025-06-11,1532.9522867625028,1575.8529708756475,1532.9522867625028,1572.478759765625,10597410,INFY
2025-06-12,1558.8854834598367,1569.4901466126246,1540.6647205061456,1550.787353515625,10483574,INFY
2025-06-13,1519.3589933969258,1551.1729824718614,1513.7673967286814,1544.424560546875,6968315,INFY
2025-06-16,1542.4964798976407,1576.0458254086714,1539.7006814911979,1565.441162109375,5591842,INFY
2025-06-17,1562.45249586964,1588.192976732241,1557.5358118299073,1580.9625244140625,7622083,INFY
2025-06-18,1562.7417700471647,1585.589952431105,1562.7417700471647,1574.214111328125,5629707,INFY
2025-06-19,1565.5375611980423,1571.4183055533617,1553.5831898154863,1560.2352294921875,5147760,INFY
2025-06-20,1560.8136276168789,1572.0930860674746,1551.076642111549,1564.573486328125,9202821,INFY
2025-06-23,1543.4605584963404,1543.4605584963404,1518.7806380620095,1527.071533203125,7943676,INFY
2025-06-24,1543.4604830931148,1551.172965207259,1519.9373891083474,1524.7576904296875,8083992,INFY
2025-06-25,1532.8558375256184,1561.6812632899293,1528.1319186406413,1556.8609619140625,7813533,INFY
2025-06-26,1550.9801998907828,1565.6338688312192,1548.8591966999713,1557.92138671875,6519233,INFY
2025-06-27,1560.8136478253264,1571.0326636135578,1544.8102701550988,1550.208984375,8912268,INFY
2025-06-30,1556.9573602116636,1556.9573602116636,1536.8084767193552,1544.2318115234375,6294505,INFY
2025-07-01,1551.1731318297038,1559.5604099565173,1542.9786187031953,1549.05224609375,4178937,INFY
2025-07-02,1559.8495930029494,1589.735462831807,1545.7743359105034,1552.619140625,8653641,INFY
2025-07-03,1560.331649069145,1573.7321112354073,1556.9574379034102,1560.5244140625,5259695,INFY
2025-07-04,1566.5979433677658,1584.3366759246808,1554.3544249759318,1581.733642578125,4411273,INFY
2025-07-07,1581.0590301119776,1584.915271648836,1564.670003580329,1568.5262451171875,3294523,INFY
2025-07-08,1569.490144015709,1587.035994129852,1563.2237521630664,1579.8055419921875,4590681,INFY
2025-07-09,1578.9380931561673,1579.1308581535004,1565.2483655342028,1574.9853515625,4580828,INFY
2025-07-10,1579.9985303020203,1579.9985303020203,1549.3413641152463,1557.728759765625,5330179,INFY
2025-07-11,1522.3475129338776,1549.341199857552,1506.826166489392,1537.5797119140625,11391755,INFY
2025-07-14,1534.5911874414394,1534.5911874414394,1503.7412587495296,1513.8638916015625,9173426,INFY
2025-07-15,1508.8507771918205,1545.967099361679,1507.790334380739,1528.614013671875,7614807,INFY
2025-07-16,1522.2513030563432,1554.0652948238287,1521.769272878048,1550.1126708984375,6223491,INFY
2025-07-17,1540.5684750083872,1552.1371994765352,1523.3117708067696,1526.589599609375,7374814,INFY
2025-07-18,1534.8803087969368,1541.821613244393,1523.2152032454187,1529.095947265625,5161833,INFY
2025-07-21,1523.2153333190533,1531.8918763569468,1510.4897839367352,1527.36083984375,3682661,INFY
2025-07-22,1508.7544033781517,1528.806905141675,1508.7544033781517,1514.4423828125,8473741,INFY
2025-07-23,1519.648319505044,1534.6876368616054,1494.2934861823694,1517.9129638671875,8035026,INFY
2025-07-24,1523.21527148752,1525.14339208434,1492.558106924831,1496.70361328125,14169664,INFY
2025-07-25,1487.930738061539,1493.8114825426642,1456.9844249801497,1461.2261962890625,10851259,INFY
2025-07-28,1459.4908778130184,1464.6968268487494,1429.2193615593824,1461.515380859375,6439855,INFY
2025-07-29,1458.5267960319763,1462.6721845547067,1442.3305365336291,1459.2979736328125,7070448,INFY
2025-07-30,1465.2753927209724,1467.0106307922656,1451.8749299240865,1464.40771484375,5719051,INFY
2025-07-31,1455.4418850255533,1472.21655890233,1443.198365471235,1454.76708984375,6851407,INFY
2025-08-01,1440.2096707795008,1444.8370894973941,1412.83033538686,1416.782958984375,8702978,INFY
2025-08-04,1408.9741142502269,1429.5086455065348,1398.8514812022438,1427.291259765625,8610216,INFY
2025-08-05,1425.5558755811649,1425.5558755811649,1402.7076942328947,1407.8172607421875,10213323,INFY
2025-08-06,1399.8155998166778,1403.768223634903,1378.895537719122,1385.0654296875,10566934,INFY
2025-08-07,1378.60613953599,1390.1748623852432,1363.3739407112198,1385.2581787109375,9892020,INFY
2025-08-08,1373.785961785155,1381.6912093691872,1366.169861688454,1371.9542236328125,10048009,INFY
2025-08-11,1368.8692198674414,1381.884033692687,1363.1812406590395,1376.870849609375,6625368,INFY
2025-08-12,1376.8709588997938,1389.2109785794498,1369.9297713819558,1372.9183349609375,9899184,INFY
2025-08-13,1373.7860181657672,1382.462561438393,1371.279484756972,1375.3284912109375,10318063,INFY
2025-08-14,1374.9427475738962,1417.1686356270611,1374.9427475738962,1395.6700439453125,12902347,INFY
2025-08-18,1412.0590009823861,1412.0590009823861,1378.2205097468736,1384.19775390625,7254561,INFY
2025-08-19,1381.2092603896435,1397.309139357621,1381.2092603896435,1388.2469482421875,3986094,INFY
2025-08-20,1388.921654258322,1445.1264179190935,1388.921654258322,1442.427001953125,10413061,INFY
2025-08-21,1453.802949118853,1453.802949118853,1430.9547668193538,1442.619873046875,6565539,INFY
2025-08-22,1444.258688328196,1450.2359327005538,1432.6899649169563,1434.0396728515625,5543397,INFY
2025-08-25,1452.549588321255,1483.6887826854402,1452.549588321255,1477.0367431640625,10694531,INFY
2025-08-26,1468.2638125760993,1483.1103644867733,1464.021923789744,1474.6265869140625,15994798,INFY
2025-08-28,1474.6266696224122,1474.6266696224122,1444.162386475055,1446.1868896484375,5443364,INFY
2025-08-29,1447.922152992462,1447.922152992462,1414.951220922169,1416.782958984375,8169075,INFY
2025-09-01,1423.6278448203498,1449.368326287933,1423.1458146544753,1445.5120849609375,4546057,INFY
2025-09-02,1445.5120710387366,1458.4305028963795,1432.8829043510907,1444.837158203125,5218763,INFY
2025-09-03,1446.0904115917858,1447.9221496497632,1420.0607841831338,1425.9415283203125,4623483,INFY
2025-09-04,1430.665555379037,1430.665555379037,1407.6244895421655,1410.4202880859375,5787724,INFY
2025-09-05,1417.1685500698275,1419.771465639559,1381.4983212585462,1392.681396484375,5466487,INFY
2025-09-08,1398.8515684147906,1405.5999908675153,1376.967445534214,1381.402099609375,3811567,INFY
2025-09-09,1427.7733097648295,1453.0316426482493,1419.5787971834648,1450.2359619140625,13072640,INFY
2025-09-10,1455.8274419814547,1479.7361846012639,1455.056264347903,1477.518798828125,7281071,INFY
2025-09-11,1469.1314991861996,1472.6020926929066,1452.3568266067848,1455.4417724609375,8003662,INFY
2025-09-12,1481.7606968153777,1487.4486761823323,1466.4321143461764,1470.7703857421875,12856963,INFY
2025-09-15,1470.7703889313757,1472.6021270614033,1447.2472937742573,1454.1885986328125,6167414,INFY
2025-09-16,1454.18869843609,1459.5874130189484,1449.4647790449067,1456.9844970703125,8923112,INFY
2025-09-17,1462.3832147820146,1471.830935901443,1459.58741614181,1467.685546875,4795698,INFY
2025-09-18,1494.2935138953433,1499.1138155530703,1483.2068200825713,1485.2313232421875,9331945,INFY
2025-09-19,1489.0875921991392,1495.546867150236,1465.4681136380061,1484.845703125,12988129,INFY
2025-09-22,1429.4121385641438,1460.2620677071914,1428.7373434373958,1445.6083984375,15655204,INFY
2025-09-23,1439.3420265057648,1458.6232324870878,1439.3420265057648,1443.6802978515625,9832164,INFY
2025-09-24,1433.7504516255494,1442.909024606748,1429.4121802134027,1440.884521484375,4937004,INFY
2025-09-25,1435.4857737282794,1448.6933526456728,1423.4350200871756,1431.436767578125,9491867,INFY
2025-09-26,1421.9889772759154,1425.555953399892,1389.4036912657584,1396.8270263671875,8597058,INFY
2025-09-29,1407.5280279964163,1412.3483294621576,1384.872611107433,1389.982177734375,10513117,INFY
2025-09-30,1391.1390030128964,1400.0083106366037,1386.4150840398418,1389.982177734375,7556305,INFY
2025-10-01,1394.031143886091,1397.405354815276,1376.099646484765,1393.83837890625,6250692,INFY
2025-10-03,1387.282784330546,1396.2485922754322,1381.6911874663804,1394.609619140625,6877533,INFY
2025-10-06,1394.6096065704758,1425.6524188431904,1390.4642178899833,1422.9530029296875,4630590,INFY
2025-10-07,1424.5918193613172,1429.6050033943986,1401.743637948074,1406.0819091796875,5570320,INFY
2025-10-08,1404.6358503769075,1444.1623224877194,1402.707729786136,1441.2701416015625,4657192,INFY
2025-10-09,1448.0185870707542,1459.5873108023447,1433.557682406266,1455.0562744140625,7028753,INFY
2025-10-10,1455.7310370996563,1467.0104954131987,1444.933608930849,1460.4549560546875,3738353,INFY
2025-10-13,1443.1982662450723,1450.6214834671307,1430.087069727637,1439.5347900390625,5859355,INFY
2025-10-14,1445.1264411305913,1459.9729938155936,1433.075686951717,1436.353515625,5600789,INFY
2025-10-15,1430.569218120133,1435.1002548224249,1414.7586043879573,1421.41064453125,6986098,INFY
2025-10-16,1420.9285143742625,1421.5069270236047,1408.0100826842827,1418.61474609375,8005748,INFY
2025-10-17,1402.6114532010124,1405.9856644896408,1382.4625679694304,1389.307373046875,16959378,INFY
2025-10-20,1401.4544470050912,1414.276496397426,1397.8874708768014,1408.395751953125,6994246,INFY
2025-10-21,1424.881136066363,1432.5936185349226,1417.1686535978035,1419.482421875,1698704,INFY
2025-10-23,1455.7310466373283,1490.4372172856354,1451.8748054541832,1473.566162109375,20358624,INFY
2025-10-24,1484.1708637038648,1487.5450748262833,1463.4435668090073,1470.57763671875,8652257,INFY
2025-10-27,1478.0165606695539,1483.2043487095048,1466.3685916918344,1472.633056640625,7273211,INFY
2025-10-28,1467.9347848431598,1474.5908017388306,1458.9296979699484,1468.4241943359375,8211019,INFY
2025-10-29,1468.4241778932897,1488.0005573851865,1465.1941469679696,1478.408203125,4884976,INFY
2025-10-30,1475.0801523386458,1476.2546872805226,1457.5592692997866,1462.1597900390625,5608867,INFY
2025-10-31,1458.4403008415877,1465.3898918009988,1449.3372364048548,1450.9034423828125,4819814,INFY
2025-11-03,1450.9033496746388,1459.8105780526128,1442.974820743242,1454.0355224609375,5470600,INFY
2025-11-04,1448.3583414401685,1450.511814804534,1431.9142548968182,1436.808349609375,8691330,INFY
2025-11-06,1447.2816360762577,1451.58846323567,1430.9354078512456,1435.6336669921875,7944752,INFY
2025-11-07,1438.8638806951196,1449.533031326473,1418.4065403991735,1445.5198974609375,8765759,INFY
2025-11-10,1458.5381171839108,1487.8048281611332,1458.4402591842686,1481.4425048828125,9787975,INFY
2025-11-11,1492.6989304110698,1500.9210336624128,1479.0933228205395,1497.88671875,13692989,INFY
2025-11-12,1507.3812396717751,1526.1745164244364,1505.5214596999074,1518.8333740234375,14635417,INFY
2025-11-13,1524.1189242683809,1524.5104757353395,1497.8866487683968,1509.14306640625,19655689,INFY
2025-11-14,1487.8047537888665,1497.59294295853,1457.2656513734084,1470.9691162109375,9739549,INFY
2025-11-17,1464.3132041198487,1478.212385937251,1460.8873376663598,1475.66748046875,7910354,INFY
2025-11-18,1474.1013313334302,1474.1013313334302,1451.784211591062,1454.91650390625,7525119,INFY
2025-11-19,1458.9296699222182,1510.317665675936,1458.9296699222182,1508.4578857421875,10981126,INFY
2025-11-20,1522.0634729079381,1522.0634729079381,1501.5082748815287,1503.955322265625,7387584,INFY
2025-11-21,1498.5718033380108,1518.6375916910017,1493.9714020948772,1512.2752685546875,9186302,INFY
2025-11-24,1530.4813442936104,1551.4280945139647,1508.3600590826622,1515.2117919921875,19270381,INFY
2025-11-25,1516.1905908718425,1517.7566773334454,1493.5798964672151,1498.1802978515625,8107952,INFY
2025-11-26,1499.6485223505715,1527.251289037942,1499.6485223505715,1524.902099609375,7575038,INFY
2025-11-27,1530.8728564928056,1540.954739594805,1519.3227449478784,1533.2220458984375,7552252,INFY
2025-11-28,1531.8516566735827,1535.179665000364,1524.0211050739736,1527.055419921875,4453221,INFY
2025-12-01,1529.4045743430058,1540.6609920101703,1523.042251313739,1530.872802734375,5341800,INFY
2025-12-02,1533.8093151456649,1546.4361036663386,1523.1401645511503,1527.9364013671875,6335969,INFY
2025-12-03,1522.1613705980963,1552.406900951154,1521.182551618934,1545.261474609375,12895312,INFY
2025-12-04,1534.7880917871573,1565.1314788059085,1534.7880917871573,1563.7611083984375,12609619,INFY
2025-12-05,1575.8985332981872,1597.2368345243183,1566.1103436503722,1581.9671630859375,10344725,INFY
2025-12-08,1582.8481284293375,1595.4749170068917,1566.306063981828,1576.681640625,7550413,INFY
2025-12-09,1567.2848235795727,1572.8641631737528,1548.883099378693,1565.1314697265625,6957599,INFY
2025-12-10,1573.9408513587562,1573.9408513587562,1549.2746619298632,1551.2322998046875,5116140,INFY
2025-12-11,1564.1527099609375,1573.3536321517727,1547.023378030827,1564.1527099609375,5159319,INFY
2025-12-12,1567.4806809838458,1567.8722324584342,1549.0788370408115,1564.348388671875,4633912,INFY
2025-12-15,1551.4280562362142,1576.6816332735752,1551.4280562362142,1572.766357421875,4190558,INFY
2025-12-16,1566.1103574156468,1569.0468143358012,1552.0153403019585,1559.1607666015625,5499258,INFY
2025-12-17,1553.5814245843821,1572.8642300238714,1552.4068896118622,1568.0679931640625,4817628,INFY
2025-12-18,1576.3879761796316,1595.4749463972676,1572.6684162407605,1592.3427734375,6577293,INFY
2025-12-19,1615.0513027562847,1619.847539612933,1595.2792073285575,1603.9906005859375,13149023,INFY
2025-12-22,1628.7547583833573,1657.3362243784013,1628.7547583833573,1653.8125,23098923,INFY
2025-12-23,1643.4370603643276,1643.4370603643276,1621.3157754082474,1632.9637451171875,6593060,INFY
2025-12-24,1625.8182910699556,1632.2784723030877,1617.4983299175808,1628.16748046875,4271167,INFY
2025-12-26,1628.167521100225,1633.453167508233,1616.7152673020842,1621.0220947265625,2006491,INFY
2025-12-29,1622.8818655924697,1637.6620082639456,1602.4245250544589,1609.863525390625,4062817,INFY
2025-12-30,1612.1148331917736,1612.9957941560388,1582.554548282334,1587.2528076171875,9395937,INFY
2025-12-31,1586.6655664923117,1594.1045668429529,1575.1154547350545,1581.1842041015625,6538656,INFY
2026-01-01,1581.184158007412,1604.8715288376811,1579.9116455766828,1595.2791748046875,3658165,INFY
2026-01-02,1601.2499777187402,1608.6889779975038,1593.0278744696911,1605.6546630859375,2524526,INFY
2026-01-05,1602.3265912739637,1602.3265912739637,1549.568226955718,1572.374755859375,5917885,INFY
2026-01-06,1566.2081943610224,1585.5888575673962,1565.1315174017209,1578.0518798828125,4466729,INFY
2026-01-07,1580.7926463324388,1607.2207586859843,1580.7926463324388,1604.2843017578125,4508079,INFY
2026-01-08,1604.186403368615,1609.472049603195,1574.5281413468902,1579.128662109375,3942131,INFY
2026-01-09,1575.898487352098,1596.747378487979,1572.9620305433675,1579.91162109375,6816681,INFY
2026-01-12,1575.996349102621,1579.1286413969012,1558.867017677559,1562.09716796875,6985362,INFY
2026-01-13,1583.7290294043642,1583.7290294043642,1552.7983751003353,1565.1314697265625,8080618,INFY
2026-01-14,1554.3644397699236,1582.7501883551427,1549.5682031809922,1565.91455078125,7557157,INFY
2026-01-15,1565.91455078125,1565.91455078125,1565.91455078125,1565.91455078125,0,INFY
2026-01-16,1628.461030733189,1658.119292555676,1618.3792672921977,1654.00830078125,19335957,INFY
2026-01-19,1649.309891747184,1649.309891747184,1631.201741600405,1645.59033203125,5104958,INFY
2026-01-20,1637.5641409981627,1644.6115898062917,1617.889903547792,1623.7628173828125,6406503,INFY
2026-01-21,1616.0301458476063,1621.9030597634667,1596.6494821313709,1619.358154296875,6224582,INFY
2026-01-22,1630.712428320841,1635.8022392467942,1618.7708845027832,1628.265380859375,6228892,INFY
2026-01-23,1631.8869227568262,1640.2068839190629,1626.9928279555104,1635.4107666015625,5869137,INFY
2026-01-27,1650.0930280724322,1653.6167523834592,1625.9161283991023,1647.05859375,10673087,INFY
2026-01-28,1644.4158380681818,1653.029492632909,1615.05126953125,1631.2017822265625,8588664,INFY
2026-01-29,1622.8818691859371,1631.2018305177105,1607.318623503672,1624.35009765625,4749582,INFY
2026-01-30,1619.9454090553113,1619.9454090553113,1583.8269648597889,1606.241943359375,9207926,INFY
2026-02-02,1626.7970461591942,1626.7970461591942,1583.7290136495644,1594.8875732421875,6784887,INFY
2026-02-03,1690.616056346825,1691.3991593070652,1617.9877374621406,1620.9241943359375,8805868,INFY
2026-02-04,1540.66097646391,1551.3301265638145,1478.1144237257668,1503.2701416015625,28828622,INFY
2026-02-05,1501.5082372972433,1518.1481590925844,1483.5958031001303,1488.00048828125,10628127,INFY
2026-02-06,1489.86026239605,1492.6988611765453,1448.6520095352703,1475.177978515625,13900866,INFY
2026-02-09,1489.8602864300617,1495.6353420798034,1461.376679139494,1465.4876708984375,8294615,INFY
2026-02-10,1468.2284271414342,1483.7916723660803,1459.4190565785855,1466.0750732421875,8657000,INFY
2026-02-11,1469.4029562852068,1474.003477029586,1437.885033967625,1440.7236328125,7934411,INFY
2026-02-12,1398.6344233110094,1405.2903204885395,1351.259562174479,1356.64306640625,26048896,INFY
2026-02-13,1266.493817560756,1348.1273389393946,1254.3564391221673,1340.1009521484375,45785709,INFY
2026-02-16,1344.6035807140283,1346.854912154694,1309.953484521095,1336.6751708984375,14621891,INFY
2026-02-17,1340.9819956812096,1400.6899531531467,1338.0455387563604,1361.73291015625,25347684,INFY
2026-02-18,1361.4392729027982,1371.3253201935424,1316.805153615715,1344.603515625,20241373,INFY
2026-02-19,1355.6643110050506,1372.3042339560152,1334.326009074035,1341.471435546875,14574228,INFY
2026-02-20,1330.4106332686276,1336.0878308198503,1309.8554358713993,1324.5377197265625,12633552,INFY
2026-02-23,1323.3632672728343,1323.3632672728343,1290.0834217940796,1299.3822021484375,12887826,INFY
2026-02-24,1273.4434027288626,1275.988307999553,1237.3249610296912,1248.4835205078125,27839061,INFY
2026-02-25,1258.9568742250233,1295.564726518415,1258.9568742250233,1262.7742919921875,16669618,INFY
2026-02-26,1277.848187510079,1286.168148899459,1259.054910753846,1261.7955322265625,11493914,INFY
2026-02-27,1298.207628321947,1306.723305439908,1266.7874442662774,1272.5625,23141724,INFY
2026-03-02,1263.6552272829085,1271.290062662244,1246.0364867011174,1261.5997314453125,9700361,INFY
2026-03-04,1264.6340504084835,1289.104523520103,1264.6340504084835,1279.7078857421875,15154950,INFY
2026-03-05,1292.0410271405913,1292.0410271405913,1262.7743163409898,1278.141845703125,10362147,INFY
2026-03-06,1275.4011212294208,1299.0884925711757,1275.4011212294208,1280.686767578125,8724291,INFY
2026-03-09,1262.676497890922,1290.0834296280893,1255.3353554613236,1287.14697265625,10068514,INFY
2026-03-10,1292.0410437407636,1293.0198627132945,1256.9014187299574,1268.1578369140625,9600171,INFY
2026-03-11,1260.7188580118502,1271.975276386956,1244.3726286871142,1249.2667236328125,7868891,INFY
2026-03-12,1245.5471752363726,1251.5179472285731,1231.3542997621664,1238.9891357421875,7599940,INFY
2026-03-13,1224.5025045780033,1242.7085131232232,1216.280401513626,1221.8597412109375,7366098,INFY
2026-03-16,1213.931245180508,1227.7326883178384,1198.2701415781937,1223.3280029296875,12314450,INFY
2026-03-17,1218.6295738865974,1218.6295738865974,1189.3628638376754,1206.785888671875,11223276,INFY
2026-03-18,1211.7778669014497,1263.459555545422,1208.7435520363658,1240.261474609375,12365381,INFY
2026-03-19,1217.846529327881,1228.4178221249233,1189.3629208552388,1194.9422607421875,9156461,INFY
2026-03-20,1215.6930991638783,1238.0102183433878,1203.1641691885866,1229.2987060546875,27299975,INFY
2026-03-23,1211.9735596886824,1234.3885372371806,1201.4023868626336,1230.1796875,12420293,INFY
2026-03-24,1242.1213008151199,1269.5282325903943,1224.5025589595862,1251.224365234375,13613495,INFY
2026-03-25,1243.100095463166,1263.263742406015,1230.4733068170258,1252.00732421875,10824030,INFY
2026-03-27,1257.9780904958054,1267.3748481809973,1236.444073189259,1242.806396484375,13092541,INFY
2026-03-30,1223.5236944376795,1238.6953882487069,1216.6719617488286,1224.1109619140625,14108486,INFY
2026-04-01,1262.6764804554484,1275.4011271577126,1242.610691424955,1248.6793212890625,8137156,INFY
2026-04-02,1233.3119397486187,1277.7503462365091,1233.116223742555,1273.247802734375,12873492,INFY
2026-04-06,1273.8350657038357,1292.041075138383,1271.4858762157266,1278.5333251953125,10208682,INFY
2026-04-07,1274.4222980187042,1316.609371698259,1266.1023367797188,1311.0301513671875,15355792,INFY
2026-04-08,1320.4267760360608,1347.7358488962445,1302.8080347694565,1317.68603515625,16030133,INFY
2026-04-09,1301.7313192842819,1309.170319257509,1286.1680743957882,1303.395263671875,14894607,INFY
2026-04-10,1290.0834192154255,1290.9643801968148,1256.1184483091881,1265.12353515625,19233369,INFY
2026-04-13,1245.0577246851824,1261.6976471062894,1238.8911174058185,1249.756103515625,10366082,INFY
2026-04-15,1278.631284802942,1294.4881045276459,1272.9540869097948,1277.6524658203125,12098912,INFY
2026-04-16,1294.0965334739733,1302.808046184627,1281.2740288923192,1291.2579345703125,18527029,INFY
2026-04-17,1285.1893342368037,1300.165312581974,1278.4354593069281,1290.7685546875,12064048,INFY
2026-04-20,1292.0410136169874,1296.8372503675125,1280.3930442184933,1284.7977294921875,7172300,INFY
2026-04-21,1282.2528368892558,1296.9351212811175,1271.7795218169556,1285.385009765625,10057440,INFY
2026-04-22,1267.5705813427946,1270.2133447995752,1229.2987830540255,1241.729736328125,20088378,INFY
2026-04-23,1227.438951608261,1238.891085420282,1200.0320212693207,1214.32275390625,14792854,INFY
2026-04-24,1174.5826894228176,1197.9764852174349,1127.7950978335834,1130.144287109375,42078914,INFY
2026-04-27,1130.1443119385692,1154.9084786451926,1130.04645394258,1145.5118408203125,19579883,INFY
2026-04-28,1138.0727223885278,1144.6308809119316,1125.4460537763027,1127.697265625,12720276,INFY
2026-04-29,1133.961747660014,1153.2444330805374,1132.2978032475876,1142.7711181640625,8303109,INFY
2026-04-30,1142.7711514334947,1164.5988623339997,1135.0384576467616,1156.768310546875,12205669,INFY
2026-05-01,1156.768310546875,1156.768310546875,1156.768310546875,1156.768310546875,0,INFY
2026-05-04,1169.6886601132755,1169.6886601132755,1140.5198072387318,1143.652099609375,7735811,INFY
2026-05-05,1144.728787187228,1160.0961972461241,1135.5278649580357,1153.1466064453125,8164108,INFY
2026-05-06,1161.8580797644604,1166.2627649868193,1139.443102180398,1142.4774169921875,9856963,INFY
2026-05-07,1148.1546369607545,1150.5038263553197,1134.6468875555572,1138.07275390625,12013987,INFY
2026-05-08,1136.4088093734103,1158.4322359116547,1134.2554554613432,1154.2232666015625,7582770,INFY
2026-05-11,1151.0911273032605,1161.8581361470833,1147.2737093616843,1152.0699462890625,7336288,INFY
2026-05-12,1137.3876630949442,1137.3876630949442,1099.2137225952,1116.1473388671875,16891948,INFY
2026-05-13,1112.5255790772605,1118.398492694932,1097.2560275682617,1099.3115234375,6664111,INFY
2026-05-14,1096.0815207310736,1098.137016652994,1065.933848927119,1071.8067626953125,16914842,INFY
2026-05-15,1078.658538900176,1109.1976439317652,1078.266987402901,1095.2984619140625,17482450,INFY
2026-05-18,1095.2984136735845,1121.8243835304838,1094.319594715878,1118.3006591796875,12096377,INFY
2026-05-19,1137.3876555901809,1173.0166903851343,1137.3876555901809,1171.5484619140625,32175705,INFY
2026-05-20,1161.8580984968487,1181.3366195800531,1159.802602590221,1168.4161376953125,15121010,INFY
2026-05-21,1170.7653346096859,1176.3446743746752,1152.0699163634372,1156.180908203125,10021033,INFY
2026-05-22,1157.4533539662823,1166.5564175672662,1147.6651649263981,1149.622802734375,8803066,INFY
2026-05-25,1157.9428754813864,1159.900513478819,1141.4008105061328,1143.75,5856136,INFY
2026-05-26,1141.5965459846338,1155.6914427435413,1138.2685377836078,1142.966796875,8005767,INFY
2026-05-27,1136.4088302961693,1142.5754376343073,1130.5359164445094,1135.3321533203125,6371871,INFY
2026-05-28,1135.3321533203125,1135.3321533203125,1135.3321533203125,1135.3321533203125,0,INFY
2026-05-29,1156.96396849116,1184.370898370815,1129.1654871448488,1136.3109130859375,69085430,INFY
2026-06-01,1150.1122640819906,1191.222659904496,1148.8397516554953,1177.02978515625,19439331,INFY
2026-06-02,1206.3943648530496,1251.811588367994,1206.3943648530496,1243.8831787109375,36032600,INFY
2026-06-03,1215.7909483013548,1223.425783618914,1190.2437985614154,1196.7039794921875,18534303,INFY
2026-06-04,1182.4132636253246,1189.4607121046952,1170.8631524946943,1175.855224609375,12755957,INFY
2026-06-05,1194.159169493737,1197.8787294549086,1169.0035692089534,1172.1357421875,8692290,INFY
2026-06-08,1152.559265415463,1175.26781631171,1151.5804465064052,1162.4453125,8631711,INFY
2026-06-09,1168.3182691086097,1168.3182691086097,1142.5754025403635,1155.300048828125,10984054,INFY
2026-06-10,1160.0999755859375,1171.4000244140625,1143.300048828125,1145.300048828125,8887626,INFY
2026-06-11,1129.699951171875,1133.699951171875,1109.0,1114.5999755859375,9372176,INFY
2026-06-12,1120.0,1123.300048828125,1111.5,1116.4000244140625,8075333,INFY
2026-06-15,1130.0,1151.0,1123.0,1134.9000244140625,7856192,INFY
2026-06-16,1136.9000244140625,1153.800048828125,1123.199951171875,1143.5999755859375,10456090,INFY
2026-06-17,1149.0,1162.5,1148.0,1157.699951171875,5995119,INFY
2026-06-18,1142.9000244140625,1142.9000244140625,1125.300048828125,1127.5,16781447,INFY
2026-06-19,1062.300048828125,1066.0,1030.0,1051.4000244140625,45665442,INFY
2026-06-22,1055.0,1080.300048828125,1055.0,1065.4000244140625,10178505,INFY
2026-06-23,1053.800048828125,1055.300048828125,1026.0,1029.300048828125,19323064,INFY
2026-06-24,1040.9000244140625,1065.5,1037.699951171875,1056.5999755859375,12346266,INFY
2026-06-25,1065.0,1068.0,1039.0999755859375,1041.199951171875,15866779,INFY
2026-06-26,1041.199951171875,1041.199951171875,1041.199951171875,1041.199951171875,0,INFY
2026-06-29,1037.0999755859375,1046.5999755859375,1029.0999755859375,1036.699951171875,15080892,INFY
2026-06-30,1030.0,1030.4000244140625,996.0,1000.4000244140625,24128263,INFY
2026-07-01,1006.0,1014.0,982.4000244140625,985.2999877929688,13037982,INFY
2026-07-02,1006.4000244140625,1045.0,1006.0,1040.9000244140625,18741111,INFY
2026-07-03,1063.0,1068.699951171875,1042.0,1047.199951171875,11653534,INFY
2026-07-06,1050.0999755859375,1053.0,1033.0,1042.199951171875,5559747,INFY
2026-07-07,1040.5999755859375,1087.5,1040.5999755859375,1071.800048828125,18866296,INFY
2026-07-08,1071.9000244140625,1079.699951171875,1064.4000244140625,1069.300048828125,13022221,INFY
2026-07-09,1062.699951171875,1062.699951171875,1040.4000244140625,1050.800048828125,9003333,INFY
2026-07-10,1075.0,1091.300048828125,1064.699951171875,1068.0,9747266,INFY
2026-07-13,1057.0999755859375,1114.9000244140625,1057.0999755859375,1102.5999755859375,20994760,INFY
2026-07-14,1107.800048828125,1113.5,1090.0,1092.9000244140625,14819413,INFY
2026-07-15,1079.0,1088.0999755859375,1073.0,1076.300048828125,8501933,INFY
2026-07-16,1082.5,1097.300048828125,1077.9000244140625,1082.4000244140625,8592146,INFY
2026-07-17,1105.0,1116.800048828125,1092.0,1096.5,12547728,INFY
2026-07-20,1102.0,1103.800048828125,1083.199951171875,1087.0999755859375,6372645,INFY
2026-07-21,1080.0,1094.5,1067.199951171875,1073.5,9485229,INFY
2026-07-22,1064.0,1069.300048828125,1046.199951171875,1052.0999755859375,7517203,INFY
2026-07-23,1046.9000244140625,1058.5,1032.0,1047.4000244140625,13794578,INFY
2026-07-24,1028.0,1043.4000244140625,1013.9000244140625,1040.9000244140625,29036900,INFY
2026-07-27,1065.0,1082.0,1057.4000244140625,1079.199951171875,15956349,INFY
2026-07-28,1097.0,1118.5,1097.0,1105.699951171875,28100895,INFY
2026-07-29,1147.0,1164.5,1128.4000244140625,1155.5999755859375,34400369,INFY
2026-07-30,1168.0,1187.699951171875,1151.300048828125,1155.0999755859375,22630218,INFY
2026-07-31,1118.9000244140625,1139.300048828125,1107.199951171875,1130.0999755859375,14367075,INFY
2026-08-03,1145.0999755859375,1180.0,1138.0999755859375,1180.0,8582270,INFY
2026-08-04,1168.0,1175.699951171875,1153.300048828125,1167.5,9243589,INFY
2026-08-05,1174.699951171875,1177.5,1162.300048828125,1174.0,9964155,INFY
2026-08-06,1174.0999755859375,1185.800048828125,1163.0,1165.0,8521064,INFY
2026-08-07,1160.0,1183.0,1155.5999755859375,1175.0999755859375,7581410,INFY
2026-08-10,1178.0999755859375,1195.0,1175.199951171875,1183.0,9377001,INFY
2026-08-11,1188.0,1193.5,1182.0,1190.699951171875,10160091,INFY
2026-08-12,1185.5999755859375,1190.4000244140625,1163.300048828125,1176.0999755859375,7529777,INFY
2026-08-13,1170.0,1175.0,1157.0,1175.0,6234215,INFY
2026-08-14,1170.4000244140625,1174.0999755859375,1158.9000244140625,1169.199951171875,5844763,INFY
2026-08-17,1163.9000244140625,1166.5,1129.699951171875,1139.9000244140625,5817153,INFY
2026-08-18,1124.5,1131.9000244140625,1112.5,1115.0,8851110,INFY
2026-08-19,1125.5999755859375,1134.699951171875,1113.800048828125,1119.800048828125,8408573,INFY
2026-08-20,1143.0,1144.699951171875,1125.699951171875,1130.0,8559841,INFY
2026-08-21,1133.0,1133.5,1118.0,1121.0,6094967,INFY
2026-08-24,1126.5,1144.5,1122.0,1130.0,8565354,INFY
2026-08-25,1132.0,1144.0,1119.9000244140625,1144.0,8121237,INFY
2026-08-26,1142.0,1142.0,1118.300048828125,1120.0,6314363,INFY
