Date,Open,High,Low,Close,Volume,Symbol
2021-01-01,897.2726941006515,901.3347986266252,894.5646443140231,897.0470581054688,10015175,RELIANCE
2021-01-04,900.4772253363753,902.1922975973049,888.2457850636894,898.5590209960938,24513534,RELIANCE
2021-01-05,888.6971735420237,895.286819208082,882.8296824610696,887.3883056640625,24123091,RELIANCE
2021-01-06,887.2979208301023,887.3430480265655,859.8787914584216,863.9860229492188,46401468,RELIANCE
2021-01-07,866.8069639014568,877.8649187321673,859.8788642012053,862.5869140625,32325918,RELIANCE
2021-01-08,865.678604878862,874.8860460383853,863.0156822176616,872.7647094726562,27540187,RELIANCE
2021-01-11,875.0665066757083,875.0665066757083,854.1692713388484,856.3131713867188,33307825,RELIANCE
2021-01-12,858.9084582491231,884.6350813991116,857.5092762592445,883.3036499023438,41161546,RELIANCE
2021-01-13,886.2373008139729,891.3826371793065,865.8817107313442,875.0665283203125,26619458,RELIANCE
2021-01-14,877.8649670437152,887.7494361349055,875.1794806347706,884.9059448242188,21553242,RELIANCE
2021-01-15,884.9058318391973,890.86357691647,866.6038285437963,874.4572143554688,20593268,RELIANCE
2021-01-18,879.7154868801754,901.3348792931557,868.0933816341949,895.44482421875,35100458,RELIANCE
2021-01-19,900.2741041573885,916.6804669801634,900.2741041573885,910.0908813476562,32006615,RELIANCE
2021-01-20,912.3476352561834,928.8668167227358,903.3207030552749,927.3773803710938,30924537,RELIANCE
2021-01-21,939.6991642832317,956.8502475441711,936.5397824840384,947.5525512695312,39087742,RELIANCE
2021-01-22,952.7880171566991,954.7514084138397,918.5535459475058,925.0755004882812,30532660,RELIANCE
2021-01-25,918.4633177239738,918.4633177239738,871.9974047459384,876.0595092773438,54207104,RELIANCE
2021-01-27,868.8380990078514,868.8380990078514,852.1383477435087,855.2977294921875,42370131,RELIANCE
2021-01-28,848.5952159319003,868.0707665841978,844.0140887864603,846.9703979492188,34067814,RELIANCE
2021-01-29,854.9817319108826,863.4670185270817,825.9602859922227,831.3538818359375,43712383,RELIANCE
2021-02-01,839.2298742462161,859.8111617886597,834.0845374375884,855.4331665039062,34180952,RELIANCE
2021-02-02,863.9861908565767,875.6082966583149,837.2214603242046,869.19921875,41470034,RELIANCE
2021-02-03,870.3275152709535,881.0243335187519,857.554427887479,871.38818359375,30301696,RELIANCE
2021-02-04,868.3866534338506,875.6081993096957,859.8111124753323,868.5220947265625,25626981,RELIANCE
2021-02-05,871.1172947571725,877.7069402051127,866.5812949964159,868.2738037109375,20248046,RELIANCE
2021-02-08,872.4712846072483,888.6971388465231,870.6659579070334,880.7760620117188,21183400,RELIANCE
2021-02-09,885.5152551213864,897.9948961529354,881.1597638793062,882.8973999023438,19604141,RELIANCE
2021-02-10,881.8142219915239,895.8058629486737,869.8761074541144,891.0892944335938,21234156,RELIANCE
2021-02-11,893.6618940174507,931.6651427302581,890.1639989701773,927.8286743164062,42539278,RELIANCE
2021-02-12,927.7384783498696,937.8937101488065,909.6395460369704,921.4647827148438,30497029,RELIANCE
2021-02-15,924.375996830397,930.3563061780627,913.9725053748315,917.4027099609375,15791099,RELIANCE
2021-02-16,920.6298293819443,938.5256299749142,918.4859291608079,929.5438842773438,21421660,RELIANCE
2021-02-17,929.7695608351663,945.9954169139945,925.5269471013708,940.2633666992188,23742994,RELIANCE
2021-02-18,941.0531321070791,951.6145681859424,929.3632772705301,933.244873046875,18646877,RELIANCE
2021-02-19,928.4155145358285,950.0574695218014,926.745509641073,938.9318237304688,23403483,RELIANCE
2021-02-22,938.7964367473062,943.2647459186029,900.4096042931712,906.3447265625,23804335,RELIANCE
2021-02-23,924.3534067368045,926.5649977273687,908.8271426020757,913.2728881835938,25644108,RELIANCE
2021-02-24,916.2291858661802,932.1390906998175,914.4914901976813,930.2208862304688,10807663,RELIANCE
2021-02-25,936.9910577541981,971.2932222091624,935.637002954952,967.8404541015625,34855693,RELIANCE
2021-02-26,955.4962007136306,963.123891576847,934.5989040579532,941.4142456054688,37481215,RELIANCE
2021-03-01,952.4269850885058,953.2394537638484,930.897848571293,948.590576171875,17680764,RELIANCE
2021-03-02,957.752856616694,961.3635697154016,942.9036206682259,950.5313110351562,17150760,RELIANCE
2021-03-03,957.3241328149178,1001.9395335212855,951.0730007855624,993.9055786132812,31924461,RELIANCE
2021-03-04,983.9307553112692,988.4216276043541,973.8657789482086,982.0576782226562,21435754,RELIANCE
2021-03-05,973.0985692708165,998.3512962856287,971.7670781260525,983.3440551757812,25511666,RELIANCE
2021-03-08,978.7403773670584,1007.3556183257853,978.5147413680846,988.9407958984375,19506841,RELIANCE
2021-03-09,992.9577540495018,999.1863226399736,968.8560080852714,988.918212890625,15154484,RELIANCE
2021-03-10,996.1171885060364,999.7730887336929,979.5302558776189,984.8109741210938,11519358,RELIANCE
2021-03-12,990.7010162557301,995.8463528292266,958.6104430105866,964.7938842773438,16864952,RELIANCE
2021-03-15,965.899662068002,969.894016181107,939.022056998036,951.8402709960938,16698099,RELIANCE
2021-03-16,954.142054646313,959.558213666829,945.7922099765842,948.0940551757812,13873801,RELIANCE
2021-03-17,946.9431947370554,949.1773492874154,918.5310260738679,927.6707763671875,19210236,RELIANCE
2021-03-18,935.5918307044085,940.9628627496759,903.1401815146905,906.7960815429688,20647480,RELIANCE
2021-03-19,898.6267197251416,945.9501672736187,894.925692603433,939.6990356445312,41787429,RELIANCE
2021-03-22,934.7343179799378,936.088313055874,917.6734905482226,930.8527221679688,18572478,RELIANCE
2021-03-23,930.6496682735799,952.2013688377597,927.9641819762402,942.1815185546875,17421165,RELIANCE
2021-03-24,938.6835185270156,938.6835185270156,920.9231603023551,924.0374145507812,16822814,RELIANCE
2021-03-25,927.0614969311192,927.0614969311192,895.9187129062007,898.8298950195312,22001648,RELIANCE
2021-03-26,908.1049928320286,908.8722746334809,890.818529006779,900.274169921875,20180202,RELIANCE
2021-03-30,906.2996230548414,924.7596332154852,898.8750045089173,915.9132690429688,20441701,RELIANCE
2021-03-31,910.8130997767836,925.210945158364,902.2374989986004,904.0880126953125,16250796,RELIANCE
2021-04-01,910.813145160988,916.2292452262719,904.1106213459858,912.55078125,11723312,RELIANCE
2021-04-05,913.9499154284324,913.9724790288182,885.582933146535,899.3489379882812,14875099,RELIANCE
2021-04-06,904.4942743627021,904.9230424620014,888.6971873373794,895.602783203125,14009194,RELIANCE
2021-04-07,902.6887934928391,923.8568508845015,899.6647938214671,903.97509765625,24266353,RELIANCE
2021-04-08,907.6536814191865,912.6184496390974,899.5294718287386,905.1035766601562,15369188,RELIANCE
2021-04-09,901.9892738152234,905.5548598128081,893.661932570132,894.5872192382812,14037885,RELIANCE
2021-04-12,884.1837415365642,885.2669734194948,857.6672732350632,862.5869140625,20901482,RELIANCE
2021-04-13,868.3866470158723,875.8790157297038,865.6109063786529,871.9071655273438,19411189,RELIANCE
2021-04-15,869.4246806200028,885.0863247656745,863.4218084533044,877.5488891601562,19723716,RELIANCE
2021-04-16,874.0736236379038,880.0764962565872,869.492436882543,872.0425415039062,15656948,RELIANCE
2021-04-19,859.3597599294095,864.9564280013587,853.0409372873982,858.3216552734375,18478808,RELIANCE
2021-04-20,862.2934748740392,866.1298835841033,853.2440391612164,858.0734252929688,17203668,RELIANCE
2021-04-22,854.05647971313,864.0763296197583,847.0380660893645,860.4429931640625,14490954,RELIANCE
2021-04-23,860.262540485022,866.0848449417196,855.4557174605446,859.517822265625,11828857,RELIANCE
2021-04-26,866.5813583165724,885.5378273951245,862.7448895453444,874.6378173828125,20846778,RELIANCE
2021-04-27,875.6082559520604,901.4251348981196,874.8184105130574,897.566162109375,19992524,RELIANCE
2021-04-28,901.7184741400474,906.2996013229371,893.7297060704715,901.47021484375,17122437,RELIANCE
2021-04-29,913.0245579839406,922.7736442808828,905.9836407520165,913.5436401367188,17412606,RELIANCE
2021-04-30,906.5252433975188,918.9371927131189,897.0696030939774,900.2064208984375,19828769,RELIANCE
2021-05-03,887.3430555100857,893.2105461727255,877.0073157472597,884.2062377929688,23640186,RELIANCE
2021-05-04,880.1216239409943,888.1555786981006,862.5192105636345,865.0466918945312,21849830,RELIANCE
2021-05-05,868.0932764991574,874.9311213941457,861.1876811156937,866.6264038085938,12393609,RELIANCE
2021-05-06,867.4163469186785,873.3515291463112,860.5333143582229,871.546142578125,14624666,RELIANCE
2021-05-07,874.5926322966467,882.6717141211767,869.289350739611,871.8845825195312,12288548,RELIANCE
2021-05-10,875.1568754240988,878.677334300937,867.010102487007,869.379638671875,13941237,RELIANCE
2021-05-11,864.3247006246831,874.9538287863412,862.0679225288771,872.5166015625,13478264,RELIANCE
2021-05-12,871.1398768410697,872.4036175039552,860.7138223730607,863.4895629882812,13177961,RELIANCE
2021-05-14,870.2146050700743,876.5108642766377,860.2625054108522,874.3895874023438,13291616,RELIANCE
2021-05-17,874.3895393110239,886.1921519936135,871.2752254332202,884.7930297851562,11873078,RELIANCE
2021-05-18,894.1133042302491,903.8623311241566,890.2768357355067,897.2501220703125,12064918,RELIANCE
2021-05-19,893.6619198826413,910.1134700489604,890.0512067367108,901.3573608398438,16317002,RELIANCE
2021-05-20,901.7410386469029,907.6085298258828,894.1133478678807,896.0992431640625,11422532,RELIANCE
2021-05-21,899.0781478980009,907.0217890570246,896.3700979084354,903.83984375,10785605,RELIANCE
2021-05-24,906.2995151967815,907.1119838096187,894.5645936578591,896.2119750976562,8551760,RELIANCE
2021-05-25,901.0639435208391,901.3347663974367,884.6350172082499,886.0567626953125,14780102,RELIANCE
2021-05-26,891.4052973188182,893.4363796423949,887.0273019371077,889.171142578125,7480204,RELIANCE
2021-05-27,889.2839988316376,899.5294855338184,885.6506620923865,891.9017944335938,26819294,RELIANCE
2021-05-28,898.1753741090896,950.0799477100439,898.1753741090896,945.4762573242188,56469931,RELIANCE
2021-05-31,948.7259121956556,989.2115150434242,941.0756583298827,975.039306640625,59124142,RELIANCE
2021-06-01,977.6120318921522,993.860450495012,968.8107952002592,978.9209594726562,28013832,RELIANCE
2021-06-02,973.5499025688986,997.2455024822107,973.5499025688986,993.5219116210938,24630162,RELIANCE
2021-06-03,1002.4359457378657,1015.5249829566307,991.197541606595,997.313232421875,23974257,RELIANCE
2021-06-04,999.637561927722,1000.3822800699458,985.8489944972179,988.669921875,14468646,RELIANCE
2021-06-07,993.8604848949419,1011.9142309078353,986.1876070242225,1005.3245849609375,16336573,RELIANCE
2021-06-08,1004.9635840254113,1005.2117836404444,992.1228056254331,999.5474243164062,9674735,RELIANCE
2021-06-09,1001.5332651004173,1002.4359284900111,973.9786921208427,981.6741333007812,11409161,RELIANCE
2021-06-10,989.97879594458,1006.4980364625192,982.8250009526113,985.2848510742188,14155653,RELIANCE
2021-06-11,988.6745798453265,1009.1011952964063,987.4063735342977,1002.3753051757812,13762778,RELIANCE
2021-06-14,1003.2133236938203,1022.8019971914159,994.1775627019242,1016.7555541992188,20332436,RELIANCE
2021-06-15,1024.0475051449755,1030.3430126999276,1014.6720508016263,1019.0653686523438,15174215,RELIANCE
2021-06-16,1016.7554817175181,1017.7292188167856,999.0689992893482,1001.6732788085938,10797349,RELIANCE
2021-06-17,996.4193416411849,1012.2714997953356,987.315715260484,1003.5075073242188,15745975,RELIANCE
2021-06-18,1007.9688774088152,1012.2716262697277,989.3312995663522,1008.0368041992188,29369026,RELIANCE
2021-06-21,998.0045452008349,1017.9328482894455,996.4872742197637,1013.2904663085938,12186448,RELIANCE
2021-06-22,1020.8769459855561,1024.0474616919707,1005.1833424900376,1008.08203125,12871913,RELIANCE
2021-06-23,1019.0652413259819,1019.336948449686,997.1892837583877,998.8424682617188,16653951,RELIANCE
2021-06-24,999.5220147850201,1003.0321047923691,969.2444560255766,975.3588256835938,91461975,RELIANCE
2021-06-25,975.3587188779936,975.3587188779936,942.5674531142881,953.14306640625,55355022,RELIANCE
2021-06-28,961.0918688993542,963.1299720367883,942.5222185353294,944.7868041992188,20277042,RELIANCE
2021-06-29,946.3720075153033,955.2039275943256,943.9262837366043,945.60205078125,27144063,RELIANCE
2021-06-30,949.4291830957576,961.3862145219897,947.0740283906408,955.9512329101562,19762858,RELIANCE
2021-07-01,959.280142195751,961.6126545352091,948.863024683412,950.1991577148438,12534407,RELIANCE
2021-07-02,949.7688855828178,966.0286658416347,947.9345627995748,964.284912109375,14086620,RELIANCE
2021-07-05,967.6364952540457,975.3814069298204,965.3945518663345,973.8641357421875,11702287,RELIANCE
2021-07-06,971.4863760250655,973.2753544311909,960.2766586567433,962.3600463867188,10070124,RELIANCE
2021-07-07,963.6961219133111,963.6961219133111,950.2218196134942,955.679443359375,10454892,RELIANCE
2021-07-08,958.8045791709611,958.8045791709611,942.5221577829742,947.7760009765625,11185460,RELIANCE
2021-07-09,945.6925548959384,947.3683817256788,935.7736870853545,938.0835571289062,9037675,RELIANCE
2021-07-12,941.9559723923293,951.8069732106677,939.5781755914345,943.9262084960938,8585292,RELIANCE
2021-07-13,951.1276138236502,952.5090313833667,945.7152147930674,950.9917602539062,6717133,RELIANCE
2021-07-14,951.2861518765445,954.2301252196338,942.6354298484742,944.7868041992188,8532544,RELIANCE
2021-07-15,948.8630578642602,948.8630578642602,941.3899132919198,943.1336669921875,9448356,RELIANCE
2021-07-16,945.5794029707818,957.808201493028,945.5114761829108,956.7438354492188,8828185,RELIANCE
2021-07-19,951.1275859545519,961.9976083202988,947.6174964042133,950.6520385742188,8354449,RELIANCE
2021-07-20,950.9010950356152,954.7509382666392,943.8809159970199,948.3194580078125,6741464,RELIANCE
2021-07-22,959.7330340406753,961.9523350417173,950.289713605715,960.5029907226562,7972397,RELIANCE
2021-07-23,966.7306870173245,966.7306870173245,952.0561048845019,953.7092895507812,9937030,RELIANCE
2021-07-26,954.750983452507,960.6388700312618,938.0382987131833,940.642578125,12389668,RELIANCE
2021-07-27,940.6199201537044,943.745031435626,924.8583903750485,930.7462768554688,10824523,RELIANCE
2021-07-28,932.1050093559254,932.1050093559254,913.1956670017476,922.7522583007812,12897848,RELIANCE
2021-07-29,930.2933070796137,939.5328466147575,925.4923692829198,929.95361328125,13765738,RELIANCE
2021-07-30,932.1050565925411,936.6115854453042,919.9215431668897,921.8238525390625,11350608,RELIANCE
2021-08-02,930.4293835078141,941.7975969636952,924.4735097135498,938.6724853515625,10925104,RELIANCE
2021-08-03,946.5984271599676,947.0513322851771,934.9131634487219,945.579345703125,11817299,RELIANCE
2021-08-04,948.5912889902256,957.468493410625,945.239695070289,952.8261108398438,13169800,RELIANCE
2021-08-05,957.6043762856963,975.9475444073931,953.0525626247831,966.64013671875,21252078,RELIANCE
2021-08-06,964.6924564242829,972.392083052254,941.5030673967123,946.1681518554688,16620987,RELIANCE
2021-08-09,942.5222572127834,946.507954500859,935.9549225779072,940.7785034179688,7494143,RELIANCE
2021-08-10,942.9750770172923,957.0155553586313,939.238504866793,945.7152099609375,11919198,RELIANCE
2021-08-11,949.7461759426325,960.1859355324891,943.6091647712293,958.9630737304688,9184963,RELIANCE
2021-08-12,962.4052906590396,962.9941092821113,953.3922326146494,955.88330078125,8137612,RELIANCE
2021-08-13,958.9630848706249,973.7282353115995,955.181228214771,971.8032836914062,12780901,RELIANCE
2021-08-16,973.4791039346753,997.7781437654177,963.8772277608733,984.4170532226562,21935444,RELIANCE
2021-08-17,982.3110475847799,989.716205298415,972.7997402220516,980.2276000976562,12658169,RELIANCE
2021-08-18,984.6436264377176,990.4409443539315,974.9511803260805,984.0321655273438,10075860,RELIANCE
2021-08-20,970.6030393085123,983.7376470917055,967.88554870858,972.9808959960938,9426282,RELIANCE
2021-08-23,984.6436123486905,984.6436123486905,965.756910089194,979.3671264648438,9854395,RELIANCE
2021-08-24,980.5899239821464,992.7960796490014,976.3098177521405,989.036865234375,11864472,RELIANCE
2021-08-25,989.8067881266007,1005.4777483729744,987.4062891858803,997.596923828125,13380559,RELIANCE
2021-08-26,1000.0427614622415,1016.7554463089577,998.6839861429403,1010.2107543945312,18589616,RELIANCE
2021-08-27,1013.1773788430729,1015.7817181947378,1003.6887734868195,1008.829345703125,10480636,RELIANCE
2021-08-30,1019.0652631807153,1030.7732288164937,1013.0867479284576,1028.23681640625,14027062,RELIANCE
2021-08-31,1031.2486961976206,1034.351165067264,1015.5550939662595,1022.7565307617188,26485463,RELIANCE
2021-09-01,1029.482446811587,1038.495504793424,1024.9532755584123,1026.8101806640625,11145486,RELIANCE
2021-09-02,1021.3299483032399,1045.2440116453542,1021.3299483032399,1039.1749267578125,9956770,RELIANCE
2021-09-03,1046.2404503177634,1084.738529222682,1042.8436314734117,1081.7945556640625,30664428,RELIANCE
2021-09-06,1092.8909697996994,1123.2365131929273,1092.4380047519112,1098.5977783203125,33641710,RELIANCE
2021-09-07,1100.5904921516135,1113.272195169168,1092.4379602260194,1105.52734375,17349882,RELIANCE
2021-09-08,1110.5547152662286,1111.460525484485,1090.01483063056,1101.201904296875,14301651,RELIANCE
2021-09-09,1099.6394421897962,1104.145971203985,1094.2950296674799,1098.5977783203125,8963249,RELIANCE
2021-09-13,1101.949452386577,1101.949452386577,1072.5324776130421,1074.11767578125,16311160,RELIANCE
2021-09-14,1075.6801166083583,1084.2854942866497,1071.6037904973264,1072.7135009765625,8908356,RELIANCE
2021-09-15,1072.7360805602518,1085.0780298856923,1072.7360805602518,1077.1746826171875,9071075,RELIANCE
2021-09-16,1078.6466838742622,1103.6476943262978,1072.0567074838173,1099.7752685546875,13448882,RELIANCE
2021-09-17,1107.8371172912175,1112.2983612101125,1075.9516645338,1082.7227783203125,34882133,RELIANCE
2021-09-20,1074.3666078022443,1095.3140549772365,1073.415512979037,1084.444091796875,11779819,RELIANCE
2021-09-21,1089.2676895218028,1094.5215333838828,1079.7563812162018,1089.1318359375,9915736,RELIANCE
2021-09-22,1090.6264428510565,1106.0255780999046,1086.210482648724,1100.817138671875,10995912,RELIANCE
2021-09-23,1108.4713001643795,1130.9360171926044,1107.6107744419755,1127.7203369140625,15748397,RELIANCE
2021-09-24,1133.9027316972313,1134.7632574948414,1119.6131874834832,1124.4593505859375,15192163,RELIANCE
2021-09-27,1126.4068411721403,1145.8370159244848,1121.1077134942575,1143.3685302734375,15373834,RELIANCE
2021-09-28,1147.6939414575027,1161.689135216267,1138.092065214608,1154.0574951171875,18035258,RELIANCE
2021-09-29,1163.9989904714507,1163.9989904714507,1141.3757775989957,1144.9085693359375,9719875,RELIANCE
2021-09-30,1143.6178894191034,1147.965922997723,1132.4534560345573,1141.0135498046875,13590654,RELIANCE
2021-10-01,1133.1778684079156,1150.3208140813133,1130.0301151683525,1143.02880859375,8958928,RELIANCE
2021-10-04,1156.2994941506686,1166.1957202690803,1149.0754144086845,1157.7261962890625,10918552,RELIANCE
2021-10-05,1157.2505376163047,1183.0216242133338,1153.7403880823629,1181.75341796875,13533634,RELIANCE
2021-10-06,1186.6222902143543,1186.6222902143543,1155.4389825506435,1159.4019775390625,10258881,RELIANCE
2021-10-07,1175.3220421537414,1177.020571318369,1162.9574494692135,1165.086181640625,6336665,RELIANCE
2021-10-08,1170.9058970806193,1215.8128063604343,1169.2074879845059,1209.85693359375,15772493,RELIANCE
2021-10-11,1223.5124154081877,1231.9366542030143,1198.1263679197398,1201.4326171875,14768666,RELIANCE
2021-10-12,1197.9680041586355,1215.1788796176056,1196.2694750157295,1208.29443359375,6682011,RELIANCE
2021-10-13,1213.3671067441883,1231.7103344750674,1208.9737889938256,1220.5911865234375,9959762,RELIANCE
2021-10-14,1223.036805981498,1230.7817769408248,1217.0809330176019,1223.0594482421875,8623469,RELIANCE
2021-10-18,1208.6567177514992,1243.2596035729455,1205.8033136478314,1226.320556640625,13594479,RELIANCE
2021-10-19,1233.6577079515857,1246.1356302424738,1226.5016753447112,1237.3037109375,8833409,RELIANCE
2021-10-20,1242.2405578545067,1242.2405578545067,1219.0285268378586,1223.0594482421875,12710570,RELIANCE
2021-10-21,1235.2882267218629,1235.5599338327822,1179.0357499377028,1187.777099609375,20831669,RELIANCE
2021-10-22,1186.6449281501523,1206.9810344630644,1182.7951444896785,1189.99658203125,11027475,RELIANCE
2021-10-25,1213.8202313490058,1213.8202313490058,1163.9992204129485,1178.4019775390625,17198417,RELIANCE
2021-10-26,1185.3315195274101,1208.7926167498356,1179.013250231775,1205.2371826171875,9750178,RELIANCE
2021-10-27,1201.138372284091,1212.3707315877277,1186.6222858874532,1189.99658203125,9896298,RELIANCE
2021-10-28,1186.6449607541927,1194.7748510901267,1173.283988789091,1176.9525146484375,9886181,RELIANCE
2021-10-29,1175.843002928945,1175.843002928945,1133.0649360229452,1148.7132568359375,14233025,RELIANCE
2021-11-01,1148.7130092033958,1157.6581394917466,1129.6224692481335,1149.4150390625,15481114,RELIANCE
2021-11-02,1152.6760985535552,1154.0348738636576,1130.143454028727,1132.6571044921875,10569130,RELIANCE
2021-11-03,1135.0348760961226,1141.3531452072293,1114.6309640383438,1124.866943359375,11989430,RELIANCE
2021-11-04,1129.101781492045,1134.5142410032367,1127.7657681126252,1131.7740478515625,1705656,RELIANCE
2021-11-08,1141.0813257713814,1141.3531527093287,1112.5475239087214,1133.177978515625,20337183,RELIANCE
2021-11-09,1134.5593339553402,1145.384011549245,1126.429444729638,1142.123046875,15682497,RELIANCE
2021-11-10,1139.8584075840783,1158.5639086571884,1133.947819541091,1154.895263671875,10253470,RELIANCE
2021-11-11,1150.4341308509872,1164.2254244154967,1148.3959679290283,1157.00146484375,10722478,RELIANCE
2021-11-12,1160.783343266853,1177.0204805624614,1158.1110771767962,1174.46142578125,8712341,RELIANCE
2021-11-15,1177.586582367733,1178.583081524526,1163.9990683781703,1167.5318603515625,4803269,RELIANCE
2021-11-16,1164.9275032865714,1166.2636363626991,1130.0302662731583,1140.402099609375,11337581,RELIANCE
2021-11-17,1131.819202659116,1131.819202659116,1114.6309708056715,1115.98974609375,10202029,RELIANCE
2021-11-18,1114.1781038166205,1127.3127730233773,1109.6715745881545,1120.201904296875,8505625,RELIANCE
2021-11-22,1103.353466536403,1109.1961291306902,1064.8101030658254,1070.5848388671875,24124307,RELIANCE
2021-11-23,1056.6799356820093,1087.5690077245938,1045.787332197155,1080.593994140625,25326999,RELIANCE
2021-11-24,1077.9446209027212,1091.4868494573443,1061.4357769402945,1064.9912109375,16820296,RELIANCE
2021-11-25,1074.7742721480843,1133.2006528139436,1067.5954770563671,1129.1016845703125,42401936,RELIANCE
2021-11-26,1117.7108501017365,1122.149452357917,1087.6824179851199,1092.7098388671875,15763138,RELIANCE
2021-11-29,1104.712245845007,1132.2949564813318,1086.5954393266575,1105.7991943359375,24325354,RELIANCE
2021-11-30,1117.8013949441001,1121.3794713466475,1081.9529437331894,1089.44873046875,32172299,RELIANCE
2021-12-01,1101.9492572911422,1120.5189065172979,1098.3711810133602,1117.3485107421875,10104610,RELIANCE
2021-12-02,1118.5714698041102,1130.5737867535804,1114.9028239659328,1124.52734375,12720411,RELIANCE
2021-12-03,1131.5702131686844,1131.6154976946157,1087.0030516324528,1090.7396240234375,19222481,RELIANCE
2021-12-06,1094.2497321105475,1098.3259382907745,1067.595476803198,1070.0638427734375,10332254,RELIANCE
2021-12-07,1076.2008936152106,1088.814549469748,1068.8862454989733,1078.782470703125,11235122,RELIANCE
2021-12-08,1097.9183562650253,1101.405743762558,1089.8563933091182,1095.2008056640625,8744178,RELIANCE
2021-12-09,1102.85522364802,1120.926625884508,1098.326051956675,1112.5703125,13213547,RELIANCE
2021-12-10,1105.2328712872275,1116.8955527047663,1100.7489847314073,1113.7025146484375,8364414,RELIANCE
2021-12-13,1120.292622697696,1120.564329866256,1088.8147242582452,1091.373779296875,12901733,RELIANCE
2021-12-14,1077.944646457222,1089.7205393231307,1074.9553887174345,1078.0125732421875,12991523,RELIANCE
2021-12-15,1079.7563157042177,1089.2676234327396,1069.38448219365,1074.8648681640625,9366969,RELIANCE
2021-12-16,1089.5845283011158,1094.0231302341062,1072.8039773873268,1088.769287109375,9761279,RELIANCE
2021-12-17,1086.1198166210095,1090.6263454753455,1050.7694958949853,1060.03173828125,21049821,RELIANCE
2021-12-20,1049.7957435304404,1049.7957435304404,1017.7517924627566,1031.45263671875,14325846,RELIANCE
2021-12-21,1046.8518030785813,1062.5454064146618,1038.1784989493156,1046.8065185546875,12836561,RELIANCE
2021-12-22,1052.9887088013688,1074.275907104783,1051.6753379399179,1071.64892578125,17658543,RELIANCE
2021-12-23,1075.2271551661324,1077.944705915956,1068.0031950967277,1071.26416015625,9072401,RELIANCE
2021-12-24,1073.4155095265614,1083.3796623765666,1058.718285237532,1074.6837158203125,7886494,RELIANCE
2021-12-27,1069.5882123719496,1077.038713611814,1063.4964862774043,1073.528564453125,4017223,RELIANCE
2021-12-28,1075.9517717574063,1089.1996512774408,1074.7968966086662,1086.2783203125,6374613,RELIANCE
2021-12-29,1082.9269385141147,1095.6086434721246,1078.8958965572567,1088.135498046875,15425312,RELIANCE
2021-12-30,1087.003127167027,1089.245070757408,1062.3643899373753,1068.478759765625,29333171,RELIANCE
2021-12-31,1074.7742955921874,1079.7110276415224,1068.8863489128844,1072.57763671875,9477290,RELIANCE
2022-01-03,1071.1509110384136,1090.603728995159,1070.4941656370397,1088.7467041015625,5421611,RELIANCE
2022-01-04,1094.2045607530267,1114.6311178916164,1088.8147434123907,1113.317626953125,10847728,RELIANCE
2022-01-05,1115.0840198447643,1121.877776996668,1101.9267085410534,1118.526123046875,11643813,RELIANCE
2022-01-06,1110.1924425923644,1111.4606489189575,1091.0792578429503,1094.4761962890625,14447422,RELIANCE
2022-01-07,1101.0207557139988,1113.294777565113,1092.2341211399646,1103.3079833984375,13112115,RELIANCE
2022-01-10,1110.5547786779957,1112.8193642531028,1094.2723568788356,1104.2138671875,9246731,RELIANCE
2022-01-11,1103.3079147818855,1120.9489898132053,1102.8549498050875,1112.1624755859375,16205164,RELIANCE
2022-01-12,1119.2959115588758,1143.595009691511,1116.4425076278837,1141.8511962890625,14800442,RELIANCE
2022-01-13,1141.9192812349345,1150.8644117443653,1136.0992618786104,1148.28271484375,11856712,RELIANCE
2022-01-14,1148.1469975068374,1162.7761757448827,1144.0027445379585,1149.9586181640625,19930176,RELIANCE
2022-01-17,1149.5058351012956,1161.7345747001148,1149.0528700123114,1155.9598388671875,8036453,RELIANCE
2022-01-18,1157.0921041700744,1160.5342073047743,1139.4282640408564,1142.16845703125,6215029,RELIANCE
2022-01-19,1145.882379974198,1151.3173615953267,1136.3710722869748,1142.077880859375,9755485,RELIANCE
2022-01-20,1132.3173998078944,1136.801286170844,1111.9133687702085,1122.0814208984375,16494486,RELIANCE
2022-01-21,1110.5547274570392,1133.3137934671236,1110.5547274570392,1122.2625732421875,13338594,RELIANCE
2022-01-24,1120.9717499530957,1134.4461715764583,1066.666981959244,1076.9935302734375,21868937,RELIANCE
2022-01-25,1064.1532222498897,1081.8623458947789,1043.9757327083191,1074.887451171875,24510205,RELIANCE
2022-01-27,1058.0161903944513,1067.1198169153088,1046.7159051568356,1058.96728515625,20020431,RELIANCE
2022-01-28,1071.1508364816766,1076.087568078922,1054.5740661673967,1057.9482421875,14667727,RELIANCE
2022-01-31,1068.9768076649402,1089.9016105598887,1067.1650674426833,1080.933837890625,12143683,RELIANCE
2022-02-01,1090.6263567842825,1096.333045361315,1063.0436492942567,1077.3558349609375,13200509,RELIANCE
2022-02-02,1090.1733881906252,1090.1733881906252,1075.725349000261,1079.552490234375,10017691,RELIANCE
2022-02-03,1083.3795890325775,1087.6596951339798,1063.0888887078768,1065.6025390625,9572839,RELIANCE
2022-02-04,1060.280768575064,1063.655064440526,1051.2677111603737,1055.887451171875,11061241,RELIANCE
2022-02-07,1060.7336971993545,1067.4368843783152,1043.9756693517945,1049.4560546875,10714467,RELIANCE
2022-02-08,1055.5931024543218,1068.8862659765236,1046.240291320876,1067.09716796875,12060849,RELIANCE
2022-02-09,1073.9363098694528,1081.2056742872649,1067.9805561051007,1079.5299072265625,11486225,RELIANCE
2022-02-10,1085.0554293647551,1085.0554293647551,1071.1962083846827,1078.4202880859375,12464491,RELIANCE
2022-02-11,1074.887506839841,1079.982854527415,1061.6849113374171,1076.314208984375,15943370,RELIANCE
2022-02-14,1059.9413435390645,1066.599247738376,1047.5992723483944,1059.17138671875,10719633,RELIANCE
2022-02-15,1064.9006018983252,1097.8278430466569,1057.880422222606,1095.1329345703125,11212671,RELIANCE
2022-02-16,1100.5906182455715,1101.9493936888987,1085.1688404247225,1092.868408203125,10392840,RELIANCE
2022-02-17,1096.106457779991,1111.867985430717,1091.5320027819646,1106.7047119140625,12853252,RELIANCE
2022-02-18,1107.1126644779383,1112.5476464311962,1096.129369451274,1098.0543212890625,6775458,RELIANCE
2022-02-21,1092.4379072087868,1103.987376793005,1080.028031731223,1086.9576416015625,11107193,RELIANCE
2022-02-22,1065.6705251768456,1085.146105195485,1063.066305633856,1082.0208740234375,13494914,RELIANCE
2022-02-23,1087.5012562225045,1089.9696221846223,1072.5096827529123,1075.249755859375,7310110,RELIANCE
2022-02-24,1043.975778151862,1059.7827129241718,1016.0760782454672,1021.6695556640625,24846650,RELIANCE
2022-02-25,1032.698202879161,1045.3119804850721,1030.954508957098,1034.4420166015625,14570089,RELIANCE
2022-02-28,1015.894992677199,1072.2152872381166,1015.894992677199,1068.6824951171875,21297446,RELIANCE
2022-03-02,1057.3142599474093,1087.4560239699686,1054.9364629191114,1086.3463134765625,21471786,RELIANCE
2022-03-03,1087.002981514595,1093.7288113845136,1073.4381104672327,1077.1746826171875,10186748,RELIANCE
2022-03-04,1065.7157207883167,1070.8337101992126,1050.9280486616494,1053.283203125,10805667,RELIANCE
2022-03-07,1032.0640445664155,1047.1915918601796,1006.3836454479082,1014.3323974609375,17983310,RELIANCE
2022-03-08,1001.6280233273343,1017.253760796074,987.3611211647836,1012.498046875,21289374,RELIANCE
2022-03-09,1012.7244638561707,1072.05665089973,1011.8864606126765,1066.2139892578125,20414228,RELIANCE
2022-03-10,1087.0029472759036,1089.267532756051,1068.8862634347242,1083.4927978515625,17980493,RELIANCE
2022-03-11,1076.1555181267943,1091.9850941858494,1076.1555181267943,1086.617919921875,12257423,RELIANCE
2022-03-14,1081.0696038594047,1098.0540530902786,1075.2269427815568,1095.540283203125,8340678,RELIANCE
2022-03-15,1099.6621674892272,1099.6621674892272,1060.2129940392667,1070.448974609375,15925769,RELIANCE
2022-03-16,1078.8504605069668,1090.5810688907009,1076.6311594559988,1088.520263671875,11149828,RELIANCE
2022-03-17,1101.8361008572806,1131.1172183134404,1093.8420644373464,1124.0064697265625,21422098,RELIANCE
2022-03-21,1106.9314074851866,1125.0480919172617,1104.6668219311773,1117.5296630859375,11999466,RELIANCE
2022-03-22,1114.2232739689239,1148.124249688356,1111.2794206216663,1146.4031982421875,22557065,RELIANCE
2022-03-23,1142.7117802254184,1161.6663456315202,1142.7117802254184,1150.0489501953125,15462187,RELIANCE
2022-03-24,1136.823891628139,1170.407753742212,1136.823891628139,1167.9166259765625,13168266,RELIANCE
2022-03-25,1169.660588741769,1184.833300668766,1167.169460657995,1175.70703125,14222488,RELIANCE
2022-03-28,1182.1158606493575,1191.060992805179,1171.4723190412603,1187.5283203125,9891424,RELIANCE
2022-03-29,1194.7974641560254,1194.7974641560254,1180.9382429362058,1187.7999267578125,8684065,RELIANCE
2022-03-30,1195.6581430818142,1217.4434746814534,1185.331593767139,1210.6270751953125,15811550,RELIANCE
2022-03-31,1207.0035184657995,1209.1548925411073,1190.5399600350615,1193.3253173828125,13223718,RELIANCE
2022-04-01,1193.891542920345,1207.094137293246,1187.5507515318518,1202.8819580078125,7922880,RELIANCE
2022-04-04,1202.7009276541294,1211.555489970758,1196.45070474843,1206.4375,7929162,RELIANCE
2022-04-05,1200.7307025551163,1209.2456310104756,1186.9620503043643,1189.3851318359375,13149870,RELIANCE
2022-04-06,1171.7441602323938,1193.2123818265243,1171.7441602323938,1186.21484375,12257215,RELIANCE
2022-04-07,1175.3671581453982,1180.3040094861121,1162.6401712692125,1165.289794921875,15496499,RELIANCE
2022-04-08,1159.4697737682463,1188.909504082465,1159.4697737682463,1184.6746826171875,15152495,RELIANCE
2022-04-11,1177.5865608022991,1195.0466201854251,1169.8869936426172,1182.2064208984375,9254209,RELIANCE
2022-04-12,1171.6986884850992,1178.7642727503164,1157.3865016457235,1159.945556640625,13217742,RELIANCE
2022-04-13,1166.0371790472568,1174.2349955581562,1152.9025109003892,1155.68798828125,10354235,RELIANCE
2022-04-18,1147.2410619855225,1159.3792305452218,1142.1683569783831,1152.1551513671875,9974224,RELIANCE
2022-04-19,1158.5638600771326,1208.3848547587156,1155.4161069847771,1196.0654296875,26141820,RELIANCE
2022-04-20,1203.4481327307994,1238.2775602010167,1199.8247720277507,1231.234619140625,25072240,RELIANCE
2022-04-21,1245.9320610290454,1263.1882220689733,1237.3718474027373,1260.0631103515625,21708633,RELIANCE
2022-04-22,1249.5552942902013,1269.0760391912017,1242.8973909745034,1249.510009765625,15054154,RELIANCE
2022-04-25,1242.0821076628993,1249.3287095526507,1206.414795351199,1220.61376953125,17063215,RELIANCE
2022-04-26,1227.4075203143414,1265.9055943331985,1226.3658564890222,1257.1416015625,12227666,RELIANCE
2022-04-27,1248.1739283672139,1280.851985416539,1247.811532355269,1258.3646240234375,19338945,RELIANCE
2022-04-28,1272.6767577965609,1291.269050141953,1261.874601680994,1277.16064453125,25614076,RELIANCE
2022-04-29,1293.6015662528664,1293.6015662528664,1257.8889681093667,1263.7542724609375,18214862,RELIANCE
2022-05-02,1250.9592399328203,1270.6611211332292,1249.1701419744186,1259.3155517578125,9467006,RELIANCE
2022-05-04,1261.3763141052334,1263.6408994515516,1212.1441352320296,1220.002197265625,19247660,RELIANCE
2022-05-05,1233.5219702392728,1236.4659436174286,1192.0800401164388,1196.1109619140625,17210669,RELIANCE
2022-05-06,1183.112189870724,1204.3087009820067,1174.6651887519583,1186.9393310546875,19649948,RELIANCE
2022-05-09,1166.2410086662385,1176.2732081933118,1135.4652620079833,1140.583251953125,18083752,RELIANCE
2022-05-10,1130.0303130323607,1144.3424996019623,1113.2722828322585,1120.8133544921875,19511677,RELIANCE
2022-05-11,1119.9073998813726,1125.4783543216395,1096.9444341111473,1109.331787109375,16643899,RELIANCE
2022-05-12,1099.458311385817,1102.787203178042,1073.4155164726255,1086.7313232421875,20490321,RELIANCE
2022-05-13,1098.7789520224087,1122.3306194635952,1093.9553113783713,1099.0506591796875,19308778,RELIANCE
2022-05-16,1102.6059947530612,1123.6892942266647,1094.54403200538,1099.3223876953125,13437911,RELIANCE
2022-05-17,1102.9003909379085,1150.366239393939,1101.496331090796,1145.497314453125,16551828,RELIANCE
2022-05-18,1150.2530031709177,1163.9990123371506,1136.0313867118257,1149.6641845703125,17276788,RELIANCE
2022-05-19,1125.0481241931686,1137.956250241304,1116.918234266966,1123.16845703125,14699118,RELIANCE
2022-05-20,1137.9563467189944,1197.6962234407256,1133.200752456055,1188.6605224609375,21793091,RELIANCE
2022-05-23,1191.8534622113486,1201.8403770570499,1174.4161648907582,1180.7117919921875,15252755,RELIANCE
2022-05-24,1180.7569797022973,1194.7973375363194,1176.5448004718992,1184.7652587890625,13527818,RELIANCE
2022-05-25,1193.4387237828619,1203.2670225299603,1178.2658929997126,1183.0216064453125,12714544,RELIANCE
2022-05-26,1188.637781781663,1193.3934954511844,1154.0348942869591,1171.7440185546875,17882023,RELIANCE
2022-05-27,1174.4388502012214,1179.9191164627784,1150.4568600156867,1166.3089599609375,16521973,RELIANCE
2022-05-30,1184.3802630005096,1211.1024440039564,1174.959644745959,1206.9356689453125,13853398,RELIANCE
2022-05-31,1196.3373846577454,1213.2765527152142,1184.697464521731,1192.3743896484375,70620653,RELIANCE
2022-06-01,1193.121675611818,1202.587698682473,1184.9238588339676,1192.7593994140625,9776989,RELIANCE
2022-06-02,1192.98576447725,1237.5755649319342,1192.98576447725,1233.88427734375,22126569,RELIANCE
2022-06-03,1242.8068535360608,1276.0283243723425,1241.9009234208313,1258.8853759765625,23939791,RELIANCE
2022-06-06,1259.1117816339226,1274.5109147154305,1246.3393903599856,1253.472900390625,11093152,RELIANCE
2022-06-07,1254.5372764842177,1264.139152836091,1246.4527910651425,1255.828125,12358255,RELIANCE
2022-06-08,1255.8280315270272,1259.564603425916,1230.2608467946977,1233.77099609375,12479250,RELIANCE
2022-06-09,1227.4075206691546,1269.5288357275542,1227.4075206691546,1267.60400390625,17278305,RELIANCE
2022-06-10,1255.443365625697,1263.5958986630922,1223.5579057416696,1229.3326416015625,18093057,RELIANCE
2022-06-13,1200.232652493234,1210.5590824670344,1184.9692504760867,1206.0751953125,17620803,RELIANCE
2022-06-14,1200.2552293704455,1210.1288135182253,1183.6783373201108,1190.3135986328125,14714312,RELIANCE
2022-06-15,1185.535162159316,1194.4802922065517,1170.520948203621,1175.91064453125,11195535,RELIANCE
2022-06-16,1188.0035257051024,1204.3312302745605,1156.7521762440374,1159.4697265625,17111475,RELIANCE
2022-06-17,1159.4697388409886,1188.8414216894157,1157.7034029954712,1173.0572509765625,24457187,RELIANCE
2022-06-20,1179.8510396489687,1185.3314250139977,1141.8512172581657,1151.7928466796875,12066797,RELIANCE
2022-06-21,1159.4698864092793,1174.5973137201734,1145.112415821389,1170.38525390625,11720049,RELIANCE
2022-06-22,1158.6093864513275,1158.6999555030718,1132.7477291666964,1134.8311767578125,10617206,RELIANCE
2022-06-23,1139.111305663959,1143.6178348788872,1107.3843432520748,1116.4200439453125,19446323,RELIANCE
2022-06-24,1123.2363989208543,1137.2767565696067,1117.8012981016543,1132.3173828125,14240234,RELIANCE
2022-06-27,1152.6534598644344,1152.6534598644344,1123.9383995696694,1128.9658203125,15474529,RELIANCE
2022-06-28,1124.1874785863165,1147.6712157735933,1124.1874785863165,1144.8404541015625,13572847,RELIANCE
2022-06-29,1135.555621058676,1176.2277061469952,1132.747501816881,1168.595947265625,19205146,RELIANCE
2022-06-30,1168.5282289340553,1184.7880089664673,1162.1874370508547,1175.616455078125,23112959,RELIANCE
2022-07-01,1166.2183382001654,1173.9631898181497,1071.150907551117,1090.943359375,81997149,RELIANCE
2022-07-04,1077.4691189892487,1106.025565464495,1071.6490989100685,1093.2080078125,41857728,RELIANCE
2022-07-05,1097.42011751126,1116.3973279805082,1094.7478514073186,1102.0625,17647327,RELIANCE
2022-07-06,1096.106567126978,1106.0027924376789,1081.5679595799388,1092.3699951171875,23943726,RELIANCE
2022-07-07,1098.7337103035795,1102.0626023112773,1075.6801717525568,1081.6134033203125,23301033,RELIANCE
2022-07-08,1095.155510044553,1095.155510044553,1079.0995110804106,1083.10791015625,19010108,RELIANCE
2022-07-11,1076.359301395055,1100.046817658232,1073.4153285810387,1097.82763671875,13847467,RELIANCE
2022-07-12,1088.8146344584836,1104.983845261713,1088.8146344584836,1096.26513671875,10778989,RELIANCE
2022-07-13,1099.3677256155834,1102.4022679488555,1074.7742754785731,1076.8349609375,14224132,RELIANCE
2022-07-14,1081.568146854285,1102.3797424093775,1076.5633677805536,1085.7122802734375,16970315,RELIANCE
2022-07-15,1093.7968755659167,1093.7968755659167,1079.348834704648,1087.818359375,9603210,RELIANCE
2022-07-18,1096.5143900160117,1098.3260107043704,1083.5155743058108,1097.08056640625,15160908,RELIANCE
2022-07-19,1087.1388148491112,1108.2901609105513,1087.1388148491112,1103.8062744140625,16439888,RELIANCE
2022-07-20,1150.4117186773553,1151.5439517713457,1126.067329452551,1133.6536865234375,23924246,RELIANCE
2022-07-21,1129.5772288514759,1132.2947793542016,1117.484344754926,1126.0897216796875,16523230,RELIANCE
2022-07-22,1132.29491466853,1139.6774905895736,1130.0303289124045,1133.698974609375,10969995,RELIANCE
2022-07-25,1117.5523977830067,1117.5523977830067,1088.3618480432954,1096.2425537109375,23110452,RELIANCE
2022-07-26,1096.5597066124965,1106.8862563190191,1092.1437462800975,1096.7408447265625,11303288,RELIANCE
2022-07-27,1096.0387306174957,1099.2317688342157,1087.908840568981,1095.6990966796875,8655086,RELIANCE
2022-07-28,1103.3081533989875,1117.7788361232904,1096.5143960795697,1112.86474609375,12496073,RELIANCE
2022-07-29,1120.8359411287292,1140.0396942059215,1115.989778235377,1136.5748291015625,15130683,RELIANCE
2022-08-01,1140.968245399228,1172.038463313215,1135.7370437974075,1166.19580078125,15700044,RELIANCE
2022-08-02,1165.1313691654111,1181.1193216829413,1160.1718752661886,1170.63427734375,13917913,RELIANCE
2022-08-03,1177.586478112168,1182.11564904104,1162.8440902328596,1180.4625244140625,14250977,RELIANCE
2022-08-04,1182.1156551708407,1185.6258045890304,1148.1468730281574,1164.8594970703125,14467127,RELIANCE
2022-08-05,1166.7164604960217,1167.9845468317753,1144.5008098568317,1147.69384765625,13942438,RELIANCE
2022-08-08,1146.3351396535795,1170.1359894573532,1146.3351396535795,1162.7081298828125,10165178,RELIANCE
2022-08-10,1167.1242318013608,1173.012178752456,1158.133815529184,1169.66064453125,10724688,RELIANCE
2022-08-11,1178.990645714219,1182.0704726435374,1168.618812190309,1173.5556640625,8198226,RELIANCE
2022-08-12,1173.1933504665235,1196.3148161235515,1169.5248244491684,1192.532958984375,12650587,RELIANCE
2022-08-16,1198.511296976361,1203.5387175050762,1189.9512045412775,1200.8211669921875,6607378,RELIANCE
2022-08-17,1207.0261894301318,1212.4158859762824,1202.7460834374597,1207.0941162109375,6595965,RELIANCE
2022-08-18,1208.6925853891362,1212.7820913718717,1199.6955520359063,1209.2833251953125,7410035,RELIANCE
2022-08-19,1204.148579928399,1209.464997552082,1183.6779742626552,1187.72216796875,9460724,RELIANCE
2022-08-22,1189.1536549981986,1195.6514326976853,1175.0673642837935,1184.4278564453125,9471680,RELIANCE
2022-08-23,1178.7024907985585,1205.6027266806439,1177.4982950302235,1202.694580078125,9678484,RELIANCE
2022-08-24,1199.6499778722127,1213.236390851307,1197.4915843453323,1199.4908447265625,10369622,RELIANCE
2022-08-25,1203.671444195302,1210.0102083418858,1191.6981161929027,1195.9921875,7871946,RELIANCE
2022-08-26,1196.4237108559755,1204.1485194816453,1184.6095168359632,1189.6077880859375,10742038,RELIANCE
2022-08-29,1174.6128173581192,1206.4205794013706,1171.4547933496005,1180.3609619140625,19838975,RELIANCE
2022-08-30,1187.790261371782,1201.990130578996,1170.795826558723,1198.6729736328125,23139054,RELIANCE
2022-09-01,1173.5450568236956,1183.6780172121637,1159.0270403092493,1163.4346923828125,19909939,RELIANCE
2022-09-02,1163.4346809089884,1170.2278880627014,1147.6671567250864,1149.8482666015625,12999345,RELIANCE
2022-09-05,1150.0753260593585,1173.022349910166,1150.0753260593585,1167.7059326171875,11327815,RELIANCE
2022-09-06,1169.1600343727337,1184.1550886922698,1168.705591439244,1179.997314453125,10899618,RELIANCE
2022-09-07,1170.0688269822717,1179.1112920563703,1167.7968526449285,1173.135986328125,7488501,RELIANCE
2022-09-08,1176.0896159479148,1180.519984126391,1168.2513462113554,1174.7945556640625,7057077,RELIANCE
2022-09-09,1185.9728273387254,1185.9728273387254,1165.0706121863568,1167.47900390625,8314850,RELIANCE
2022-09-12,1168.046804859231,1186.8816091364133,1168.046804859231,1180.542724609375,7435419,RELIANCE
2022-09-13,1189.607769133953,1194.9241864060612,1181.8830808225475,1190.4029541015625,8888657,RELIANCE
2022-09-14,1170.0688394223355,1185.9726599528265,1169.046493026583,1176.135009765625,8678219,RELIANCE
2022-09-15,1173.704175948456,1183.041952132411,1161.7762789427293,1164.47998046875,10365600,RELIANCE
2022-09-16,1155.8690579820689,1160.0722649582217,1131.899684568862,1135.625732421875,20217708,RELIANCE
2022-09-19,1135.6256276709717,1146.3038949822844,1127.5146444730447,1137.1024169921875,7580254,RELIANCE
2022-09-20,1146.1903481529216,1153.119972213298,1133.5808482063046,1137.2841796875,8411448,RELIANCE
2022-09-21,1134.512398474311,1150.9842421176709,1133.7172134827065,1140.4195556640625,9207309,RELIANCE
2022-09-22,1129.6276634257686,1137.3523524884633,1123.3116153435435,1129.673095703125,10308170,RELIANCE
2022-09-23,1129.1733426023927,1134.1488981287762,1106.9533532004177,1108.498291015625,9528051,RELIANCE
2022-09-26,1087.845960638479,1098.6379294477279,1079.257938059937,1080.257568359375,12479523,RELIANCE
2022-09-27,1087.8232365030442,1102.3639690673094,1072.4192906698377,1088.845703125,16154822,RELIANCE
2022-09-28,1072.5328732525227,1080.5529923156532,1057.4242371952328,1059.855224609375,16997059,RELIANCE
2022-09-29,1072.3738473223364,1075.7817488504493,1051.0171916607421,1056.6063232421875,14671827,RELIANCE
2022-09-30,1050.1082416737165,1091.4582168624277,1050.1082416737165,1080.439208984375,18613024,RELIANCE
2022-10-03,1086.687337582096,1098.2516553264609,1073.7370949613044,1076.690673828125,11852723,RELIANCE
2022-10-04,1089.5499554327275,1098.7287171700252,1086.0737854797874,1096.547607421875,8948850,RELIANCE
2022-10-06,1103.7271026820092,1113.269322563035,1098.7968595905177,1100.5916748046875,13352162,RELIANCE
2022-10-07,1097.2065545320427,1110.4976589700225,1097.2065545320427,1105.2493896484375,7714340,RELIANCE
2022-10-10,1092.8216022630288,1098.547030597458,1085.0969133921378,1093.1851806640625,6329527,RELIANCE
2022-10-11,1096.9110251312234,1096.9110251312234,1068.32955827905,1071.41943359375,9215177,RELIANCE
2022-10-12,1068.7385368720138,1082.2340849282734,1064.6943435675623,1079.30322265625,7417103,RELIANCE
2022-10-13,1077.5538882747444,1087.8231445652352,1072.419200033899,1082.7340087890625,7328492,RELIANCE
2022-10-14,1097.3654596284905,1097.9789154976827,1076.508681223135,1077.2357177734375,9106089,RELIANCE
2022-10-17,1070.1019383497958,1096.9111900194368,1064.9218171343564,1094.525634765625,16729355,RELIANCE
2022-10-18,1100.5462980220425,1119.1765361724479,1099.7056807153497,1113.83740234375,12415820,RELIANCE
2022-10-19,1115.314085328947,1148.6440655761994,1109.4977929604431,1133.21728515625,19247142,RELIANCE
2022-10-20,1129.173323936751,1144.6227018334394,1129.173323936751,1136.2618408203125,8717053,RELIANCE
2022-10-21,1139.4879233106462,1143.6229813098248,1120.994103570685,1123.084228515625,8243452,RELIANCE
2022-10-24,1117.8133802746593,1137.1252236758137,1115.6778227953112,1126.8331298828125,3370033,RELIANCE
2022-10-25,1135.5348605120162,1135.5348605120162,1107.8167232856267,1109.4298095703125,12233241,RELIANCE
2022-10-27,1116.90446154382,1121.6529753517277,1105.4537260220727,1113.7918701171875,12513059,RELIANCE
2022-10-28,1120.085180684718,1151.8929390234955,1117.5633290375395,1147.87158203125,17609592,RELIANCE
2022-10-31,1154.6195667238408,1163.684748855419,1150.620804946696,1158.52734375,12419943,RELIANCE
2022-11-01,1181.428644108962,1181.428644108962,1139.6243422706675,1149.5528564453125,13963166,RELIANCE
2022-11-02,1150.666129478395,1158.7998289194838,1142.8051438822936,1156.7322998046875,8981896,RELIANCE
2022-11-03,1149.5529038103175,1163.048452941367,1147.3717940343818,1161.049072265625,6693449,RELIANCE
2022-11-04,1160.4810755593053,1181.428720196316,1159.2088516372303,1178.1343994140625,12575815,RELIANCE
2022-11-07,1177.3393389028124,1186.1092114125374,1169.614649236392,1184.4278564453125,11789748,RELIANCE
2022-11-09,1186.1090519678319,1191.4027533204435,1176.9074538352093,1183.246337890625,11254205,RELIANCE
2022-11-10,1176.8848340514855,1179.8611290593667,1164.616195791804,1168.9329833984375,5966242,RELIANCE
2022-11-11,1181.428793587036,1197.787058206641,1175.9760787775724,1195.878662109375,12310132,RELIANCE
2022-11-14,1195.4015009715274,1200.5134736804264,1183.7689145270133,1190.0850830078125,9043112,RELIANCE
2022-11-15,1191.5617725862496,1193.4247362453084,1176.8847439241665,1184.745849609375,7086433,RELIANCE
2022-11-16,1185.9727580356148,1188.6764594316192,1172.954366703904,1177.9527587890625,9716161,RELIANCE
2022-11-17,1174.5901593039591,1187.3359568517499,1172.3409009131724,1180.9971923828125,6661451,RELIANCE
2022-11-18,1184.495900066872,1185.518366679259,1168.2967693410817,1180.3609619140625,5303197,RELIANCE
2022-11-21,1175.9760614312995,1175.9760614312995,1155.5737233322704,1159.1180419921875,6390268,RELIANCE
2022-11-22,1156.4369938334312,1167.1152613187112,1152.5746494360667,1165.547607421875,6611488,RELIANCE
2022-11-23,1170.0688915510787,1171.3866679891707,1159.7313656787815,1161.9124755859375,6413408,RELIANCE
2022-11-24,1165.9794167577484,1178.7024981272687,1157.8911489931052,1171.9320068359375,9389439,RELIANCE
2022-11-25,1176.4305937132758,1192.7433068604935,1173.295165319625,1189.42626953125,7349922,RELIANCE
2022-11-28,1185.472920181286,1236.4333911015242,1136.8980043426527,1230.299072265625,31527484,RELIANCE
2022-11-29,1228.6632233258865,1241.2500078770877,1224.1419904117938,1232.4119873046875,11058913,RELIANCE
2022-11-30,1232.54834119291,1247.5206802015884,1226.0504438987869,1241.1136474609375,26164986,RELIANCE
2022-12-01,1245.8619813701127,1251.8600031393141,1234.1386516701657,1237.4556884765625,9485801,RELIANCE
2022-12-02,1240.50026242272,1248.6793948058917,1227.1410088571656,1236.9332275390625,11589592,RELIANCE
2022-12-05,1232.3212015923184,1234.4795955595694,1216.8718218980066,1218.893798828125,14828536,RELIANCE
2022-12-06,1211.0099786652759,1225.5051588426245,1209.146894711336,1222.415283203125,8594245,RELIANCE
2022-12-07,1220.0522678623734,1224.596216109751,1200.5814147669141,1204.3756103515625,8462111,RELIANCE
2022-12-08,1208.6924277820037,1210.9644019630948,1199.6499633297894,1203.8076171875,7757008,RELIANCE
2022-12-09,1202.330873974504,1208.6924740397408,1182.2692798901842,1185.563720703125,12655763,RELIANCE
2022-12-12,1174.8401159938364,1191.8798642806923,1174.6128344148897,1187.38134765625,9479842,RELIANCE
2022-12-13,1187.381293975718,1196.4237590933476,1184.473147579326,1192.7886962890625,8333348,RELIANCE
2022-12-14,1198.5367354613884,1199.127475241392,1186.4271108317469,1188.471923828125,7268947,RELIANCE
2022-12-15,1182.564761948623,1188.244637773301,1168.2513114103942,1171.591064453125,8688551,RELIANCE
2022-12-16,1168.2513090093973,1189.9714223850988,1162.412300039899,1165.7974853515625,15837349,RELIANCE
2022-12-19,1172.7952889779006,1183.2463953663826,1166.2973916450521,1181.1107177734375,7729933,RELIANCE
2022-12-20,1174.1129983269077,1193.242990634255,1165.9792991040035,1191.3345947265625,7467588,RELIANCE
2022-12-21,1190.9710448813423,1196.4237592798247,1170.5687080191292,1174.3856201171875,8527550,RELIANCE
2022-12-22,1180.5199485444361,1183.541675654874,1166.3200787009303,1171.3411865234375,7451122,RELIANCE
2022-12-23,1164.7524600759673,1177.112082738486,1132.4676588679463,1136.9888916015625,10257115,RELIANCE
2022-12-26,1142.6915558359974,1155.0737739248264,1132.5357596211306,1146.9173583984375,5990242,RELIANCE
2022-12-27,1149.6210331376262,1158.1636228081527,1142.9186909584178,1156.3006591796875,5763271,RELIANCE
2022-12-28,1153.2561494312388,1158.6179988266933,1145.7586226936976,1156.18701171875,7459393,RELIANCE
2022-12-29,1148.2580090394192,1158.2092411945277,1147.576404624278,1155.6646728515625,6930648,RELIANCE
2022-12-30,1156.4824475075623,1170.97762738263,1154.6649160603042,1157.4366455078125,7289476,RELIANCE
2023-01-02,1158.7090222381169,1171.8865462707408,1157.8911210447166,1170.4779052734375,5316175,RELIANCE
2023-01-03,1165.5476587645308,1169.160125804233,1157.7093889350726,1161.9124755859375,7658932,RELIANCE
2023-01-04,1161.8896870062515,1163.7300547153022,1142.3506838068283,1144.418212890625,9264891,RELIANCE
2023-01-05,1146.6673617360877,1152.5290861752228,1137.80662667146,1142.373291015625,13637099,RELIANCE
2023-01-06,1148.0988183662998,1157.7774553339088,1144.3046224842542,1152.75634765625,6349597,RELIANCE
2023-01-09,1156.5732620005954,1182.3375684218504,1155.687212453628,1179.974609375,10722753,RELIANCE
2023-01-10,1184.155127696438,1184.155127696438,1156.891435377878,1162.52587890625,8047142,RELIANCE
2023-01-11,1159.8449086559888,1162.344044167369,1145.5767715508584,1147.87158203125,11509553,RELIANCE
2023-01-12,1147.280880250268,1150.7569299071174,1120.0852177263125,1123.084228515625,17688773,RELIANCE
2023-01-13,1117.0862332620186,1123.6749947373953,1106.2716693328798,1121.2667236328125,20618583,RELIANCE
2023-01-16,1123.5840516608462,1126.7420752597088,1102.8181384631341,1110.58837890625,13623855,RELIANCE
2023-01-17,1116.9046027544262,1128.2644751675343,1113.5421334042796,1126.3560791015625,10751000,RELIANCE
2023-01-18,1123.947854631307,1131.9451378363888,1117.9725482719243,1124.4930419921875,13448286,RELIANCE
2023-01-19,1123.674870576832,1127.4236337375953,1116.290924928179,1123.2886962890625,11940054,RELIANCE
2023-01-20,1124.6291897175156,1124.6291897175156,1107.4758620574123,1109.9295654296875,14930286,RELIANCE
2023-01-23,1112.8150268033937,1120.6305800710875,1101.9094778576764,1104.3177490234375,10954118,RELIANCE
2023-01-24,1108.7253859560433,1110.3839043654414,1084.8014472016187,1097.7972412109375,16488755,RELIANCE
2023-01-25,1096.2067717974144,1097.2291180769223,1081.4615961665293,1082.6202392578125,12385018,RELIANCE
2023-01-27,1083.4611595770739,1084.8015319770323,1050.403768536496,1062.081787109375,25830975,RELIANCE
2023-01-30,1059.5144571522903,1077.781116815708,1045.564464693845,1072.26025390625,21772103,RELIANCE
2023-01-31,1082.3705756526113,1084.9379802131518,1063.7403362487162,1069.579345703125,22691594,RELIANCE
2023-02-01,1081.4391134749721,1081.4391134749721,1047.382090519888,1063.2406005859375,19347800,RELIANCE
2023-02-02,1053.2891691648742,1066.9210156997124,1050.1084290116537,1057.3560791015625,13662663,RELIANCE
2023-02-03,1067.3752494240246,1067.3752494240246,1041.9290928040316,1058.287353515625,24699575,RELIANCE
2023-02-06,1051.9258301558875,1054.652247201578,1047.7454602358487,1050.312744140625,14837879,RELIANCE
2023-02-07,1050.5628652677376,1057.560517598404,1041.9292904027159,1047.791015625,15135435,RELIANCE
2023-02-08,1051.017186057536,1072.3284093286718,1048.290888887822,1068.7159423828125,21160332,RELIANCE
2023-02-09,1069.3976200283605,1077.3040386110727,1060.559599329042,1070.5789794921875,13172763,RELIANCE
2023-02-10,1070.0563840638993,1070.0563840638993,1054.7886158361225,1061.763671875,10790445,RELIANCE
2023-02-13,1063.3767549774948,1067.8298390073717,1051.267130813873,1055.72021484375,10352493,RELIANCE
2023-02-14,1058.7192622894795,1082.3250555378218,1055.8565481440585,1080.598388671875,14321920,RELIANCE
2023-02-15,1079.6440602664363,1107.4531801088635,1078.2809718116707,1105.0675048828125,33503591,RELIANCE
2023-02-16,1113.019527781497,1119.5401413378127,1101.9322491792432,1104.2042236328125,17264487,RELIANCE
2023-02-17,1099.6375221146495,1112.1334412904273,1095.3661670147737,1108.8162841796875,11809520,RELIANCE
2023-02-20,1110.9974583087273,1113.1558521216361,1095.1390690194628,1097.093017578125,8836937,RELIANCE
2023-02-21,1101.4552961916092,1111.8154187780797,1096.1614739086865,1106.044677734375,13311592,RELIANCE
2023-02-22,1102.34116225432,1104.181409716533,1079.2124090771258,1080.9617919921875,11024335,RELIANCE
2023-02-23,1080.5528460297141,1088.1639533747034,1072.987170955967,1075.7816162109375,9851910,RELIANCE
2023-02-24,1077.8265267799054,1088.800224148405,1076.0089953829322,1083.1429443359375,9434053,RELIANCE
2023-02-27,1082.3705449963543,1085.8467152410444,1068.6024012348664,1075.9407958984375,11199715,RELIANCE
2023-02-28,1070.6016220746747,1075.55458156191,1051.3126158801917,1055.356689453125,21994038,RELIANCE
2023-03-01,1065.1035377480093,1065.7851421281152,1055.6747773158893,1065.05810546875,11551145,RELIANCE
2023-03-02,1061.9226969308686,1068.5796069332716,1054.9249246750653,1056.947021484375,9333535,RELIANCE
2023-03-03,1067.443561368033,1087.5733043694927,1063.9902277008234,1083.9154052734375,14643807,RELIANCE
2023-03-06,1090.5495987349282,1101.7277412564927,1090.5495987349282,1094.5028076171875,10171916,RELIANCE
2023-03-08,1094.5028585607813,1099.1832244435238,1083.7337262043,1098.4334716796875,15782657,RELIANCE
2023-03-09,1097.8201071650074,1098.2289976932168,1070.1474010143947,1072.0330810546875,16235128,RELIANCE
2023-03-10,1063.967514713159,1065.1034417835135,1051.9486346812796,1055.4248046875,13334091,RELIANCE
2023-03-13,1058.2876262665352,1065.1035499544928,1033.7502288751577,1038.0670166015625,12771592,RELIANCE
2023-03-14,1036.0220100653578,1047.359164622662,1031.0464552108242,1034.1817626953125,16027522,RELIANCE
2023-03-15,1037.885231401589,1044.3375763114452,1012.1209234658597,1016.505859375,21728555,RELIANCE
2023-03-16,1019.2095111682803,1024.2077825786946,1000.6701381392561,1011.4392700195312,18363159,RELIANCE
2023-03-17,1020.0047649704466,1023.2763697645565,1005.4413760837782,1010.1671142578125,34014213,RELIANCE
2023-03-20,1006.4864237654998,1008.7583980790381,990.5825434751304,1000.2384643554688,19524589,RELIANCE
2023-03-21,1008.2811925498517,1033.2957451749278,1007.3951430408976,1031.341796875,21400360,RELIANCE
2023-03-22,1038.2942074878824,1041.2250703817986,1031.4782836063534,1034.477294921875,10920094,RELIANCE
2023-03-23,1030.5695100723885,1031.4328435974764,1019.2323531619834,1021.3907470703125,16249370,RELIANCE
2023-03-24,1020.2319499604101,1022.3903437977212,998.7617725722084,1001.1700439453125,12375945,RELIANCE
2023-03-27,1007.6224178329715,1024.207782359069,999.7613722312702,1016.7329711914062,14054323,RELIANCE
2023-03-28,1020.118297683826,1025.3438507677042,1016.4831146440141,1021.4815063476562,12576424,RELIANCE
2023-03-29,1017.391938716083,1020.0274916428302,1004.71434981678,1015.4381103515625,18804065,RELIANCE
2023-03-31,1024.6623383806666,1064.8536804760474,1024.5260415402947,1059.2191162109375,28171201,RELIANCE
2023-04-03,1065.5579119993613,1067.3754434349298,1051.9259454677697,1059.4007568359375,10293043,RELIANCE
2023-04-05,1066.9211362151764,1066.9211362151764,1048.9953365251422,1056.8563232421875,16262928,RELIANCE
2023-04-06,1053.3572991214214,1069.6474143387793,1053.3572991214214,1063.9447021484375,18435046,RELIANCE
2023-04-10,1067.829873819937,1068.0116029231133,1054.9022279148219,1056.4017333984375,12961408,RELIANCE
2023-04-11,1060.559540630498,1063.7402807994256,1056.0383079017138,1061.6273193359375,10542367,RELIANCE
2023-04-12,1061.6272515959452,1075.9179854968688,1058.7646577412916,1066.3076171875,18179087,RELIANCE
2023-04-13,1069.1930541875877,1075.0093475188144,1064.1947822733791,1070.3291015625,12378208,RELIANCE
2023-04-17,1101.8867990924884,1101.8867990924884,1067.3981721567704,1075.759033203125,17929479,RELIANCE
2023-04-18,1080.0985197030036,1080.0985197030036,1056.9243329412964,1063.4449462890625,10405576,RELIANCE
2023-04-19,1062.8542061722762,1071.4195123263064,1059.741614492453,1068.7386474609375,12273475,RELIANCE
2023-04-20,1069.692811176778,1071.9193532094926,1059.6961482625013,1066.034912109375,7007330,RELIANCE
2023-04-21,1068.1253632194423,1072.8283257021726,1061.6501811091248,1067.3756103515625,7647317,RELIANCE
2023-04-24,1079.1896539611616,1081.8705185788936,1066.9208972884767,1071.4649658203125,12936186,RELIANCE
2023-04-25,1075.1002048906516,1081.7343994033272,1068.0571198634168,1079.6668701171875,9236126,RELIANCE
2023-04-26,1081.0073822687018,1084.2336751201349,1069.6702254865136,1073.328125,8617834,RELIANCE
2023-04-27,1079.189733985385,1083.2792397187284,1074.191342363561,1080.1212158203125,9167125,RELIANCE
2023-04-28,1082.3704342762564,1101.409681900637,1082.2568535921685,1099.8646240234375,15565210,RELIANCE
2023-05-02,1106.9986888116582,1111.3609082117491,1103.3180737047812,1109.2025146484375,12981805,RELIANCE
2023-05-03,1110.9974233118683,1110.9974233118683,1096.4795270846325,1099.6829833984375,7061872,RELIANCE
2023-05-04,1100.1602273210067,1114.5645439655561,1097.1839321641876,1112.3607177734375,8635233,RELIANCE
2023-05-05,1109.1798878043744,1118.4267984938415,1106.9079133744922,1109.5206298828125,8746585,RELIANCE
2023-05-08,1113.2692311404737,1128.5597141757223,1110.6110827431748,1123.2205810546875,9153782,RELIANCE
2023-05-09,1124.6292481933926,1129.9912183396398,1119.290114376559,1126.69677734375,6464721,RELIANCE
2023-05-10,1131.4453248412979,1135.9211253467272,1127.446563252221,1134.4443359375,10872255,RELIANCE
2023-05-11,1135.51203899488,1140.3058651251242,1125.3335267806174,1127.03759765625,10557860,RELIANCE
2023-05-12,1122.2664514997994,1130.2638545526538,1116.2229969798393,1128.8779296875,6955341,RELIANCE
2023-05-15,1131.3996779874171,1138.0564669446687,1123.788450804842,1131.104248046875,6833343,RELIANCE
2023-05-16,1133.2628763872494,1135.8074445597895,1113.3375770795326,1114.9962158203125,8717229,RELIANCE
2023-05-17,1119.1766035619933,1120.085369338175,1103.7272247932553,1108.407470703125,8798967,RELIANCE
2023-05-18,1113.0649351771951,1116.4502407386783,1102.8864225456616,1106.0218505859375,10525531,RELIANCE
2023-05-19,1106.0218196807168,1111.4291017814717,1099.1149119209986,1109.6114501953125,8050447,RELIANCE
2023-05-22,1106.4536050806153,1120.5398963368386,1105.2495293990407,1115.54150390625,7434906,RELIANCE
2023-05-23,1118.1087637100431,1121.4485168171577,1113.9282731003457,1115.3369140625,6092034,RELIANCE
2023-05-24,1111.4063935962217,1119.630957590089,1105.749113749558,1108.8389892578125,8112254,RELIANCE
2023-05-25,1105.9537453747698,1112.8151011277312,1097.8427615845399,1108.7027587890625,11487863,RELIANCE
2023-05-26,1116.904610291511,1140.0787982471202,1113.6102893364032,1138.94287109375,12626260,RELIANCE
2023-05-29,1145.5314605509366,1149.6210865747194,1139.2608448772517,1145.3497314453125,10010304,RELIANCE
2023-05-30,1145.349753161613,1153.1199946776444,1142.509755067562,1145.054443359375,11342504,RELIANCE
2023-05-31,1135.9892890678166,1140.4650896335454,1118.2678159183406,1122.3118896484375,27107927,RELIANCE
2023-06-01,1126.969292454815,1129.127685777368,1116.9043623276352,1119.2899169921875,14592692,RELIANCE
2023-06-02,1122.8117036497752,1128.1962696801756,1113.7238061790024,1115.6322021484375,15800644,RELIANCE
2023-06-05,1121.085068396339,1128.6053121788445,1117.1090229973545,1125.6517333984375,10908682,RELIANCE
2023-06-06,1128.4689187387335,1130.4000307352399,1118.7221336360576,1126.6058349609375,7493309,RELIANCE
2023-06-07,1130.0821412207565,1135.9892989888378,1123.5388113588674,1135.148681640625,10312545,RELIANCE
2023-06-08,1138.7156307485393,1143.6458744813403,1131.8997070078415,1135.8302001953125,12071109,RELIANCE
2023-06-09,1139.1699412328312,1139.874261684162,1125.9924180855612,1127.787353515625,5877018,RELIANCE
2023-06-12,1124.8564945620458,1131.0816777652867,1120.0852643496842,1128.7869873046875,6391969,RELIANCE
2023-06-13,1133.7173319025067,1146.6448585440896,1129.741286337972,1145.46337890625,11248016,RELIANCE
2023-06-14,1145.5314201372407,1160.9809175855808,1143.7138887627082,1159.549560546875,13277380,RELIANCE
2023-06-15,1159.5268135380984,1164.4116242878063,1152.1201510303479,1159.86767578125,11813494,RELIANCE
2023-06-16,1163.3438717544047,1173.431520437393,1163.3438717544047,1171.1595458984375,24171579,RELIANCE
2023-06-19,1174.1585755296505,1174.1585755296505,1155.369322961202,1159.5269775390625,6798554,RELIANCE
2023-06-20,1157.5957972211602,1165.070488566,1151.893084884151,1161.9351806640625,6921096,RELIANCE
2023-06-21,1161.889630244124,1167.7286388194623,1157.8001247424693,1165.206787109375,6961603,RELIANCE
2023-06-22,1161.4354185434336,1169.296404389101,1150.52986917785,1152.1202392578125,7619166,RELIANCE
2023-06-23,1149.1212794125972,1151.1660925456156,1141.4420223330224,1142.691650390625,6628570,RELIANCE
2023-06-26,1139.1700001634836,1142.9869124040958,1130.8545713330911,1133.9671630859375,12641159,RELIANCE
2023-06-27,1134.4216529822017,1140.305974461151,1129.9231362063101,1134.376220703125,9689466,RELIANCE
2023-06-28,1141.896393407388,1153.1881169201986,1135.0122016455275,1149.3939208984375,11354006,RELIANCE
2023-06-30,1157.0731268247234,1161.7306560822208,1151.1886857801614,1158.822509765625,11151555,RELIANCE
2023-07-03,1162.3669506539804,1191.425580555085,1161.1400387375704,1188.5628662109375,12154387,RELIANCE
2023-07-04,1192.7887391966194,1192.7887391966194,1169.2736896643748,1176.31689453125,8061643,RELIANCE
2023-07-05,1185.5183304828597,1185.5183304828597,1170.432411192628,1174.3856201171875,10248062,RELIANCE
2023-07-06,1170.546016490242,1201.6266214253383,1170.546016490242,1199.03662109375,19117987,RELIANCE
2023-07-07,1197.3325831480681,1210.9417123971473,1194.15172307179,1196.6964111328125,13375267,RELIANCE
2023-07-10,1221.8245601360636,1252.3145466417043,1215.5085119378625,1242.794921875,33240016,RELIANCE
2023-07-11,1250.9058502676546,1258.6759714064597,1243.9536302912918,1256.2677001953125,20069348,RELIANCE
2023-07-12,1256.9946762890331,1273.2166423107678,1254.8817149747802,1257.653564453125,18733835,RELIANCE
2023-07-13,1264.992154591986,1271.8535100977601,1243.794632147719,1246.4073486328125,14682934,RELIANCE
2023-07-14,1249.5881074417618,1254.5410670168455,1238.2736675009803,1245.3623046875,15124144,RELIANCE
2023-07-17,1248.225023984058,1279.1466167196916,1239.5914489485467,1270.8084716796875,22220040,RELIANCE
2023-07-18,1280.0325658904894,1289.3249082218795,1269.1270172578058,1281.6002197265625,25867313,RELIANCE
2023-07-19,1285.9397747939042,1297.7540895736324,1270.944719940005,1291.3243408203125,39122156,RELIANCE
2023-07-20,1270.1421687973038,1295.224991076979,1270.1421687973038,1289.760498046875,38717624,RELIANCE
2023-07-21,1284.4190157057792,1287.3235564344566,1242.3763715855305,1249.834716796875,30249238,RELIANCE
2023-07-24,1221.4041174807796,1238.117785416934,1215.6441946530279,1224.5548095703125,23727866,RELIANCE
2023-07-25,1227.8041962368873,1233.3179681079685,1220.9119513502328,1223.767333984375,12026020,RELIANCE
2023-07-26,1223.3732632571832,1253.896056948107,1223.3732632571832,1243.6561279296875,12911012,RELIANCE
2023-07-27,1247.5209111436616,1249.2931304965796,1226.0072859774648,1232.087158203125,17226898,RELIANCE
2023-07-28,1236.6902137331379,1251.853175548335,1231.0287272255082,1244.4686279296875,20827852,RELIANCE
2023-07-31,1244.4686660676819,1257.2930680054526,1239.594792375287,1255.00390625,8551174,RELIANCE
2023-08-01,1257.8347690470637,1259.8039819927342,1233.3673222353511,1237.2564697265625,9536632,RELIANCE
2023-08-02,1235.2871417271826,1236.665614699006,1212.8381883521488,1224.0380859375,12748214,RELIANCE
2023-08-03,1218.5982448556042,1231.2011357970357,1210.1060138900245,1218.8935546875,10168350,RELIANCE
2023-08-04,1230.1673350047402,1238.6349265214124,1216.7767111886983,1235.4595947265625,22885610,RELIANCE
2023-08-07,1241.0963994857652,1244.7393951840495,1233.2195480808575,1242.49951171875,5982870,RELIANCE
2023-08-08,1244.5424722858313,1247.7178038434138,1230.536470478926,1235.016357421875,9844072,RELIANCE
2023-08-09,1233.145764124846,1245.034838767312,1221.453562693164,1243.1640625,11486586,RELIANCE
2023-08-10,1243.0407844200602,1255.3730020668381,1234.9177826419805,1248.7022705078125,15470598,RELIANCE
2023-08-11,1246.733138146324,1259.7300139419374,1236.837916549459,1253.969970703125,22179330,RELIANCE
2023-08-14,1249.9577340453427,1271.274485095857,1243.065489745762,1268.788330078125,9575812,RELIANCE
2023-08-16,1255.8654425931288,1271.5207081344915,1255.8654425931288,1267.7545166015625,10203112,RELIANCE
2023-08-17,1263.791524524126,1269.2068594315797,1246.930140835009,1249.4654541015625,13673744,RELIANCE
2023-08-18,1246.142454602955,1268.960755625946,1234.9671961841154,1258.7208251953125,18639978,RELIANCE
2023-08-21,1254.8424457661688,1262.5000997685252,1242.8371963360953,1244.986328125,9221746,RELIANCE
2023-08-22,1243.4548358358238,1253.8544488619668,1234.6115281978846,1244.68994140625,7713044,RELIANCE
2023-08-23,1247.061326610869,1256.2752862282496,1243.4795205761563,1246.0732421875,9517952,RELIANCE
2023-08-24,1254.8178429548684,1254.8178429548684,1220.778380707161,1225.1259765625,14140020,RELIANCE
2023-08-25,1213.3677682361918,1237.5758385308063,1206.7476503203045,1219.46923828125,22222400,RELIANCE
2023-08-28,1221.272366528133,1227.2008731617648,1201.0660879981488,1207.315673828125,12580826,RELIANCE
2023-08-29,1211.4162410930335,1212.107851949824,1189.7277154191993,1195.755126953125,16876644,RELIANCE
2023-08-30,1201.5106390304122,1206.9451032694478,1193.1119215700844,1194.6187744140625,12168946,RELIANCE
2023-08-31,1197.0642209023324,1198.0523052778192,1185.6517981191516,1189.1595458984375,21638600,RELIANCE
2023-09-01,1188.937220765019,1198.3733539411996,1186.5163417372542,1191.9508056640625,18112842,RELIANCE
2023-09-04,1191.950907028467,1197.3853714174265,1188.3197691016735,1190.987548828125,9347626,RELIANCE
2023-09-05,1195.582117616625,1202.4739821466742,1191.852074903386,1197.3607177734375,8675876,RELIANCE
2023-09-06,1196.125722417537,1203.5609616798479,1194.2236115362405,1199.88037109375,8200370,RELIANCE
2023-09-07,1196.421961377583,1204.5983838407617,1191.1357340059783,1201.5106201171875,13652572,RELIANCE
2023-09-08,1205.463038004146,1213.3677136631895,1197.039593881822,1209.51416015625,23109288,RELIANCE
2023-09-11,1211.391482722607,1223.668479723262,1211.391482722607,1222.556884765625,13271074,RELIANCE
2023-09-12,1226.70693716321,1226.70693716321,1203.4622246012573,1204.89501953125,16255666,RELIANCE
2023-09-13,1205.4630504045967,1216.653058753229,1198.6699696902265,1210.9222412109375,12803338,RELIANCE
2023-09-14,1215.3437498538372,1218.2092185904667,1207.933117232777,1212.03369140625,9209636,RELIANCE
2023-09-15,1219.2962186489121,1219.2962186489121,1210.156437431325,1214.28173828125,25468592,RELIANCE
2023-09-18,1205.487828880595,1210.8975674516837,1201.535490839137,1203.709228515625,7516300,RELIANCE
2023-09-20,1197.0889665350091,1199.3368826488254,1163.4693709910728,1176.882568359375,57081884,RELIANCE
2023-09-21,1173.3256379048928,1180.8104504919372,1165.9397302621942,1168.3111572265625,12226182,RELIANCE
2023-09-22,1173.8444381665738,1177.03098669753,1160.9993390957275,1163.44482421875,19176786,RELIANCE
2023-09-25,1161.1968240581607,1166.2854832156668,1153.638074334712,1156.2811279296875,14254884,RELIANCE
2023-09-26,1155.3423807263628,1161.0979239595738,1153.8849803976213,1157.2938232421875,10087782,RELIANCE
2023-09-27,1157.7879239120957,1171.7693426359385,1155.3177128519035,1170.3365478515625,11722778,RELIANCE
2023-09-28,1177.3025356797164,1177.3025356797164,1148.648088734931,1153.1439208984375,14518346,RELIANCE
2023-09-29,1156.9481416896208,1170.435518964013,1153.1440405649926,1158.529052734375,12342014,RELIANCE
2023-10-03,1151.0935156022144,1153.8849261975774,1144.201651539282,1145.2637939453125,8859056,RELIANCE
2023-10-04,1140.7434506187415,1145.683872665596,1133.8763122199225,1143.2877197265625,10286386,RELIANCE
2023-10-05,1145.8073305142325,1150.821810414835,1140.743398149127,1143.2630615234375,10953682,RELIANCE
2023-10-06,1144.7205033692,1148.5493304183171,1142.2502923697696,1145.1898193359375,5431026,RELIANCE
2023-10-09,1140.2988590719287,1142.200849187487,1133.826857954507,1135.4324951171875,7576878,RELIANCE
2023-10-10,1139.5331157395624,1145.1404226117538,1138.1497733893898,1140.447021484375,10236032,RELIANCE
2023-10-11,1143.4359710357805,1160.8509589721596,1142.7196339530417,1158.5537109375,9814118,RELIANCE
2023-10-12,1157.9609209243824,1165.6185754357678,1155.1447837404767,1160.7027587890625,12554450,RELIANCE
2023-10-13,1156.058947078756,1164.7046870675929,1150.6985400393603,1160.653564453125,10150316,RELIANCE
2023-10-16,1158.5290083696577,1163.2471357038708,1154.0826283801794,1158.0596923828125,5929036,RELIANCE
2023-10-17,1163.9634271590728,1165.791359182136,1156.701030917525,1163.5928955078125,7928180,RELIANCE
2023-10-18,1163.5929949263082,1169.3979912920374,1146.6720480730119,1148.1541748046875,8918320,RELIANCE
2023-10-19,1142.2256445327594,1147.0672825471008,1136.7911799610206,1139.33544921875,12032556,RELIANCE
2023-10-20,1136.2971288231192,1143.559525479833,1134.4691966955595,1135.8525390625,8913312,RELIANCE
2023-10-23,1131.356812199955,1139.38499918609,1114.1888431065277,1118.116455078125,7853962,RELIANCE
2023-10-25,1111.6196977984057,1127.0090643806484,1108.1366760976812,1115.5225830078125,11620688,RELIANCE
2023-10-26,1112.089019549233,1115.5473150342816,1096.9219477593886,1099.9849853515625,15222534,RELIANCE
2023-10-27,1106.654565590137,1123.204979852311,1104.6536704890175,1119.40087890625,11771084,RELIANCE
2023-10-30,1123.4519103673986,1148.6480613914696,1121.4510154276281,1142.4725341796875,16813304,RELIANCE
2023-10-31,1150.1303563093797,1150.1303563093797,1127.8490026208185,1130.3192138671875,12808438,RELIANCE
2023-11-01,1130.9367248364767,1144.9428703315039,1124.0448598372486,1135.0125732421875,10309190,RELIANCE
2023-11-02,1143.1889695269997,1148.302354744411,1140.2247162104195,1146.2767333984375,10562104,RELIANCE
2023-11-03,1149.7349795725816,1153.5638066087804,1144.078220526126,1146.0296630859375,8850156,RELIANCE
2023-11-06,1152.2546386732256,1156.0587394619763,1148.9445800808262,1155.564697265625,10647304,RELIANCE
2023-11-07,1153.1192304428853,1155.614167696399,1145.9556184844287,1148.0552978515625,6960204,RELIANCE
2023-11-08,1152.1063647972594,1156.5527444212626,1147.0424324477003,1154.0330810546875,7884494,RELIANCE
2023-11-09,1154.0085696526105,1154.0331752710283,1138.3720609954937,1141.50927734375,14513610,RELIANCE
2023-11-10,1139.0389810755562,1144.3746607841822,1135.333664696756,1143.658203125,7734954,RELIANCE
2023-11-13,1147.610585630105,1148.4505538682092,1142.0773370771153,1143.5101318359375,3854810,RELIANCE
2023-11-15,1156.0588204395372,1166.9030232858888,1149.6362714370953,1164.185791015625,12220648,RELIANCE
2023-11-16,1161.542667627995,1172.9302438744137,1159.4923201233041,1166.285400390625,13134910,RELIANCE
2023-11-17,1162.4319266451018,1172.4857343750468,1162.012063114762,1163.7412109375,7758634,RELIANCE
2023-11-20,1160.282964728199,1165.1492085814864,1154.2802789468988,1160.67822265625,4490186,RELIANCE
2023-11-21,1168.9038812090425,1179.7728099438689,1166.0384122376151,1175.2769775390625,8214450,RELIANCE
2023-11-22,1173.3503703767312,1182.9594682341328,1171.9670279221825,1179.8717041015625,8534814,RELIANCE
2023-11-23,1179.8716170501546,1185.7013394254852,1179.8716170501546,1183.4781494140625,8531542,RELIANCE
2023-11-24,1181.5514214570694,1186.9858858764198,1181.2796741129466,1182.6876220703125,6749486,RELIANCE
2023-11-28,1182.6876712625676,1185.5531403805655,1173.4738317237427,1182.9346923828125,13792174,RELIANCE
2023-11-29,1189.6536514263266,1191.605094048659,1184.7379555197092,1186.047119140625,12531306,RELIANCE
2023-11-30,1183.0828973645985,1186.0471507278282,1170.8306260067593,1174.5606689453125,28439984,RELIANCE
2023-12-01,1174.8323419889748,1183.9226701483003,1174.6347733568996,1182.88525390625,14342842,RELIANCE
2023-12-04,1210.403389884879,1210.403389884879,1185.009669053603,1195.680908203125,15590990,RELIANCE
2023-12-05,1204.9688710813314,1205.8828973561333,1196.3971910542703,1204.351318359375,12693624,RELIANCE
2023-12-06,1208.9707381739393,1221.7416569101222,1202.9927791973269,1215.8873291015625,16422442,RELIANCE
2023-12-07,1215.3438750518303,1215.813191043024,1206.4511149904754,1213.886474609375,8142096,RELIANCE
2023-12-08,1217.2460531905654,1223.594423771572,1207.9333084760417,1213.2442626953125,10204894,RELIANCE
2023-12-11,1213.367615499601,1219.098553135076,1211.5890153738967,1215.022705078125,7066138,RELIANCE
2023-12-12,1215.3439244936176,1217.7894094868202,1195.6562927549994,1197.5831298828125,9197124,RELIANCE
2023-12-13,1196.570218805253,1204.6478570918039,1188.8137803209581,1202.4739990234375,10031182,RELIANCE
2023-12-14,1212.3795628682321,1222.7297228698085,1206.7721356331074,1217.39404296875,16972354,RELIANCE
2023-12-15,1224.2366929375116,1235.1056224147617,1220.3090811813895,1232.931884765625,15932152,RELIANCE
2023-12-18,1232.9318442845902,1252.3476075388428,1230.6344755328585,1245.48046875,14165188,RELIANCE
2023-12-19,1262.2777471951172,1271.6150959828576,1247.5552663727806,1263.809326171875,16820604,RELIANCE
2023-12-20,1270.207325538083,1283.9417239360823,1244.9864450577063,1248.518798828125,17736722,RELIANCE
2023-12-21,1248.44470925444,1271.4176728398502,1244.1218397625619,1266.0079345703125,13765454,RELIANCE
2023-12-22,1264.5504141598008,1275.07341611771,1258.6465136069178,1267.242919921875,16541784,RELIANCE
2023-12-26,1268.7003790735205,1280.5326657287192,1266.0819312708138,1273.66552734375,7465664,RELIANCE
2023-12-27,1275.6169087042356,1284.4602154795425,1271.2199815487345,1278.0130615234375,9204156,RELIANCE
2023-12-28,1279.4704228166715,1290.4381347546032,1278.0130225533287,1287.2515869140625,12302636,RELIANCE
2023-12-29,1289.9937398232034,1291.4264140714613,1274.2831724837226,1277.074462890625,10864584,RELIANCE
2024-01-01,1274.9008072558752,1287.8941431135045,1271.244822078984,1279.6929931640625,4030540,RELIANCE
2024-01-02,1277.099135940161,1291.920402508132,1271.1706293129728,1290.2900390625,7448800,RELIANCE
2024-01-03,1289.450180352941,1301.3071935056118,1273.2455715878027,1276.25927734375,9037536,RELIANCE
2024-01-04,1278.5811975278393,1289.376067708453,1274.1842702494187,1282.8546142578125,9612778,RELIANCE
2024-01-05,1285.9424160498672,1294.3165279752034,1283.521657474919,1288.3138427734375,8086406,RELIANCE
2024-01-08,1289.4502625359673,1300.2944657165137,1269.1698042070248,1278.26025390625,7734652,RELIANCE
2024-01-09,1284.5096770702141,1287.8691880410897,1273.2454911635218,1274.8758544921875,5403074,RELIANCE
2024-01-10,1273.146817539874,1313.658280108081,1272.1834593214687,1309.2613525390625,11102740,RELIANCE
2024-01-11,1313.6583733689063,1346.2651626289091,1312.6702888458758,1343.6961669921875,23725852,RELIANCE
2024-01-12,1343.6960023683716,1356.9609630954171,1329.714583957277,1354.3919677734375,15012164,RELIANCE
2024-01-15,1358.616069177015,1379.8104316098675,1349.723309451493,1377.51318359375,8610594,RELIANCE
2024-01-16,1373.412554424991,1379.662260463631,1354.169635353321,1358.2454833984375,9069024,RELIANCE
2024-01-17,1343.30084717423,1369.7568331827044,1338.8791932605309,1345.35107421875,12197382,RELIANCE
2024-01-18,1335.2972997496222,1354.663730119792,1335.1490629645289,1351.6500244140625,10279438,RELIANCE
2024-01-19,1359.6041759840746,1359.6041759840746,1342.8067406703178,1351.156005859375,10422704,RELIANCE
2024-01-23,1355.4048574857818,1355.4048574857818,1306.791150318716,1312.7442626953125,20055420,RELIANCE
2024-01-24,1319.314984194113,1333.4199132911328,1308.1497027138623,1327.8619384765625,21919128,RELIANCE
2024-01-25,1326.9479158139593,1347.895377764627,1319.2902616038493,1336.9522705078125,11808872,RELIANCE
2024-01-29,1348.241269998228,1435.192704047216,1343.9678528779282,1430.7957763671875,23893438,RELIANCE
2024-01-30,1442.5537625848374,1442.5784888178382,1387.690473107798,1390.852294921875,14093978,RELIANCE
2024-01-31,1387.2704457772934,1417.159997760743,1385.7883192326594,1409.6258544921875,15130226,RELIANCE
2024-02-01,1417.9011153905622,1426.1515960154993,1401.1531330404457,1409.650634765625,13349362,RELIANCE
2024-02-02,1416.0980132616144,1457.3258137867138,1416.0980132616144,1440.3306884765625,19652588,RELIANCE
2024-02-05,1443.3442832345067,1452.9781061073709,1414.4675408489986,1421.878173828125,8814432,RELIANCE
2024-02-06,1424.6695010773788,1424.6695010773788,1402.9069175392074,1410.7869873046875,9047984,RELIANCE
2024-02-07,1418.8151411125152,1432.2283386037336,1412.2196294925052,1424.9659423828125,9296568,RELIANCE
2024-02-08,1432.7224367107362,1442.0845126481563,1410.515263064875,1432.845947265625,14694634,RELIANCE
2024-02-09,1436.6746688077615,1454.4354611714164,1433.660963243804,1443.34423828125,12556798,RELIANCE
2024-02-12,1443.3443671360003,1443.5913882496639,1425.163589047209,1435.04443359375,6674430,RELIANCE
2024-02-13,1438.1567484987418,1461.3767303535824,1436.674621997369,1447.642333984375,7715594,RELIANCE
2024-02-14,1440.1329959711338,1465.9714268487612,1440.1329959711338,1463.7235107421875,7117888,RELIANCE
2024-02-15,1465.6751036103208,1467.0337197836,1449.050630318146,1453.0770263671875,10006782,RELIANCE
2024-02-16,1458.8819534815811,1459.4007219371786,1441.170612214809,1443.17138671875,9767498,RELIANCE
2024-02-19,1444.6288410678121,1461.8708655513933,1436.2053974591388,1456.4364013671875,6729828,RELIANCE
2024-02-20,1457.4492860314679,1457.9186020207894,1444.3818933388152,1453.4969482421875,7117496,RELIANCE
2024-02-21,1456.4365283424868,1470.7884795851646,1440.1825868389801,1450.2115478515625,12720292,RELIANCE
2024-02-22,1450.6561919754163,1467.2559381666686,1440.6271108051608,1464.0941162109375,18493728,RELIANCE
2024-02-23,1471.7517883622584,1479.7059164315408,1465.6750448712426,1475.82763671875,14438584,RELIANCE
2024-02-26,1475.753583346703,1476.7169415654328,1464.8352018923576,1469.6026611328125,7513106,RELIANCE
2024-02-27,1465.3539102526265,1482.0771665679397,1460.4382144226488,1467.9476318359375,10826044,RELIANCE
2024-02-28,1465.3292067243183,1473.5056294891751,1432.8953836215212,1438.2803955078125,8647950,RELIANCE
2024-02-29,1447.5437052316252,1461.352161163495,1437.1935448412644,1443.393798828125,23628976,RELIANCE
2024-03-01,1446.061542580972,1482.1266237591103,1445.0734581651325,1474.345458984375,12132926,RELIANCE
2024-03-04,1472.7150995331629,1494.4282305064353,1469.503825173054,1489.4384765625,10024420,RELIANCE
2024-03-05,1487.832984359659,1489.4386216961695,1468.3430414288637,1482.3243408203125,7107668,RELIANCE
2024-03-06,1475.6545662551582,1491.0193265812127,1460.8827530485903,1485.0908203125,7805676,RELIANCE
2024-03-07,1485.0662153094684,1485.1897258668157,1457.968071396935,1461.3028564453125,8315726,RELIANCE
2024-03-11,1471.2577496463198,1471.2577496463198,1446.0615961097308,1449.1246337890625,11277130,RELIANCE
2024-03-12,1449.1245651727334,1470.269595576354,1447.568380480176,1457.844482421875,9432678,RELIANCE
2024-03-13,1462.142657909758,1465.4279903850718,1410.7622676768488,1415.10986328125,13522134,RELIANCE
2024-03-14,1422.5450608782721,1431.2649780682007,1408.514310659922,1414.4180908203125,18571102,RELIANCE
2024-03-15,1408.9589780840722,1416.1473166057365,1396.0645483366263,1401.3260498046875,19223818,RELIANCE
2024-03-18,1403.0799549430176,1424.5460660460144,1399.6463855144648,1422.3228759765625,9169392,RELIANCE
2024-03-19,1411.7256294896865,1420.4701525728194,1400.3626585436627,1408.267333984375,8275764,RELIANCE
2024-03-20,1410.935092987457,1427.7819805194806,1407.056934025752,1426.546875,8488806,RELIANCE
2024-03-21,1435.2173701383908,1440.5283239841642,1427.460931435626,1433.685791015625,13006936,RELIANCE
2024-03-22,1432.697625631682,1442.6031956703118,1430.1039041326171,1437.6875,19527608,RELIANCE
2024-03-26,1427.7820647176966,1435.0939139473653,1421.853557874578,1424.3978271484375,11415906,RELIANCE
2024-03-27,1430.74620650665,1482.1265951381042,1429.7581221098912,1475.061767578125,16326644,RELIANCE
2024-03-28,1475.0865810929813,1488.0057370987279,1461.0311038405712,1468.145263671875,21854364,RELIANCE
2024-04-01,1474.6912092837645,1476.1733358521226,1464.8350917273362,1467.0830078125,5013880,RELIANCE
2024-04-02,1466.3172549197961,1476.198098955644,1457.4244952875333,1469.2320556640625,8910166,RELIANCE
2024-04-03,1464.4152240453116,1466.7619246317818,1451.397283687729,1454.0650634765625,7008292,RELIANCE
2024-04-04,1462.117879861305,1462.117879861305,1432.7223691832353,1445.493408203125,14490272,RELIANCE
2024-04-05,1443.467815909923,1453.274601948929,1438.6509043996564,1442.7020263671875,7442298,RELIANCE
2024-04-08,1445.5427357963142,1473.2090987059642,1443.5912932499484,1468.2686767578125,8357118,RELIANCE
2024-04-09,1471.2577557160955,1472.0482715276003,1445.0735176190665,1446.2098388671875,7071414,RELIANCE
2024-04-10,1448.8776750369068,1469.281643980642,1448.8776750369068,1461.945068359375,9138330,RELIANCE
2024-04-12,1458.289226116748,1468.76289779902,1445.6416961431235,1449.668212890625,15551012,RELIANCE
2024-04-15,1443.591352839028,1464.4646364315843,1429.0911655763507,1447.3707275390625,12902062,RELIANCE
2024-04-16,1436.0323976352518,1453.645073932083,1433.636365403093,1448.28466796875,9366184,RELIANCE
2024-04-18,1446.0615875622616,1468.2934876101954,1441.9610129858208,1446.876708984375,19005692,RELIANCE
2024-04-19,1439.4167626045175,1456.4364932961696,1425.8306012864564,1452.607666015625,15741778,RELIANCE
2024-04-22,1454.9048261235944,1465.1562017707047,1450.3103301575065,1462.2166748046875,10350362,RELIANCE
2024-04-23,1461.3770126451404,1475.7042382593086,1438.2064787775075,1441.9364013671875,14605554,RELIANCE
2024-04-24,1446.0615625184662,1451.051437133562,1432.2283805059903,1432.8953857421875,10462776,RELIANCE
2024-04-25,1425.3117405225619,1450.483166375014,1424.3236561270523,1442.5784912109375,15943926,RELIANCE
2024-04-26,1446.5061312694434,1447.5436681516292,1432.7224019248206,1435.2420654296875,9413848,RELIANCE
2024-04-29,1432.7223672737166,1450.4091019997668,1432.7223672737166,1447.568359375,7247974,RELIANCE
2024-04-30,1450.5079819172845,1465.403306850403,1445.4440490785064,1449.5198974609375,11474262,RELIANCE
2024-05-02,1454.460206935621,1459.7217080112785,1446.6790424453916,1449.0751953125,14512646,RELIANCE
2024-05-03,1453.4722101911175,1457.3750954799905,1399.275802819383,1416.9130859375,17226958,RELIANCE
2024-05-06,1418.3952205864964,1422.841600588335,1401.1037428015688,1402.610595703125,7394208,RELIANCE
2024-05-07,1399.1028593353728,1403.8209867220144,1375.4135586957902,1384.775634765625,14517472,RELIANCE
2024-05-08,1380.8479912935143,1415.8755361000522,1380.8479912935143,1401.647216796875,9439002,RELIANCE
2024-05-09,1396.1632769069981,1406.7851843569276,1373.437335386219,1377.51318359375,11009612,RELIANCE
2024-05-10,1380.106935558881,1393.1990543318577,1371.535254832905,1390.65478515625,10505096,RELIANCE
2024-05-13,1383.2195197456997,1390.2101693574684,1367.5089520262873,1385.986083984375,8456620,RELIANCE
2024-05-14,1384.2815424166113,1410.070521585227,1383.342910466477,1403.1539306640625,7188300,RELIANCE
2024-05-15,1403.5740469957013,1412.9361236084007,1396.188139403763,1399.3994140625,5046534,RELIANCE
2024-05-16,1401.6471872524828,1410.4904944706304,1381.3667306256436,1408.3660888671875,14711774,RELIANCE
2024-05-17,1406.093722836626,1420.0750222861304,1396.4104463053004,1418.5928955078125,10916476,RELIANCE
2024-05-21,1408.6132041549795,1424.6448506468714,1408.6132041549795,1419.0128173828125,11176128,RELIANCE
2024-05-22,1419.1609264752628,1451.2736690394956,1419.1609264752628,1443.2454833984375,10281604,RELIANCE
2024-05-23,1441.1705740518107,1474.4442444107415,1437.6628261266358,1468.3428955078125,14608260,RELIANCE
2024-05-24,1465.9467233388211,1470.7636348065282,1458.5113640783345,1462.6119384765625,7094776,RELIANCE
2024-05-27,1462.587264504762,1467.2066075031105,1444.134859977049,1448.77880859375,6629010,RELIANCE
2024-05-28,1450.5079553599196,1460.8828419616084,1435.4396676765145,1438.8485107421875,7820162,RELIANCE
2024-05-29,1429.264181324664,1440.6271526936466,1421.310053120064,1423.607421875,7383556,RELIANCE
2024-05-30,1418.3951935729253,1423.2368313836507,1403.178669288835,1407.8720703125,13206858,RELIANCE
2024-05-31,1414.245257118902,1425.0647331073133,1405.3030450073677,1413.35595703125,31069832,RELIANCE
2024-06-03,1465.3292536675044,1496.4539141466187,1441.6152266357983,1492.32861328125,21527942,RELIANCE
2024-06-04,1480.1999676014107,1480.1999676014107,1343.1032493273078,1380.625732421875,36709098,RELIANCE
2024-06-05,1405.0560283617258,1414.0970248192752,1367.6076051704213,1403.8209228515625,17464890,RELIANCE
2024-06-06,1417.9011371144834,1426.4974232883105,1404.4137607114592,1414.5416259765625,17855722,RELIANCE
2024-06-07,1411.478521453965,1454.4601915157414,1409.5023527154926,1452.4345703125,18558696,RELIANCE
2024-06-10,1452.4346368701142,1475.5558362929214,1450.5819785928986,1453.867431640625,9251760,RELIANCE
2024-06-11,1451.4960860069511,1456.1154291491666,1437.3418242246385,1439.3179931640625,11774902,RELIANCE
2024-06-12,1440.1330064471847,1458.41256776401,1437.835758473946,1445.8885498046875,10081742,RELIANCE
2024-06-13,1454.4603416652449,1454.7073627830548,1442.7021123343332,1447.790771484375,9181160,RELIANCE
2024-06-14,1452.4841280922399,1462.0438933040555,1439.8613252368543,1459.9442138671875,8157998,RELIANCE
2024-06-18,1469.6273935638167,1469.6768460329972,1453.8180422457062,1463.3778076171875,7196766,RELIANCE
2024-06-19,1469.7756214798555,1469.7756214798555,1438.650961260282,1441.2694091796875,8725874,RELIANCE
2024-06-20,1441.6152213906755,1465.181011544537,1432.8212456085912,1456.1400146484375,16113776,RELIANCE
2024-06-21,1456.0659025463858,1457.1280450509373,1423.4096642387256,1436.872314453125,31170360,RELIANCE
2024-06-24,1428.3007403004744,1432.2283517054532,1420.3713387903338,1424.2989501953125,8878386,RELIANCE
2024-06-25,1425.8058325289194,1438.576872033328,1423.8296636688654,1436.822998046875,7045386,RELIANCE
2024-06-26,1428.8194845866847,1500.875466568816,1427.905458276952,1495.9844970703125,22014882,RELIANCE
2024-06-27,1495.7128766848623,1519.1798830077462,1488.0552219900264,1512.312744140625,28383030,RELIANCE
2024-06-28,1512.782033239127,1562.1615299634889,1512.782033239127,1546.7474365234375,28957336,RELIANCE
2024-07-01,1543.9066370278445,1560.5805616644209,1537.138282854078,1541.5599365234375,7724306,RELIANCE
2024-07-02,1550.798441129772,1554.750778666898,1538.4473863262538,1546.5250244140625,7749246,RELIANCE
2024-07-03,1547.661278880494,1556.2329594590622,1524.391963189475,1533.927001953125,9049620,RELIANCE
2024-07-04,1538.447461634288,1548.822348177101,1532.321386398175,1535.5079345703125,6837176,RELIANCE
2024-07-05,1535.3101717849263,1579.4528899457323,1529.5546284867023,1569.695556640625,12269710,RELIANCE
2024-07-08,1570.0661123316786,1589.6302317071045,1563.6682899618515,1581.8243408203125,9500806,RELIANCE
2024-07-09,1578.5637202787966,1581.4291893561121,1561.6675000170792,1571.3260498046875,6960002,RELIANCE
2024-07-10,1575.9946562525065,1578.4648673124634,1544.5241914718106,1565.3480224609375,7134578,RELIANCE
2024-07-11,1568.5840280306456,1585.1344421846698,1551.786592769845,1561.815673828125,11940946,RELIANCE
2024-07-12,1565.619788574804,1586.023756297877,1555.7389442164904,1577.6990966796875,12924784,RELIANCE
2024-07-15,1585.332123675554,1586.7154660951303,1566.607970695329,1578.1932373046875,5329688,RELIANCE
2024-07-16,1574.5125966882063,1580.9351457176842,1550.4280378276635,1557.4681396484375,9386838,RELIANCE
2024-07-18,1557.2210712967385,1574.9078068261192,1539.2625884242743,1567.7689208984375,12298374,RELIANCE
2024-07-19,1567.1018870092746,1571.0294984478235,1534.2975325767013,1536.6195068359375,13140390,RELIANCE
2024-07-22,1518.9328421942273,1519.1798633102128,1481.4103587992008,1482.793701171875,19674376,RELIANCE
2024-07-23,1483.1146576505776,1487.8080584659276,1445.5674511277782,1470.1707763671875,18052044,RELIANCE
2024-07-24,1467.3053526491226,1491.5134207568017,1458.8078508242754,1477.8778076171875,11913362,RELIANCE
2024-07-25,1463.353122317903,1482.5960435405543,1459.474842467878,1474.6173095703125,12519876,RELIANCE
2024-07-26,1474.6172851615388,1494.4037007697482,1472.59166375446,1491.044189453125,9859940,RELIANCE
2024-07-29,1493.9341486268256,1509.2989091727318,1493.7613062276428,1501.987060546875,7538550,RELIANCE
2024-07-30,1498.9488223237445,1506.8287716127938,1492.0075050067665,1495.1199951171875,8228208,RELIANCE
2024-07-31,1486.0788700242824,1492.4519658681731,1483.2628537354879,1487.4869384765625,10057346,RELIANCE
2024-08-01,1493.983779705346,1499.9122867676688,1486.3755772216791,1497.2445068359375,10764222,RELIANCE
2024-08-02,1487.067144475012,1491.3405616106625,1475.4818780540024,1481.459716796875,10268248,RELIANCE
2024-08-05,1462.3650548737628,1466.2186085334113,1416.1721046606897,1430.079345703125,17046704,RELIANCE
2024-08-06,1437.8110173129378,1459.8946792000177,1434.0315221699125,1438.7003173828125,10236186,RELIANCE
2024-08-07,1451.4960282823629,1454.954323788822,1444.0853950542364,1447.3707275390625,8174568,RELIANCE
2024-08-08,1440.1577210643813,1447.5436277380477,1428.6959662921352,1431.8577880859375,12387192,RELIANCE
2024-08-09,1442.603254689353,1458.9066476361847,1438.6509170052725,1456.73291015625,6249776,RELIANCE
2024-08-12,1452.4841167562581,1455.4483700557605,1440.3800824499558,1443.2208251953125,8184584,RELIANCE
2024-08-13,1443.3444377180147,1452.5582774619256,1440.6272053348387,1446.1851806640625,6265064,RELIANCE
2024-08-14,1446.1109681889411,1454.460233101401,1436.3782403810737,1444.43115234375,6267466,RELIANCE
2024-08-16,1451.1502913945535,1462.7602840003062,1440.676620060605,1460.58642578125,9416902,RELIANCE
2024-08-19,1469.8067419652286,1485.47150978375,1467.8238660907393,1475.65625,13797742,RELIANCE
2024-08-20,1484.4057091952604,1491.0484162933285,1477.2674041310693,1483.1416015625,8411808,RELIANCE
2024-08-21,1480.464784262564,1494.964564922092,1477.2426107826689,1485.8433837890625,7769996,RELIANCE
2024-08-22,1490.1312336221058,1493.6012664349316,1477.8869991875908,1485.2979736328125,10445782,RELIANCE
2024-08-23,1490.8749048344312,1498.3849993365056,1485.5955458508122,1487.1322021484375,9249654,RELIANCE
2024-08-26,1494.0723308917522,1509.9601498448217,1490.1313888488291,1499.649169921875,8816114,RELIANCE
2024-08-27,1497.5671500638725,1500.516654009415,1486.6117113802566,1487.6031494140625,6251156,RELIANCE
2024-08-28,1492.1142662167426,1494.5680511870519,1480.2170096090344,1485.4716796875,9610286,RELIANCE
2024-08-29,1490.2303777286736,1523.8401488737275,1481.2083164719252,1507.90283203125,38335358,RELIANCE
2024-08-30,1520.865886117465,1526.5418444404818,1490.4534771750382,1496.6995849609375,41620730,RELIANCE
2024-09-02,1497.9389648135596,1513.7276641806195,1493.7253530981907,1503.2679443359375,11240852,RELIANCE
2024-09-03,1508.2250430567562,1509.9600595401412,1494.5927706873033,1496.203857421875,10923800,RELIANCE
2024-09-04,1487.850885016148,1504.50709100704,1486.6612078847159,1501.5823974609375,11983304,RELIANCE
2024-09-05,1506.0439573959175,1512.7113538076746,1474.3179410781217,1480.192138671875,16264168,RELIANCE
2024-09-06,1479.721175380084,1484.182646260627,1449.110527949692,1452.2830810546875,19394228,RELIANCE
2024-09-09,1453.943839140462,1457.3395627288749,1443.1371406451965,1449.928466796875,9010298,RELIANCE
2024-09-10,1447.995226435091,1459.446383962114,1445.0952218200862,1449.011474609375,10768260,RELIANCE
2024-09-11,1450.5234230036904,1456.1745712275017,1435.1561339115874,1439.072265625,9760202,RELIANCE
2024-09-12,1444.5250498204912,1473.2767495080643,1433.4953029575859,1467.1298828125,22349376,RELIANCE
2024-09-13,1463.7590600068495,1470.451266381587,1456.918113729867,1460.016357421875,8711328,RELIANCE
2024-09-16,1464.8993077290233,1468.2206009201684,1452.2088525514882,1458.7523193359375,5481774,RELIANCE
2024-09-17,1461.3796100548857,1464.8248328952707,1454.0677548146177,1459.6942138671875,5935328,RELIANCE
2024-09-18,1457.413766699014,1469.3110219373734,1448.0447266088618,1450.9197998046875,8574714,RELIANCE
2024-09-19,1453.6959512825117,1463.8581906691413,1443.0876132109174,1457.0916748046875,16955902,RELIANCE
2024-09-20,1461.3795684407844,1482.1997658201985,1458.7770437683578,1473.2025146484375,30897320,RELIANCE
2024-09-23,1478.2340798324108,1488.6441789861601,1476.2015834923338,1480.5887451171875,8832314,RELIANCE
2024-09-24,1475.7554165819738,1487.6526722077606,1475.1357678514642,1476.6229248046875,17137444,RELIANCE
2024-09-25,1471.1948125268714,1483.6869066134093,1467.5264194610884,1481.15869140625,7069002,RELIANCE
2024-09-26,1477.8870868947113,1491.122760061236,1475.309372285805,1485.12451171875,18818998,RELIANCE
2024-09-27,1486.1655345930462,1520.345334807694,1479.2254687210307,1513.10791015625,20597478,RELIANCE
2024-09-30,1506.3908994638518,1511.9181178232873,1461.7761901136828,1463.9324951171875,27008814,RELIANCE
2024-10-01,1467.9726595996829,1475.2100841908111,1450.3002051077794,1452.2830810546875,16431642,RELIANCE
2024-10-03,1424.2750076222521,1436.9902726871705,1390.070396353704,1394.928466796875,37757294,RELIANCE
2024-10-04,1391.9046094477658,1405.2145916660443,1369.9442340651563,1374.653564453125,37072876,RELIANCE
2024-10-07,1381.568793209071,1384.5431070803497,1349.7188488374588,1358.98876953125,22181340,RELIANCE
2024-10-08,1361.2194430814652,1389.004514771482,1353.4118695241307,1385.3857421875,17020808,RELIANCE
2024-10-09,1385.5594536683957,1388.979866453412,1360.7486928237201,1362.8306884765625,14310610,RELIANCE
2024-10-10,1368.209166456891,1374.132983939481,1357.699948504806,1359.31103515625,22358646,RELIANCE
2024-10-11,1358.2700551936466,1371.4314188021033,1357.1050671377104,1360.35205078125,7980122,RELIANCE
2024-10-14,1367.6390728953818,1368.2587216327886,1356.5350159311083,1360.7734375,12221432,RELIANCE
2024-10-15,1346.8933067731043,1359.9554295521655,1329.2208521541709,1332.5174560546875,33762794,RELIANCE
2024-10-16,1328.5270030007441,1352.3215164873245,1326.1723376036346,1342.4814453125,20034438,RELIANCE
2024-10-17,1354.0067695283685,1356.7332239102464,1340.4737382347967,1344.811279296875,15543660,RELIANCE
2024-10-18,1340.5976258716714,1356.70849216764,1329.840427555484,1347.66162109375,12082452,RELIANCE
2024-10-21,1355.4197431686716,1362.2358797577067,1346.1002013000875,1357.4769287109375,14067408,RELIANCE
2024-10-22,1357.4767913068545,1364.2186177698431,1328.749900940748,1331.84814453125,15831960,RELIANCE
2024-10-23,1326.048205061888,1345.8521531156357,1323.5696102860716,1327.064453125,17214742,RELIANCE
2024-10-24,1323.8424540123256,1332.1952468902052,1311.7964576126847,1328.3287353515625,22155934,RELIANCE
2024-10-25,1331.996862815434,1332.8395608533488,1310.6809472586556,1316.4808349609375,18597496,RELIANCE
2024-10-28,1325.552505604476,1341.4155124030337,1310.7800563182918,1322.9251708984375,10824350,RELIANCE
2024-10-29,1316.728719636798,1331.6994085045892,1308.995576227512,1328.52685546875,12008361,RELIANCE
2024-10-30,1323.569732267355,1338.4413022928309,1314.0023313459362,1332.3935546875,11984423,RELIANCE
2024-10-31,1328.5269031210519,1331.5012170832633,1314.7955112005386,1320.64501953125,9331650,RELIANCE
2024-11-01,1321.6364480777281,1330.4601492824747,1321.5868277686543,1327.1884765625,2127335,RELIANCE
2024-11-04,1326.3952636738204,1328.52687951389,1274.0969107675833,1291.0009765625,19796890,RELIANCE
2024-11-05,1281.9292880644173,1298.337634786513,1275.1379622128013,1294.1240234375,16267479,RELIANCE
2024-11-06,1298.7837703539942,1316.9271340293028,1289.0676296160968,1314.0023193359375,21625209,RELIANCE
2024-11-07,1312.6639327180499,1312.6639327180499,1291.4471349781516,1294.4710693359375,9611974,RELIANCE
2024-11-08,1286.5394340693545,1290.505185727704,1264.0833410989228,1272.7584228515625,19814406,RELIANCE
2024-11-11,1267.9994654475693,1274.9891511168566,1256.151830843746,1261.802978515625,9056552,RELIANCE
2024-11-12,1264.6287615317467,1278.2610337323058,1256.6476373969983,1263.33984375,10671091,RELIANCE
2024-11-13,1259.374078659472,1264.5295076822267,1238.8017408266169,1241.3299560546875,14633633,RELIANCE
2024-11-14,1242.866693712679,1261.7040163358736,1240.38809863068,1256.746826171875,12612633,RELIANCE
2024-11-18,1256.7467703539512,1262.0014401044657,1233.24973843027,1249.9554443359375,13620611,RELIANCE
2024-11-19,1249.9553610165642,1270.5276979121372,1224.5745744010292,1231.0189208984375,14183746,RELIANCE
2024-11-21,1231.0190296194417,1233.299264427905,1206.8279179645579,1212.5286865234375,19433843,RELIANCE
2024-11-22,1218.8737871048172,1257.9859641270039,1211.983221035894,1254.5655517578125,20471957,RELIANCE
2024-11-25,1278.9549045518283,1293.2811339485756,1271.4694999174592,1275.9805908203125,28923341,RELIANCE
2024-11-26,1283.8626226527838,1286.737817131633,1273.2046638791435,1284.606201171875,9247557,RELIANCE
2024-11-27,1282.4250432843673,1292.6864023015983,1274.9892583407009,1282.1275634765625,9572746,RELIANCE
2024-11-28,1278.905374093644,1285.4984608667178,1258.184417128475,1259.91943359375,15027412,RELIANCE
2024-11-29,1269.0406134614407,1288.3736540571424,1264.3312830599236,1281.1361083984375,13202307,RELIANCE
2024-12-02,1276.9722229086012,1300.1222774340952,1266.1160245478172,1297.941162109375,11024152,RELIANCE
2024-12-03,1305.7237413234882,1315.4398813546288,1295.8093621182986,1311.9698486328125,16869482,RELIANCE
2024-12-04,1314.6467414933138,1317.0262168141671,1292.884726573221,1297.74267578125,19608540,RELIANCE
2024-12-05,1303.0964459866593,1318.5628538088617,1294.966703202915,1310.7305908203125,16858723,RELIANCE
2024-12-06,1312.5646685095264,1312.5646685095264,1298.783657405313,1300.3204345703125,9037514,RELIANCE
2024-12-09,1291.8436769577456,1303.7409326166044,1282.0284168341586,1284.0609130859375,14650002,RELIANCE
2024-12-10,1278.2113501165884,1283.812998621138,1269.238788448007,1273.8489990234375,16043729,RELIANCE
2024-12-11,1273.9978081396894,1278.9549980546296,1265.1244866020038,1267.2559814453125,11724373,RELIANCE
2024-12-12,1259.1262215126183,1267.25596445406,1249.8066803924569,1252.0870361328125,20906813,RELIANCE
2024-12-13,1249.2119494931856,1264.2817595214547,1228.986588963027,1261.951904296875,28630222,RELIANCE
2024-12-16,1264.0835044447913,1270.0321327010022,1255.7059013940218,1257.44091796875,9486781,RELIANCE
2024-12-17,1250.2528426173371,1253.078416496042,1232.1591005022085,1234.6376953125,17462791,RELIANCE
2024-12-18,1230.027558928225,1249.162239402372,1230.027558928225,1242.5196533203125,12670179,RELIANCE
2024-12-19,1228.3916379278016,1234.2411461229626,1218.4772582835096,1219.914794921875,14244653,RELIANCE
2024-12-20,1213.5200660980383,1228.8873545167635,1191.2127119418244,1194.980224609375,20312896,RELIANCE
2024-12-23,1204.5971709809228,1216.6926661807136,1202.8125341694108,1211.834716796875,10052824,RELIANCE
2024-12-24,1211.834663048231,1222.9883400626134,1210.5457452942906,1212.28076171875,6734917,RELIANCE
2024-12-26,1213.767935093776,1217.1883476811242,1203.8535553911518,1206.1339111328125,10016178,RELIANCE
2024-12-27,1207.86900439277,1217.3867853075249,1206.5800865394056,1210.595458984375,7000397,RELIANCE
2024-12-30,1205.9852538075309,1212.7269598518426,1197.756269680847,1200.333984375,8818766,RELIANCE
2024-12-31,1197.6570485426987,1208.6619856280877,1195.8229125326573,1205.043212890625,6405475,RELIANCE
2025-01-01,1204.4483521073844,1215.800389087432,1201.2261788160188,1210.7935791015625,5892590,RELIANCE
2025-01-02,1210.7936258321927,1233.7949384205442,1209.554328364606,1231.167724609375,15486276,RELIANCE
2025-01-03,1233.2498182568117,1251.244443122699,1224.921714407087,1240.437744140625,15521102,RELIANCE
2025-01-06,1243.213556672038,1251.1946805005002,1204.5970973122883,1207.5714111328125,14816766,RELIANCE
2025-01-07,1211.5371275851955,1233.8444805890147,1210.7935491517349,1230.2257080078125,10070505,RELIANCE
2025-01-08,1238.3060678446636,1260.167324257905,1234.6872949225542,1254.664794921875,19346579,RELIANCE
2025-01-09,1256.1518282285128,1258.8782824728921,1237.364128300027,1244.0067138671875,12794704,RELIANCE
2025-01-10,1243.114481097643,1245.9896754309787,1225.4173374439545,1231.266845703125,8120332,RELIANCE
2025-01-13,1219.4687349455062,1234.5881643828388,1215.899582365329,1229.234375,13764861,RELIANCE
2025-01-14,1233.4479678208604,1242.6187691440975,1216.742262047884,1228.143798828125,13095266,RELIANCE
2025-01-15,1234.2905907014622,1246.2374660533972,1231.2171573529768,1241.478515625,9578856,RELIANCE
2025-01-16,1248.1212833322295,1264.0834104275011,1240.586378973141,1255.6065673828125,14117603,RELIANCE
2025-01-17,1310.9288585996749,1314.6467509950228,1273.997794139219,1291.19921875,29366277,RELIANCE
2025-01-20,1304.7324245206253,1304.7324245206253,1289.1172758229052,1294.272705078125,14040244,RELIANCE
2025-01-21,1299.2795231523412,1301.7581181984158,1259.324522599558,1262.7945556640625,14562976,RELIANCE
2025-01-22,1267.3552034506358,1271.9157939003728,1257.83730213362,1266.1654052734375,10273590,RELIANCE
2025-01-23,1259.126173066555,1266.4132176584087,1250.7980702365203,1252.83056640625,8720682,RELIANCE
2025-01-24,1255.1605533566642,1262.1006196074513,1232.8531975505623,1235.6292724609375,14235970,RELIANCE
2025-01-27,1228.4907387555406,1229.8291557820492,1209.5542981292017,1218.82421875,9536019,RELIANCE
2025-01-28,1227.400329601704,1234.0925365684338,1208.0672872533735,1223.8311767578125,10568025,RELIANCE
2025-01-29,1225.4173498520336,1232.1095562529247,1217.53546627882,1224.921630859375,5928156,RELIANCE
2025-01-30,1224.971246456504,1246.237542749693,1221.8481926097397,1242.3214111328125,9269259,RELIANCE
2025-01-31,1245.09738698474,1256.1519448799122,1238.306060895825,1254.2681884765625,6584612,RELIANCE
2025-02-01,1254.2681799336815,1259.6715896071485,1230.374548522757,1253.7724609375,7118453,RELIANCE
2025-02-03,1240.2889757645512,1245.2461659154887,1226.9541826685895,1235.232666015625,9252345,RELIANCE
2025-02-04,1237.3642207434832,1277.7653184740125,1235.9265630557768,1274.196044921875,16691069,RELIANCE
2025-02-05,1271.6679530846961,1279.4507170461238,1265.7688244708304,1267.2559814453125,10112028,RELIANCE
2025-02-06,1262.7945076095025,1276.9721191435924,1259.4732145791813,1270.577392578125,9956001,RELIANCE
2025-02-07,1265.2236540965398,1272.7089385364054,1251.1947819010975,1255.8544921875,8764283,RELIANCE
2025-02-10,1253.673337746878,1255.6562137259161,1234.8856362555493,1242.916259765625,6970972,RELIANCE
2025-02-11,1253.7230036544372,1253.7230036544372,1219.567891058193,1224.2772216796875,8859714,RELIANCE
2025-02-12,1209.0089844264594,1216.3952699200001,1183.1324776076385,1206.1339111328125,21131654,RELIANCE
2025-02-13,1206.629682868639,1217.4858807075602,1201.622872489872,1205.687744140625,8511216,RELIANCE
2025-02-14,1208.56289732395,1213.5200872227356,1195.1288642881832,1206.827880859375,10298145,RELIANCE
2025-02-17,1200.7304615718228,1216.9900679473901,1194.1869953911457,1214.412353515625,8166683,RELIANCE
2025-02-18,1214.362863790828,1219.3696743222742,1205.6877809072391,1214.908203125,6673250,RELIANCE
2025-02-19,1209.0586678925579,1222.1952216847485,1207.125412159616,1216.9405517578125,6217338,RELIANCE
2025-02-20,1213.4704313005311,1228.738599945727,1211.5371757067999,1222.4429931640625,7795582,RELIANCE
2025-02-21,1218.1797397323817,1229.3830367840985,1211.6858938870325,1217.634521484375,6904025,RELIANCE
2025-02-24,1206.1338768607443,1212.7764626626977,1200.1356289010387,1204.1510009765625,7172498,RELIANCE
2025-02-25,1200.6313497853835,1210.5457292220917,1191.2126893205104,1193.6912841796875,11552182,RELIANCE
2025-02-27,1202.416039651657,1204.597154814102,1190.370043898487,1196.7647705078125,11509215,RELIANCE
2025-02-28,1191.7084634163882,1206.9270123506615,1183.0830013175257,1189.82470703125,23007298,RELIANCE
2025-03-03,1193.6912720117396,1196.1202465389174,1146.1022512006402,1161.2216796875,17944938,RELIANCE
2025-03-04,1152.2491409974891,1163.948157257321,1149.6219272411693,1151.9517822265625,11377373,RELIANCE
2025-03-05,1151.0595745918054,1172.8712116641736,1147.0938223968292,1165.5345458984375,8664095,RELIANCE
2025-03-06,1186.75131332057,1203.5561393973805,1175.002796955133,1199.243408203125,14468014,RELIANCE
2025-03-07,1205.5885908312287,1244.0564330934674,1201.622838887705,1239.0992431640625,16474965,RELIANCE
2025-03-10,1234.3402190424754,1247.2289120927182,1224.8224391488623,1227.7967529296875,11931051,RELIANCE
2025-03-11,1229.3830600118497,1238.801720552263,1219.2208210077197,1236.62060546875,10089838,RELIANCE
2025-03-12,1247.2289270068015,1252.1861167007874,1233.3487958636417,1246.287109375,11977555,RELIANCE
2025-03-13,1249.2615727756533,1253.326444606414,1233.2002036288977,1237.215576171875,9505270,RELIANCE
2025-03-17,1231.5145912773855,1246.6340190017775,1222.5420300210542,1228.2427978515625,16640917,RELIANCE
2025-03-18,1228.2427978515625,1228.2427978515625,1228.2427978515625,1228.2427978515625,0,RELIANCE
2025-03-19,1230.4241762433128,1242.5196714129374,1228.1934407470596,1236.471923828125,16162399,RELIANCE
2025-03-20,1241.1316434245866,1262.1005814534499,1239.347127629136,1258.2835693359375,15971477,RELIANCE
2025-03-21,1264.0833359554676,1270.0319634187874,1259.2252659887295,1265.4217529296875,21780769,RELIANCE
2025-03-24,1279.9463572168718,1294.8179260458828,1273.254151243817,1290.9512939453125,20299319,RELIANCE
2025-03-25,1296.50346593687,1296.50346593687,1271.6183955406093,1274.4439697265625,13713899,RELIANCE
2025-03-26,1279.9464094999762,1282.7224842048433,1257.8869148358597,1262.150146484375,12074747,RELIANCE
2025-03-27,1267.2064821612498,1273.9978081396894,1260.4151561828103,1267.2559814453125,15028056,RELIANCE
2025-03-28,1269.0405652360093,1284.6557128160619,1258.1347478785124,1264.1824951171875,18147129,RELIANCE
2025-04-01,1253.7723771839194,1266.9585500115554,1238.603449529153,1241.8751220703125,12099648,RELIANCE
2025-04-02,1236.8685913550723,1244.8000957785905,1233.2498182568117,1240.437744140625,10142590,RELIANCE
2025-04-03,1222.4927580494818,1241.08222182284,1222.4927580494818,1238.0086669921875,7434366,RELIANCE
2025-04-04,1230.473619610667,1234.7863505024063,1182.9342181609516,1194.38525390625,17908652,RELIANCE
2025-04-07,1122.5059464290011,1161.2216449878495,1105.304523000697,1155.7191162109375,22156106,RELIANCE
2025-04-08,1161.9653833278503,1186.3547349162204,1153.3399207865864,1172.0780029296875,19555040,RELIANCE
2025-04-09,1159.4867811653644,1179.613021672609,1157.9996241138485,1175.2010498046875,10223104,RELIANCE
2025-04-11,1184.917153801556,1212.1816988912137,1184.917153801556,1208.5133056640625,11224242,RELIANCE
2025-04-15,1240.288998738938,1240.288998738938,1226.5079856590305,1229.4822998046875,13378535,RELIANCE
2025-04-16,1223.5336585713449,1230.2754856402491,1218.477348782242,1228.689208984375,8248464,RELIANCE
2025-04-17,1229.5813957339365,1269.238916912585,1217.0893007676923,1263.5877685546875,15398401,RELIANCE
2025-04-21,1259.126169726638,1289.7616259352505,1256.1518559398821,1284.4078369140625,10429964,RELIANCE
2025-04-22,1288.8694787336528,1292.7361113748846,1275.2868257139828,1280.144775390625,13051707,RELIANCE
2025-04-23,1285.8950708007812,1294.8180126953125,1274.3944143417477,1288.869384765625,10480888,RELIANCE
2025-04-24,1281.3345072026398,1293.3308829080645,1279.2525115884996,1290.4556884765625,10468940,RELIANCE
2025-04-25,1292.3394247863746,1313.85358083958,1277.071255478384,1289.2659912109375,14431012,RELIANCE
2025-04-28,1328.5269802313521,1362.8307123815491,1308.8964585313056,1357.0804443359375,31104496,RELIANCE
2025-04-29,1359.2614765022709,1398.8198762816546,1358.2700385179512,1387.7156982421875,32538970,RELIANCE
2025-04-30,1389.9960230274132,1400.3070020394923,1357.2785702742715,1392.9703369140625,25480745,RELIANCE
2025-05-02,1401.8932881277126,1414.4845019236116,1397.0352178747166,1407.6436767578125,13007841,RELIANCE
2025-05-05,1418.747808269532,1427.1750314493302,1414.6829365878357,1419.0452880859375,12685649,RELIANCE
2025-05-06,1418.7477523435755,1419.7391903256466,1398.5223933042987,1408.7342529296875,14084117,RELIANCE
2025-05-07,1408.7342420156256,1412.2042749259901,1390.6899982666434,1393.9617919921875,13440169,RELIANCE
2025-05-08,1392.0780527042998,1408.6351396947061,1386.030305191398,1394.9532470703125,16106175,RELIANCE
2025-05-09,1373.637308764333,1382.8577303043132,1362.731491083779,1365.4083251953125,13668904,RELIANCE
2025-05-12,1388.013077711669,1426.6791563050656,1388.013077711669,1424.2005615234375,10674081,RELIANCE
2025-05-13,1421.226256646525,1435.304626683893,1400.3069407641844,1403.57861328125,11407896,RELIANCE
2025-05-14,1407.8419941921477,1417.6572548355593,1403.3805230837922,1412.204345703125,5570160,RELIANCE
2025-05-15,1412.7992032271827,1448.8875719918406,1400.6044669576877,1441.7491455078125,20177211,RELIANCE
2025-05-16,1440.757623701411,1448.4908883531898,1434.9082364412498,1443.9302978515625,9036695,RELIANCE
2025-05-19,1439.667043567546,1442.1456384779733,1425.886031660542,1428.4638671875,6195791,RELIANCE
2025-05-20,1425.88599760598,1432.6278240113834,1409.6265122020175,1412.4024658203125,11270560,RELIANCE
2025-05-21,1411.708464386899,1423.9030780659657,1405.9580760983038,1416.9630126953125,6136364,RELIANCE
2025-05-22,1409.031659643212,1411.6094953044076,1384.9397884743898,1397.332763671875,12134466,RELIANCE
2025-05-23,1394.5567410207764,1421.5239286750705,1394.5567410207764,1414.5838623046875,6474883,RELIANCE
2025-05-26,1419.7391840414937,1428.6621258406371,1412.898237790455,1422.5152587890625,4842944,RELIANCE
2025-05-27,1413.8897021801247,1424.696400543767,1401.794207036506,1409.9239501953125,12640414,RELIANCE
2025-05-28,1407.9411620533203,1410.4197571984832,1398.621620102477,1400.8028564453125,5944611,RELIANCE
2025-05-29,1400.0096192804465,1407.842003929875,1396.5395861721686,1405.660888671875,13771917,RELIANCE
2025-05-30,1405.8590585766528,1418.3511529457182,1397.6300749154059,1408.7342529296875,13788484,RELIANCE
2025-06-02,1400.0095486308933,1405.3633379328091,1383.650821945961,1401.5958251953125,8098668,RELIANCE
2025-06-03,1410.1222707307113,1414.2862617875367,1391.3840689247124,1393.466064453125,11252626,RELIANCE
2025-06-04,1402.5871874772963,1413.493004678654,1394.0608455067168,1411.3118896484375,8126827,RELIANCE
2025-06-05,1415.7734397380668,1442.244785474372,1411.4110884077945,1430.0501708984375,13716817,RELIANCE
2025-06-06,1428.6620302216834,1439.0721282906131,1424.6962785763767,1431.140625,8182161,RELIANCE
2025-06-09,1444.5251287223314,1445.0208477095387,1432.9253528317358,1436.3953857421875,7885125,RELIANCE
2025-06-10,1437.5850079496329,1441.4516401070769,1423.704876838395,1426.1834716796875,7913181,RELIANCE
2025-06-11,1433.4210733170682,1456.0257865422643,1430.7441181682645,1436.4945068359375,8195700,RELIANCE
2025-06-12,1441.055094094315,1444.5251270006308,1422.1186530105915,1429.2569580078125,8828114,RELIANCE
2025-06-13,1411.8076840776937,1423.2092208521976,1402.1907840779525,1415.67431640625,9757276,RELIANCE
2025-06-16,1414.6828043278585,1430.050092219024,1412.204209506703,1425.489501953125,8458093,RELIANCE
2025-06-17,1435.602128554236,1435.602128554236,1413.5922548276174,1418.9459228515625,10366599,RELIANCE
2025-06-18,1417.7563491543892,1430.4468040463896,1413.4931173168031,1417.85546875,6681735,RELIANCE
2025-06-19,1417.8554020854735,1427.5715425014369,1413.4930508573852,1421.028076171875,10007230,RELIANCE
2025-06-20,1418.7477927518771,1458.4053131642288,1415.8725983169522,1453.6463623046875,29010635,RELIANCE
2025-06-23,1440.5593915455418,1451.266970188698,1429.6535737155343,1444.326904296875,5989078,RELIANCE
2025-06-24,1452.4565437947847,1462.3709229333156,1430.7440292763747,1438.378173828125,16402744,RELIANCE
2025-06-25,1451.4652666586912,1459.7933702625824,1447.9952335758323,1454.737060546875,7525851,RELIANCE
2025-06-26,1456.5214458748073,1485.9672251547677,1452.55569413543,1482.4971923828125,14657893,RELIANCE
2025-06-27,1486.5620421012081,1508.9685148979506,1484.0834473001275,1502.425048828125,11117052,RELIANCE
2025-06-30,1500.838885203447,1511.7447031481738,1483.191240482831,1487.7518310546875,8409527,RELIANCE
2025-07-01,1487.7518183386467,1518.2881567329412,1487.256099345396,1515.3138427734375,10368523,RELIANCE
2025-07-02,1515.3139235508756,1516.9002002088087,1495.7825215605471,1505.796142578125,6361002,RELIANCE
2025-07-03,1507.7788792727886,1518.783816287235,1500.0456148706696,1504.8045654296875,11283291,RELIANCE
2025-07-04,1510.9515946827762,1516.900223008299,1504.2097675037892,1514.223388671875,6603501,RELIANCE
2025-07-07,1513.5291857359532,1531.5734294639212,1511.9429091838053,1528.3016357421875,7251074,RELIANCE
2025-07-08,1522.8487819842126,1531.6726044702705,1517.0983931213486,1524.43505859375,7171261,RELIANCE
2025-07-09,1523.5426661942138,1537.7202774459709,1497.1704406377573,1505.9942626953125,8870660,RELIANCE
2025-07-10,1506.688311848956,1511.6455019531181,1494.5928164048603,1504.209716796875,10047129,RELIANCE
2025-07-11,1499.0542783474266,1502.0285923917668,1477.540121836759,1482.3980712890625,7234991,RELIANCE
2025-07-14,1479.4236826617216,1487.1569471972039,1466.4358695278945,1470.9964599609375,10311846,RELIANCE
2025-07-15,1473.4750846086956,1483.6869442622558,1469.7076928815193,1472.6820068359375,8132454,RELIANCE
2025-07-16,1460.388154594461,1478.234038357326,1458.9009976142222,1472.8802490234375,10409983,RELIANCE
2025-07-17,1474.6648507992907,1476.845965908467,1461.2804382949055,1463.759033203125,11854613,RELIANCE
2025-07-18,1472.0871292027396,1472.0871292027396,1456.521480639079,1463.3624267578125,10296318,RELIANCE
2025-07-21,1452.4566531183941,1463.362470991638,1410.9153771961905,1416.3682861328125,22442744,RELIANCE
2025-07-22,1415.178583447059,1419.640054314783,1398.6214967228645,1400.70361328125,20396320,RELIANCE
2025-07-23,1413.7905031420296,1413.7905031420296,1402.2898472373465,1412.4024658203125,8354596,RELIANCE
2025-07-24,1407.0486714179167,1410.8161839876018,1384.0473596954969,1390.8883056640625,14740507,RELIANCE
2025-07-25,1386.9226057137396,1389.0046012536307,1372.2492752918665,1379.7841796875,11854722,RELIANCE
2025-07-28,1380.379191620021,1395.746480796028,1373.1416457270684,1375.7193603515625,7748361,RELIANCE
2025-07-29,1371.1587845273314,1408.0402305383973,1371.1587845273314,1404.966796875,10750072,RELIANCE
2025-07-30,1405.9582375902166,1411.1137879299629,1389.3021514025702,1398.0267333984375,7209849,RELIANCE
2025-07-31,1376.215001569177,1390.5908519212596,1370.365493427784,1378.2969970703125,17065827,RELIANCE
2025-08-01,1375.025384070285,1393.8627060383,1372.4476694796913,1381.76708984375,10321171,RELIANCE
2025-08-04,1383.155066191865,1403.975263237478,1379.7841529413568,1399.4146728515625,6312820,RELIANCE
2025-08-05,1398.918980991344,1398.918980991344,1376.2150271869518,1379.7841796875,9315972,RELIANCE
2025-08-06,1379.9825595355662,1383.9483114870873,1371.456217044825,1380.8748779296875,5834312,RELIANCE
2025-08-07,1375.818389126872,1381.7670168023217,1354.3042341107182,1377.50390625,9976705,RELIANCE
2025-08-08,1373.1415514013454,1385.2370458989403,1353.312792536344,1356.0888671875,8793606,RELIANCE
2025-08-11,1358.2700517359046,1376.1159356273254,1349.5453489789295,1374.331298828125,9997486,RELIANCE
2025-08-12,1370.0682117041065,1389.8969719255274,1363.4255044148417,1368.5810546875,12244664,RELIANCE
2025-08-13,1376.115874093997,1379.8833867126677,1365.7057756228248,1370.7620849609375,7457021,RELIANCE
2025-08-14,1370.961308962897,1374.3455639562076,1363.794372575189,1367.4774169921875,7126128,RELIANCE
2025-08-18,1383.602791829514,1388.4802648218374,1370.6626218339861,1375.3409423828125,11785109,RELIANCE
2025-08-19,1383.6027633741608,1414.460091190419,1382.7068811681168,1413.564208984375,14384719,RELIANCE
2025-08-20,1406.4969482421875,1418.342205158243,1403.510755146132,1406.4969482421875,8725641,RELIANCE
2025-08-21,1418.4417067156319,1425.3099750709036,1413.7633861810953,1418.24267578125,11021323,RELIANCE
2025-08-22,1413.464698965694,1416.84907536351,1401.4204113959267,1402.71435546875,5818868,RELIANCE
2025-08-25,1408.1890657335161,1412.9670232567023,1399.230486508923,1406.0987548828125,5979407,RELIANCE
2025-08-26,1401.519906786198,1403.5107021083375,1375.241384232256,1378.5262451171875,12145259,RELIANCE
2025-08-28,1383.50331940736,1385.7926612650012,1360.2109883890075,1379.521728515625,13161813,RELIANCE
2025-08-29,1374.7437651325777,1397.0406983353935,1343.7869203796088,1350.9537353515625,18758842,RELIANCE
2025-09-01,1349.759256141992,1356.9260708455383,1334.430107544873,1347.6689453125,11232238,RELIANCE
2025-09-02,1348.5648331807902,1378.128095842481,1348.2661652716795,1360.2109375,11517006,RELIANCE
2025-09-03,1363.3961593284287,1370.1649121838109,1354.2385492379765,1366.2828369140625,7847563,RELIANCE
2025-09-04,1365.4865379446771,1367.6763641601647,1350.8541196588233,1353.0440673828125,13223177,RELIANCE
2025-09-05,1356.7271022727273,1374.6442613636364,1353.0441792852228,1368.671875,5777575,RELIANCE
2025-09-08,1373.6488583038629,1379.6212446443146,1366.0838599076599,1372.15576171875,6986720,RELIANCE
2025-09-09,1370.2643943031567,1374.843199236951,1362.4007284883235,1369.8662109375,9754452,RELIANCE
2025-09-10,1377.5308659113482,1382.1096709119122,1367.7759200987732,1370.66259765625,7790815,RELIANCE
2025-09-11,1369.6672638548873,1379.1235422027225,1368.6718661340626,1376.9337158203125,9766072,RELIANCE
2025-09-12,1376.9337291414593,1389.873899637371,1374.146566892781,1388.579833984375,7403368,RELIANCE
2025-09-15,1386.5889315301856,1394.3530818320328,1382.2091575524387,1392.8599853515625,5396697,RELIANCE
2025-09-16,1398.2350616507645,1401.5199225726963,1391.7649767809332,1398.8323974609375,8686961,RELIANCE
2025-09-17,1400.5245819104894,1409.6821922648512,1400.4250664409112,1407.2933349609375,7519417,RELIANCE
2025-09-18,1413.8628424954393,1415.4554544293837,1404.2074124117412,1408.4876708984375,9332642,RELIANCE
2025-09-19,1408.3882121473878,1410.4785229891424,1397.1401696768169,1400.9227294921875,13461373,RELIANCE
2025-09-22,1397.4387885526373,1404.2074196840813,1381.6119415772491,1384.199951171875,7757970,RELIANCE
2025-09-23,1384.5982372618869,1388.5798281670254,1370.4636381520502,1383.40380859375,14014702,RELIANCE
2025-09-24,1378.9244730635044,1389.5751797778832,1374.0470000648747,1376.635009765625,5922759,RELIANCE
2025-09-25,1374.942926360271,1378.128150477363,1362.6994857374575,1366.0838623046875,11411143,RELIANCE
2025-09-26,1365.685684712474,1376.3363918134596,1359.7132983361805,1371.2598876953125,9879109,RELIANCE
2025-09-29,1375.2413599514077,1382.6073268149732,1361.7039763015719,1366.48193359375,14231999,RELIANCE
2025-09-30,1370.7620971908361,1370.7620971908361,1356.5279835173724,1357.722412109375,14604684,RELIANCE
2025-10-01,1360.7086293823172,1372.255218175594,1356.4283707523282,1362.4007568359375,12045916,RELIANCE
2025-10-03,1356.926091696157,1365.287456651113,1350.6551591113212,1357.125244140625,12842347,RELIANCE
2025-10-06,1353.740909090909,1371.0608538471567,1352.7455113636363,1368.671875,12396580,RELIANCE
2025-10-07,1369.667209612737,1389.47564777439,1369.5676941462978,1378.4267578125,11244040,RELIANCE
2025-10-08,1378.426755451918,1382.6073771032557,1358.2201339506064,1361.1068115234375,8525081,RELIANCE
2025-10-09,1367.676424553763,1373.6488106871855,1362.7989515764332,1371.458984375,8826633,RELIANCE
2025-10-10,1371.45898859096,1381.6119964455866,1368.7713419175536,1375.3409423828125,6373084,RELIANCE
2025-10-13,1370.5631549835205,1371.3594002602317,1361.505059967041,1368.671875,7600682,RELIANCE
2025-10-14,1373.6488553790207,1381.612037149334,1363.7943936365562,1369.5677490234375,9768174,RELIANCE
2025-10-15,1376.6350089791804,1377.6304066718624,1366.382364141153,1367.97509765625,10882743,RELIANCE
2025-10-16,1368.7713249510273,1394.0544503152107,1368.671809484766,1391.8646240234375,12315932,RELIANCE
2025-10-17,1394.5522084059296,1416.7496262080865,1392.6609284325848,1410.279541015625,19335561,RELIANCE
2025-10-20,1433.3726108781723,1467.0170999313523,1426.7034952504036,1460.04931640625,24721978,RELIANCE
2025-10-21,1461.2438272093502,1467.2162134241023,1453.2806455896807,1458.4566650390625,2066169,RELIANCE
2025-10-23,1468.2115624957596,1476.0752283864208,1437.9514490416038,1441.7340087890625,18707090,RELIANCE
2025-10-24,1443.3266994671071,1453.0816457634617,1434.3681199531734,1444.9193115234375,9700837,RELIANCE
2025-10-27,1456.266786847925,1478.16553552233,1451.289798512833,1477.2696533203125,14113867,RELIANCE
2025-10-28,1477.26972256393,1485.1333888036675,1470.79963742504,1480.056884765625,17631577,RELIANCE
2025-10-29,1483.1425015536738,1501.3583271895798,1481.2512217130793,1497.277099609375,11884745,RELIANCE
2025-10-30,1493.0964871305005,1496.1821955688695,1477.1701246011085,1481.6494140625,9318663,RELIANCE
2025-10-31,1483.540795005222,1490.6080945575152,1475.4780977270138,1479.5592041015625,8758053,RELIANCE
2025-11-03,1479.1610089962214,1488.1195884585134,1472.4918928888083,1477.866943359375,8452085,RELIANCE
2025-11-04,1477.07065615293,1485.9297198935935,1463.334119430687,1466.3203125,10007806,RELIANCE
2025-11-06,1477.1701896475465,1494.6891648996161,1469.406038969176,1489.2144775390625,16772678,RELIANCE
2025-11-07,1487.7213309001133,1491.5038906434634,1469.1074431042953,1471.19775390625,7821765,RELIANCE
2025-11-10,1471.0982430243503,1494.0919049344996,1468.7092643110286,1482.44580078125,7068438,RELIANCE
2025-11-11,1490.1103850249956,1491.9021495222175,1473.3876547459602,1486.5269775390625,7127506,RELIANCE
2025-11-12,1498.0734942427068,1517.6827797499902,1493.0965058897411,1504.5435791015625,12384459,RELIANCE
2025-11-13,1508.0275174062697,1515.0948167835015,1499.8653048593553,1503.9464111328125,7196443,RELIANCE
2025-11-14,1498.5711928131457,1513.900341239272,1498.5711928131457,1511.9095458984375,7682823,RELIANCE
2025-11-17,1513.900387650411,1516.6874283079178,1504.5436249599409,1511.3123779296875,5871416,RELIANCE
2025-11-18,1514.696568271851,1520.7685911952462,1503.5481631005248,1512.4072265625,11045042,RELIANCE
2025-11-19,1510.4164493928117,1515.2939222795571,1505.0412776708577,1511.9095458984375,5692366,RELIANCE
2025-11-20,1522.9585089376258,1543.7623455509595,1519.6736478639639,1541.9705810546875,18171724,RELIANCE
2025-11-21,1533.9078528560988,1550.6305827884978,1533.0119706260582,1539.4820556640625,9615271,RELIANCE
2025-11-24,1542.8663816107544,1542.8663816107544,1524.7501927010492,1528.831298828125,18433951,RELIANCE
2025-11-25,1528.8313312270848,1552.4222077972818,1518.0809876078647,1532.61376953125,15033482,RELIANCE
2025-11-26,1535.2018536795324,1564.3669320995493,1533.4100892950657,1562.6748046875,14054299,RELIANCE
2025-11-27,1567.7513003642512,1568.2489991897637,1548.8387449947777,1556.2047119140625,9794643,RELIANCE
2025-11-28,1560.7835875199362,1574.0224254817672,1555.806599039324,1560.285888671875,8959508,RELIANCE
2025-12-01,1567.7513979315313,1570.2398922139623,1556.403839701944,1558.892333984375,8920233,RELIANCE
2025-12-02,1553.9152843475838,1560.2858537619331,1534.9032130787248,1539.1834716796875,11389150,RELIANCE
2025-12-03,1538.0884656023031,1545.2554018922647,1525.9446623591427,1531.718017578125,6090883,RELIANCE
2025-12-04,1528.9308982335338,1553.3181423785347,1510.6155558800758,1528.53271484375,11867930,RELIANCE
2025-12-05,1523.356635808528,1538.685784402705,1513.6016899280953,1533.5096435546875,10183266,RELIANCE
2025-12-08,1532.1161217020071,1543.861863398969,1527.9354998822807,1535.898681640625,11301491,RELIANCE
2025-12-09,1533.211064854301,1535.4008911036892,1513.1039592099478,1522.3612060546875,11503971,RELIANCE
2025-12-10,1526.9401045329791,1540.3779737710465,1524.3520947592017,1529.8267822265625,7991629,RELIANCE
2025-12-11,1529.826707449835,1542.8663926602953,1516.9860531705099,1537.889404296875,4706197,RELIANCE
2025-12-12,1543.6628294631555,1552.62140892391,1538.9843872841,1549.3365478515625,5106655,RELIANCE
2025-12-15,1544.060853330096,1551.4268205626304,1539.3825327747268,1549.037841796875,5774543,RELIANCE
2025-12-16,1537.8894294536826,1544.5585453663573,1531.7180123854912,1535.201904296875,11731856,RELIANCE
2025-12-17,1542.8664391614582,1542.8664391614582,1532.2157323461342,1537.292236328125,7116649,RELIANCE
2025-12-18,1528.1345045583196,1544.3595357154854,1528.1345045583196,1537.292236328125,6580829,RELIANCE
2025-12-19,1547.2461442463334,1566.9549449740825,1543.8617679066683,1557.8968505859375,13937275,RELIANCE
2025-12-22,1566.2582562309594,1570.2398469681211,1558.0960438231807,1568.1495361328125,10184852,RELIANCE
2025-12-23,1573.6241984599117,1573.6241984599117,1560.8830596994947,1563.4710693359375,7506564,RELIANCE
2025-12-24,1565.4619535362338,1568.448146711295,1546.4498812900458,1551.0286865234375,8815745,RELIANCE
2025-12-26,1547.5447581940155,1553.8158123179846,1547.1466963201515,1552.0240478515625,2311495,RELIANCE
2025-12-29,1547.7439417510202,1550.9291658570105,1536.495898892566,1538.4866943359375,5972105,RELIANCE
2025-12-30,1539.8801935176687,1546.449793829553,1530.7225835687998,1532.71337890625,8815884,RELIANCE
2025-12-31,1533.9078900841737,1569.7422080874378,1533.9078900841737,1563.172607421875,5771830,RELIANCE
2026-01-01,1566.457230908256,1585.1707553042595,1563.8692213237453,1568.3485107421875,6408128,RELIANCE
2026-01-02,1572.7283614795997,1587.2611435561273,1570.9365970213464,1584.9718017578125,6602230,RELIANCE
2026-01-05,1585.6684856930358,1604.3820104615531,1568.049995566515,1570.8370361328125,8704973,RELIANCE
2026-01-06,1561.77894010158,1561.77894010158,1489.4135782872731,1500.6614990234375,27417125,RELIANCE
2026-01-07,1503.0504545946628,1513.004431115157,1491.1056827700695,1497.277099609375,11199340,RELIANCE
2026-01-08,1493.0965028672745,1496.9785780764303,1462.040144211037,1463.831787109375,16518684,RELIANCE
2026-01-09,1458.2576091430024,1473.0890589574892,1458.2576091430024,1468.51025390625,8335311,RELIANCE
2026-01-12,1468.5102348906719,1478.4642116159973,1444.322022844729,1476.373779296875,8883745,RELIANCE
2026-01-13,1478.165525590484,1478.9618923221497,1438.050951275772,1446.11376953125,13499760,RELIANCE
2026-01-14,1437.3542473990606,1460.2483939989072,1433.5716876182923,1452.086181640625,8321764,RELIANCE
2026-01-15,1452.086181640625,1452.086181640625,1452.086181640625,1452.086181640625,0,RELIANCE
2026-01-16,1452.0861898343726,1473.1885721290346,1448.4031454989463,1451.1903076171875,17167161,RELIANCE
2026-01-19,1443.9238298491432,1443.9238298491432,1396.8415931572963,1407.0941162109375,20392765,RELIANCE
2026-01-20,1404.207443054835,1409.4830993039366,1383.6027599099377,1387.5843505859375,13189498,RELIANCE
2026-01-21,1383.105138772638,1406.3974698374059,1366.681076311502,1398.1356201171875,17352720,RELIANCE
2026-01-22,1403.610286379211,1412.9670491536458,1388.5798052619484,1396.0452880859375,15721693,RELIANCE
2026-01-23,1395.348519642108,1400.5245389866304,1374.6441992470054,1379.720703125,9837802,RELIANCE
2026-01-27,1373.6487855396595,1385.195374217857,1361.7040134914885,1374.146484375,26302396,RELIANCE
2026-01-28,1378.6257466723232,1403.4111724845945,1378.526231208921,1390.2718505859375,11121657,RELIANCE
2026-01-29,1396.4434009824272,1396.4434009824272,1377.6303609139109,1384.59814453125,20846683,RELIANCE
2026-01-30,1376.236766748553,1391.5659148620384,1372.1556606847782,1388.9779052734375,11239835,RELIANCE
2026-02-02,1333.8329085367304,1386.4894707948447,1329.35361891851,1384.0009765625,15711165,RELIANCE
2026-02-03,1467.1166446366906,1482.6448239290096,1423.6176937150067,1430.4859619140625,25456171,RELIANCE
2026-02-04,1437.3543194605445,1457.2622740237098,1433.6713964697635,1450.095458984375,8333387,RELIANCE
2026-02-05,1450.2944646433757,1454.7737543419996,1432.8750047042822,1436.757080078125,11763658,RELIANCE
2026-02-06,1434.865799564727,1446.113842295832,1426.9026178813986,1444.123046875,8277304,RELIANCE
2026-02-09,1451.2898835062008,1459.153549837875,1446.3128948796364,1454.873291015625,5775864,RELIANCE
2026-02-10,1464.2299462371711,1464.2299462371711,1445.5164217743147,1451.7874755859375,10259630,RELIANCE
2026-02-11,1452.882456999606,1463.234617369774,1446.91007080626,1461.9405517578125,7106877,RELIANCE
2026-02-12,1463.2345557130195,1466.2207486838624,1438.8473131178025,1442.231689453125,11135399,RELIANCE
2026-02-13,1438.8473526451965,1444.0233720001163,1409.7817888672503,1413.0665283203125,10755693,RELIANCE
2026-02-16,1413.564201587246,1432.9744560797708,1402.8139796964888,1430.4859619140625,5896514,RELIANCE
2026-02-17,1424.5136248062843,1425.2104761017015,1412.0711535507119,1416.450927734375,10731630,RELIANCE
2026-02-18,1420.4325123887006,1435.4629932986807,1412.6683617554224,1434.666748046875,5521096,RELIANCE
2026-02-19,1436.3588845536149,1436.3588845536149,1393.5567833507007,1403.0130615234375,11884664,RELIANCE
2026-02-20,1403.013091941889,1420.8307355027325,1399.6287153786739,1412.8675537109375,8177670,RELIANCE
2026-02-23,1418.4416634695872,1428.2961245911818,1411.772547760535,1421.4278564453125,7758856,RELIANCE
2026-02-24,1418.7403513100855,1426.7035326906043,1408.4877066792656,1422.2242431640625,12529409,RELIANCE
2026-02-25,1428.395737725409,1433.8704252219175,1387.0867320699354,1392.063720703125,10728792,RELIANCE
2026-02-26,1392.0637118415314,1406.397463315574,1385.4941111892442,1400.3255615234375,16683858,RELIANCE
2026-02-27,1391.5659695052796,1403.9089251530934,1381.711508080472,1387.48486328125,12031440,RELIANCE
2026-03-02,1369.1694587628867,1372.2551671563263,1335.3259388807069,1351.75,23728722,RELIANCE
2026-03-04,1323.8789706886037,1346.5740873609554,1300.9848230751916,1338.8099365234375,32495007,RELIANCE
2026-03-05,1346.8726294272453,1392.5614090361375,1346.8726294272453,1383.005615234375,25957532,RELIANCE
2026-03-06,1390.0728674061675,1417.7449716586152,1383.9014503612218,1398.334716796875,19311971,RELIANCE
2026-03-09,1368.6718029922313,1422.8214608086796,1363.6948146177142,1417.4462890625,24870822,RELIANCE
2026-03-10,1424.015880450879,1424.9117626543534,1394.1539503917586,1402.3162841796875,18071259,RELIANCE
2026-03-11,1418.34212900751,1427.4002232775151,1377.2321576556008,1383.8017578125,21848087,RELIANCE
2026-03-12,1383.6027762448114,1404.4066120742223,1374.7437125844203,1385.7926025390625,20939959,RELIANCE
2026-03-13,1378.8248707870416,1394.3531723993444,1372.0562392077015,1374.3455810546875,17265090,RELIANCE
2026-03-16,1373.6488401657623,1390.8692691567512,1357.224777946389,1388.6793212890625,22837802,RELIANCE
2026-03-17,1392.5613056143347,1399.429573667814,1381.8109624429321,1391.167724609375,19007744,RELIANCE
2026-03-18,1390.7696473738063,1406.3974645008152,1390.7696473738063,1401.6195068359375,9559327,RELIANCE
2026-03-19,1381.6119817895922,1409.1844489610974,1369.7667250791762,1378.4267578125,16498373,RELIANCE
2026-03-20,1391.5659566755692,1423.4186824363833,1389.6746767818195,1407.8905029296875,22994918,RELIANCE
2026-03-23,1393.5567722314413,1409.0849519631759,1384.598192981382,1401.3209228515625,18979554,RELIANCE
2026-03-24,1413.4647025895886,1415.8536813182018,1400.1263494042955,1405.302490234375,18620893,RELIANCE
2026-03-25,1413.464703831985,1423.9163794589117,1401.9181150601291,1406.596435546875,19041331,RELIANCE
2026-03-27,1394.552193095842,1398.235116023098,1338.809921280448,1341.8956298828125,23266517,RELIANCE
2026-03-30,1328.855902170806,1358.7178325566667,1327.960019957529,1337.7149658203125,24393861,RELIANCE
2026-04-01,1377.8294025098971,1378.028554948465,1356.6275051009459,1362.8984375,14404619,RELIANCE
2026-04-02,1350.7546307176451,1351.9490593116357,1321.8880984473344,1344.2845458984375,21280051,RELIANCE
2026-04-06,1352.7454554606609,1352.7454554606609,1284.0630151171836,1298.6953125,29274881,RELIANCE
2026-04-07,1289.040031502862,1302.2788696189978,1285.058440671965,1298.5958251953125,28388922,RELIANCE
2026-04-08,1342.7914745147666,1344.3840865060406,1320.0963587364665,1341.5970458984375,21817543,RELIANCE
2026-04-09,1339.8052690319548,1343.7868597274437,1320.195983460075,1323.87890625,20725390,RELIANCE
2026-04-10,1330.8467605257397,1346.0763943468285,1325.3720730291864,1343.9859619140625,19364461,RELIANCE
2026-04-13,1315.1193869938081,1321.4899565481755,1303.970981405046,1309.0474853515625,28753269,RELIANCE
2026-04-15,1330.8467629297493,1340.8007402141902,1328.059600686701,1337.9140625,15313779,RELIANCE
2026-04-16,1345.7777093601655,1347.5694738488123,1323.8789596516422,1337.1177978515625,30211012,RELIANCE
2026-04-17,1333.832952366644,1362.1022720767137,1333.832952366644,1358.7178955078125,13869105,RELIANCE
2026-04-20,1356.9261198573818,1366.6810660920328,1346.5740808024586,1357.0257568359375,13614733,RELIANCE
2026-04-21,1352.7454957201878,1363.4958396538184,1343.8864317482064,1347.07177734375,27293629,RELIANCE
2026-04-22,1344.085556855853,1359.7132520720183,1342.8910067161314,1355.8311767578125,9525953,RELIANCE
2026-04-23,1339.8052948565,1349.261572940554,1334.529638479888,1337.21728515625,16385079,RELIANCE
2026-04-24,1333.8328899956957,1339.7057606040942,1318.9019248091768,1321.6890869140625,11744802,RELIANCE
2026-04-27,1306.9571155871217,1365.2873936261717,1304.9663202853897,1359.51416015625,24673098,RELIANCE
2026-04-28,1351.7500009887617,1388.7787447541255,1350.75460334444,1382.5078125,41027699,RELIANCE
2026-04-29,1385.5935377241706,1427.2012083655534,1384.896807968084,1418.83984375,30542143,RELIANCE
2026-04-30,1402.5153692729207,1430.386505071105,1386.6885214286783,1424.215087890625,30957881,RELIANCE
2026-05-01,1424.215087890625,1424.215087890625,1424.215087890625,1424.215087890625,0,RELIANCE
2026-05-04,1426.8030702776819,1460.6465916696056,1426.8030702776819,1456.3663330078125,24035700,RELIANCE
2026-05-05,1453.280606341501,1466.6189594959255,1443.3266295857375,1456.864013671875,23543341,RELIANCE
2026-05-06,1456.2668061036345,1466.519450812893,1420.9301884572374,1431.2823486328125,14221786,RELIANCE
2026-05-07,1432.1782190445704,1442.828925531327,1423.717338832762,1429.590087890625,19816903,RELIANCE
2026-05-08,1419.4371163507371,1436.1598462687914,1410.9762359236815,1428.5947265625,8663105,RELIANCE
2026-05-11,1413.4647305422184,1421.427912122738,1375.6396180347506,1381.81103515625,15261787,RELIANCE
2026-05-12,1385.593546668805,1387.0866431630602,1354.0394893602804,1357.722412109375,24357500,RELIANCE
2026-05-13,1355.1343963286624,1366.0837705701026,1346.1758174038478,1352.54638671875,13797989,RELIANCE
2026-05-14,1358.9168476375535,1371.6579863902991,1352.148216400817,1355.5325927734375,17303059,RELIANCE
2026-05-15,1350.5556491178086,1358.5188307246153,1323.082575367519,1330.24951171875,19976192,RELIANCE
2026-05-18,1327.860551095503,1335.8237328112184,1312.6309174607939,1329.7518310546875,13022473,RELIANCE
2026-05-19,1332.5387892026445,1337.8144453658963,1312.3322897558653,1316.6124267578125,21665501,RELIANCE
2026-05-20,1312.6308349443716,1356.6274840630256,1306.558933569541,1353.442138671875,13248515,RELIANCE
2026-05-21,1360.9076465750106,1364.590690861155,1339.0088978228712,1343.388671875,17150630,RELIANCE
2026-05-22,1343.7868238683554,1361.106767233248,1342.8909416840763,1348.26611328125,7105813,RELIANCE
2026-05-25,1360.5095872329855,1364.7897243191815,1350.7546414401118,1360.7086181640625,6750071,RELIANCE
2026-05-26,1353.8404218493883,1362.2017870434288,1346.1759079681497,1350.0579833984375,13769747,RELIANCE
2026-05-27,1346.7730400596713,1354.736221375619,1342.393266034199,1344.2845458984375,13215138,RELIANCE
2026-05-28,1344.2845458984375,1344.2845458984375,1344.2845458984375,1344.2845458984375,0,RELIANCE
2026-05-29,1357.7224546740495,1362.6994431442622,1310.9387630540493,1315.119384765625,42634247,RELIANCE
2026-06-01,1326.3673976551404,1329.353590670499,1312.4318302501333,1313.9249267578125,10700603,RELIANCE
2026-06-02,1301.6815361898255,1321.689127358814,1294.3156903458798,1308.5498046875,23302785,RELIANCE
2026-06-03,1308.9480145168118,1317.906594083847,1295.0124463014238,1307.15625,20012293,RELIANCE
2026-06-04,1295.0124259474096,1305.1654340270677,1287.1487597049047,1297.699951171875,23474327,RELIANCE
2026-06-05,1304.5,1306.0,1288.0,1291.0,17785223,RELIANCE
2026-06-08,1277.0,1282.5999755859375,1259.199951171875,1263.300048828125,16494759,RELIANCE
2026-06-09,1269.0,1274.199951171875,1257.5,1269.199951171875,23620214,RELIANCE
2026-06-10,1275.0,1300.5,1254.4000244140625,1258.800048828125,21012796,RELIANCE
2026-06-11,1258.0,1276.0,1253.199951171875,1263.0,13117486,RELIANCE
2026-06-12,1277.0,1297.0,1262.5,1293.0,11988785,RELIANCE
2026-06-15,1315.300048828125,1325.0,1303.300048828125,1307.0,18633321,RELIANCE
2026-06-16,1313.4000244140625,1333.4000244140625,1306.4000244140625,1328.800048828125,18513223,RELIANCE
2026-06-17,1333.0,1334.0,1317.0,1332.699951171875,10029170,RELIANCE
2026-06-18,1330.0,1333.9000244140625,1322.0,1328.0999755859375,15494549,RELIANCE
2026-06-19,1328.0,1338.199951171875,1305.300048828125,1309.5,24887034,RELIANCE
2026-06-22,1316.699951171875,1344.9000244140625,1314.0999755859375,1326.5,12931213,RELIANCE
2026-06-23,1328.9000244140625,1333.0,1304.0,1309.5,15400184,RELIANCE
2026-06-24,1305.699951171875,1322.0,1297.5,1313.5999755859375,11030917,RELIANCE
2026-06-25,1318.0,1328.0,1314.5999755859375,1318.0999755859375,12694362,RELIANCE
2026-06-26,1318.0999755859375,1318.0999755859375,1318.0999755859375,1318.0999755859375,0,RELIANCE
2026-06-29,1308.0,1313.699951171875,1292.5999755859375,1301.0,13757656,RELIANCE
2026-06-30,1306.9000244140625,1306.9000244140625,1290.0,1293.9000244140625,15695263,RELIANCE
2026-07-01,1298.9000244140625,1312.199951171875,1296.5,1308.0,7001401,RELIANCE
2026-07-02,1310.0,1313.199951171875,1299.0,1303.5,17795024,RELIANCE
2026-07-03,1312.0,1312.0,1302.0,1304.0,7839550,RELIANCE
2026-07-06,1304.0,1325.5999755859375,1299.4000244140625,1321.300048828125,7610709,RELIANCE
2026-07-07,1323.5,1328.0,1304.0999755859375,1308.4000244140625,14335554,RELIANCE
2026-07-08,1297.0,1302.300048828125,1271.5999755859375,1275.9000244140625,19960868,RELIANCE
2026-07-09,1277.0999755859375,1296.5,1274.199951171875,1279.800048828125,14651963,RELIANCE
2026-07-10,1291.9000244140625,1311.0999755859375,1287.800048828125,1307.800048828125,8412537,RELIANCE
2026-07-13,1300.0,1306.4000244140625,1295.0,1296.9000244140625,9488352,RELIANCE
2026-07-14,1290.0,1308.0,1286.9000244140625,1293.0,13511284,RELIANCE
2026-07-15,1294.0999755859375,1310.9000244140625,1294.0999755859375,1295.5,9577965,RELIANCE
2026-07-16,1295.5,1309.4000244140625,1291.800048828125,1296.5999755859375,15631046,RELIANCE
2026-07-17,1300.0,1330.300048828125,1296.0999755859375,1327.199951171875,18302218,RELIANCE
2026-07-20,1317.199951171875,1345.9000244140625,1314.9000244140625,1323.0999755859375,14305844,RELIANCE
2026-07-21,1321.0,1326.9000244140625,1302.699951171875,1303.699951171875,12753410,RELIANCE
2026-07-22,1302.0,1304.5999755859375,1280.699951171875,1288.5999755859375,10840383,RELIANCE
2026-07-23,1283.0,1287.300048828125,1268.0,1272.199951171875,12580741,RELIANCE
2026-07-24,1265.0,1283.4000244140625,1249.800048828125,1278.0,9817000,RELIANCE
2026-07-27,1288.199951171875,1288.699951171875,1278.0,1280.0,7163132,RELIANCE
2026-07-28,1275.0,1279.199951171875,1265.9000244140625,1267.699951171875,9312184,RELIANCE
2026-07-29,1275.0,1282.4000244140625,1268.699951171875,1275.9000244140625,9448307,RELIANCE
2026-07-30,1279.800048828125,1297.0,1275.300048828125,1292.9000244140625,12158451,RELIANCE
2026-07-31,1295.0,1309.699951171875,1293.5999755859375,1307.800048828125,8624996,RELIANCE
2026-08-03,1315.199951171875,1319.0,1306.0,1319.0,7508023,RELIANCE
2026-08-04,1315.0,1315.0,1286.4000244140625,1290.9000244140625,10759546,RELIANCE
2026-08-05,1293.0,1299.0,1270.0999755859375,1280.0,24820782,RELIANCE
2026-08-06,1285.0,1325.199951171875,1281.199951171875,1325.0,20342297,RELIANCE
2026-08-07,1320.0,1337.0,1316.5999755859375,1334.800048828125,9885638,RELIANCE
2026-08-10,1330.0999755859375,1332.9000244140625,1321.300048828125,1327.300048828125,8207102,RELIANCE
2026-08-11,1326.5999755859375,1328.699951171875,1314.0999755859375,1323.9000244140625,9953124,RELIANCE
2026-08-12,1323.9000244140625,1329.0,1309.199951171875,1329.0,7901012,RELIANCE
2026-08-13,1327.800048828125,1327.800048828125,1307.199951171875,1317.0,9397301,RELIANCE
2026-08-14,1317.0,1317.5,1301.5,1310.0,10497358,RELIANCE
2026-08-17,1314.0,1320.800048828125,1298.0999755859375,1316.0,13383867,RELIANCE
2026-08-18,1314.0,1328.5999755859375,1311.199951171875,1322.0,10180567,RELIANCE
2026-08-19,1320.300048828125,1321.5999755859375,1303.5,1311.0,7489365,RELIANCE
2026-08-20,1315.5,1316.5,1307.0,1313.199951171875,5546227,RELIANCE
2026-08-21,1314.0,1316.0,1308.0,1316.0,5434871,RELIANCE
2026-08-24,1316.5999755859375,1320.0,1302.4000244140625,1309.800048828125,7277167,RELIANCE
2026-08-25,1304.300048828125,1317.0999755859375,1300.0,1317.0,7115355,RELIANCE
2026-08-26,1310.0,1315.5999755859375,1298.0,1298.0,5744474,RELIANCE
