Date,Open,High,Low,Close,Volume,Symbol
2021-01-01,2479.533664518057,2531.1906158621828,2478.672715328988,2521.074462890625,2681440,TCS
2021-01-04,2539.79943672027,2626.5400446014796,2532.007806579266,2616.811279296875,5113293,TCS
2021-01-05,2616.940690227785,2681.2104496331494,2616.940690227785,2662.915283203125,5801309,TCS
2021-01-06,2668.941816204633,2680.564627339718,2614.874178663641,2627.185791015625,3726716,TCS
2021-01-07,2647.418435112393,2652.4550713343,2583.062491039336,2611.08642578125,3717827,TCS
2021-01-08,2660.333274766909,2693.049347401583,2634.504796371114,2686.9365234375,5879039,TCS
2021-01-11,2780.8660814731584,2780.8660814731584,2709.019908496546,2734.76220703125,9508039,TCS
2021-01-12,2734.7619140231536,2763.6468003456735,2711.9898508065016,2733.384521484375,3611458,TCS
2021-01-13,2733.513343203706,2735.235241372653,2691.5420753356175,2719.695068359375,3572801,TCS
2021-01-14,2721.4631268941703,2817.641617749543,2691.61751993429,2804.0126953125,6931542,TCS
2021-01-15,2790.4707926772085,2824.1117079521423,2768.906103398405,2789.047607421875,4131692,TCS
2021-01-18,2803.4091101982617,2809.231575273289,2749.411053561698,2779.041015625,4160906,TCS
2021-01-19,2788.745285260134,2828.4243088054377,2787.882697791758,2812.638916015625,2975735,TCS
2021-01-20,2820.6607181001477,2870.6476143956615,2818.1592989480555,2854.129150390625,3453446,TCS
2021-01-21,2850.851447721759,2854.4311013086226,2813.846531321214,2823.98193359375,2778546,TCS
2021-01-22,2796.4223664998394,2868.103472870908,2796.4223664998394,2849.212890625,3052459,TCS
2021-01-25,2854.259009732699,2880.869919684752,2828.1225650480674,2839.034423828125,2272887,TCS
2021-01-27,2846.5379167181054,2852.1015623459,2783.569047651311,2812.940185546875,2786662,TCS
2021-01-28,2786.1574631585613,2824.973898403804,2746.3059650919727,2757.303955078125,3083938,TCS
2021-01-29,2768.948861893027,2774.814498620506,2674.0210717281498,2683.8115234375,5445659,TCS
2021-02-01,2674.0207273195015,2730.0889038600712,2625.802179731655,2707.963623046875,3985846,TCS
2021-02-02,2737.852699851867,2780.9820744557087,2717.150600042023,2763.255859375,2881837,TCS
2021-02-03,2771.4939536086663,2791.3334683715048,2728.062583792948,2760.323486328125,2505866,TCS
2021-02-04,2774.124884737819,2792.929336479681,2739.578209343401,2750.3173828125,2057261,TCS
2021-02-05,2759.3738955726767,2765.3258749331653,2699.035949619647,2724.0078125,2366135,TCS
2021-02-08,2751.2226474927297,2782.707089139848,2721.5926846096877,2772.4423828125,2526592,TCS
2021-02-09,2755.9666755606227,2799.7861565268718,2729.226466814964,2740.353759765625,2658751,TCS
2021-02-10,2747.34165714597,2777.0145879813667,2723.4480214299883,2771.7529296875,2127983,TCS
2021-02-11,2773.2186091965013,2776.927777293114,2747.3841575839447,2765.455322265625,1165882,TCS
2021-02-12,2746.650832906159,2799.52748410672,2744.7531826922145,2752.343994140625,2777404,TCS
2021-02-15,2768.0428515244666,2768.0428515244666,2701.2355022903666,2708.39501953125,2630853,TCS
2021-02-16,2717.150376031372,2732.3749597743044,2674.021004983255,2681.61181640625,3435770,TCS
2021-02-17,2678.4209192407247,2702.3577258399814,2627.053784041622,2650.818115234375,3678426,TCS
2021-02-18,2643.8303988706775,2672.209440285452,2614.5024270724384,2637.231689453125,4189909,TCS
2021-02-19,2637.792094735,2662.9364315448893,2601.6927301955807,2649.739013671875,3725028,TCS
2021-02-22,2670.570824384041,2670.570824384041,2538.7242445051543,2551.921875,5366696,TCS
2021-02-23,2561.8847554976905,2611.9148281639755,2560.1595805781635,2570.68310546875,3832829,TCS
2021-02-24,2563.6096502829137,2590.6518484285643,2519.7469985099015,2542.993896484375,3774549,TCS
2021-02-25,2565.3348545968297,2613.553404647597,2560.547452544542,2583.7080078125,4224073,TCS
2021-02-26,2553.2588677587523,2563.9119070690585,2484.25187133284,2496.5869140625,5553153,TCS
2021-03-01,2523.9311176442743,2557.572031379109,2503.0565414965754,2522.37841796875,3265871,TCS
2021-03-02,2553.2580142455627,2609.326180098928,2542.9069682418644,2593.239013671875,3306469,TCS
2021-03-03,2617.9527702709497,2642.9678049786457,2585.0881059524086,2638.7412109375,3509857,TCS
2021-03-04,2607.6017705058875,2658.0199630833813,2601.606830055768,2630.6328125,3916760,TCS
2021-03-05,2601.649925333204,2642.2776652670846,2584.829471136932,2594.7060546875,3203686,TCS
2021-03-08,2601.563537985365,2616.227523444832,2584.311790385993,2593.757080078125,2003125,TCS
2021-03-09,2593.7568519784845,2645.468918741427,2580.9475568679964,2631.710693359375,1942397,TCS
2021-03-10,2652.456411920203,2668.155461410439,2639.517600154739,2648.962890625,3053778,TCS
2021-03-12,2652.4561803119,2688.6848500917695,2623.4301993562667,2637.7490234375,2938317,TCS
2021-03-15,2623.1282768065803,2673.158345880826,2623.1282768065803,2644.822265625,3097083,TCS
2021-03-16,2639.5178810504785,2709.387472019462,2639.5178810504785,2682.6904296875,4894756,TCS
2021-03-17,2678.334122051727,2721.46349599781,2661.3411908354997,2685.191650390625,3838390,TCS
2021-03-18,2696.4052324647,2714.0882754209074,2576.591918330186,2619.246826171875,3656306,TCS
2021-03-19,2613.6402270631115,2673.158766887321,2592.0755387210065,2631.064453125,5776626,TCS
2021-03-22,2629.770031169302,2708.0498337575755,2603.8492389926228,2699.596435546875,2821646,TCS
2021-03-23,2708.5242784971206,2733.539311642476,2693.730989684413,2710.76708984375,3305973,TCS
2021-03-24,2683.682424609866,2719.134858224196,2683.6392531125275,2692.22216796875,2207104,TCS
2021-03-25,2684.545304110511,2700.63269050956,2630.892393161944,2643.701904296875,3179786,TCS
2021-03-26,2665.9558856292324,2689.5477372213268,2624.8968483248655,2645.38330078125,3697370,TCS
2021-03-30,2659.3575873429486,2750.3174082102432,2640.2943170272924,2724.526123046875,4694008,TCS
2021-03-31,2721.463619102992,2764.5929950000286,2701.6241061903556,2741.173828125,3530069,TCS
2021-04-01,2752.6029727793416,2773.2187291728374,2712.837605987115,2730.08935546875,4285076,TCS
2021-04-05,2735.265106696293,2814.6231608798503,2718.0133557868244,2793.834716796875,5317862,TCS
2021-04-06,2824.9742937050573,2824.9742937050573,2786.157853028194,2816.089599609375,2291562,TCS
2021-04-07,2811.1719219764927,2827.1729580050037,2790.2973520938363,2821.867919921875,2491268,TCS
2021-04-08,2820.6607969198403,2876.728977898369,2817.2536188096706,2861.50439453125,2578118,TCS
2021-04-09,2893.118353143342,2893.420342992683,2853.4393298146024,2865.731201171875,2911129,TCS
2021-04-12,2865.73192746146,2879.4040264627083,2771.666698590066,2800.43408203125,3791828,TCS
2021-04-13,2772.3560975851465,2772.3560975851465,2650.7744371664544,2677.5146484375,8654596,TCS
2021-04-15,2726.035543880067,2792.4116153775035,2663.195955069596,2776.626220703125,6062760,TCS
2021-04-16,2785.2946139374144,2800.821186576273,2745.2706442609606,2756.095947265625,3224657,TCS
2021-04-19,2733.539933917254,2750.791684841314,2704.2983003380377,2727.329345703125,2679106,TCS
2021-04-20,2781.844332141803,2782.146321965287,2696.750170373957,2712.44921875,3141893,TCS
2021-04-22,2715.4255509270147,2715.4255509270147,2678.549933931421,2690.238037109375,1988980,TCS
2021-04-23,2678.333689003708,2690.40991175606,2666.3006377368515,2682.21533203125,1615309,TCS
2021-04-26,2675.789904420957,2719.738700485014,2663.713678031236,2674.711669921875,2490260,TCS
2021-04-27,2679.1965065440913,2705.1604719295583,2676.6087443033857,2701.623779296875,1471417,TCS
2021-04-28,2717.107575977585,2718.0133350119418,2684.3724209956085,2694.809814453125,1639037,TCS
2021-04-29,2713.3553968122974,2723.4908002083935,2678.765552900048,2687.17578125,1621395,TCS
2021-04-30,2673.158674481998,2701.667233603313,2605.0142616765515,2618.513671875,3072305,TCS
2021-05-03,2609.2408297283305,2635.2047975682726,2591.212835317542,2619.67822265625,1545831,TCS
2021-05-04,2641.93307870196,2665.3954169527215,2617.95310370599,2630.67626953125,1990777,TCS
2021-05-05,2648.1435556676834,2673.5035432666605,2632.9619318281,2670.31201171875,1939289,TCS
2021-05-06,2678.7655954933966,2703.349340291839,2651.5940880845924,2683.89794921875,1791671,TCS
2021-05-07,2702.4862453182805,2725.6468005693077,2684.1994350905716,2702.39990234375,1912540,TCS
2021-05-10,2713.6569210585,2729.3991418750993,2695.585756267013,2713.268798828125,2137153,TCS
2021-05-11,2695.5859949476826,2698.260100491733,2666.387323213347,2693.515869140625,2415625,TCS
2021-05-12,2691.272698807051,2691.272698807051,2648.6609653129904,2663.324951171875,1978558,TCS
2021-05-14,2672.7271561501516,2672.7271561501516,2622.2657914140586,2632.185546875,2043935,TCS
2021-05-17,2635.204812888748,2652.6290382727884,2618.8156503863306,2647.927978515625,2890462,TCS
2021-05-18,2674.0205545093654,2694.7226491249216,2655.0436344451055,2664.359619140625,2098538,TCS
2021-05-19,2660.2198038763386,2689.5477783678416,2645.6421596161504,2658.49462890625,1986041,TCS
2021-05-20,2645.6422779203626,2664.3603850643035,2632.7034650661194,2639.517822265625,2329027,TCS
2021-05-21,2640.379742850694,2663.8420754481285,2635.290561983907,2657.2001953125,1685566,TCS
2021-05-24,2658.06298828125,2678.333791534409,2649.868408242739,2658.06298828125,1652260,TCS
2021-05-25,2680.167063689186,2711.5888153252577,2671.5857596156225,2699.23681640625,1841613,TCS
2021-05-26,2704.4367814528255,2743.443081185318,2690.3945558736723,2737.808837890625,1923753,TCS
2021-05-27,2740.799651958414,2789.1675125409974,2740.669715590691,2756.445556640625,5959785,TCS
2021-05-28,2764.680391926616,2772.0482500019803,2718.0027593529935,2724.89404296875,1763701,TCS
2021-05-31,2730.441604627184,2748.0812088490416,2711.892022501999,2738.372802734375,1652799,TCS
2021-06-01,2746.5640183190408,2747.7340804858504,2714.8388058619767,2733.041748046875,1377441,TCS
2021-06-02,2731.178455725699,2738.6328676832036,2700.103345415868,2712.628662109375,2240078,TCS
2021-06-03,2734.3852614934635,2734.3852614934635,2706.733999336833,2722.856689453125,1281706,TCS
2021-06-04,2711.3709896868786,2736.3784442376427,2708.7705699397366,2725.023193359375,1836060,TCS
2021-06-07,2726.107744769349,2765.5040766895518,2716.2262305979943,2759.2197265625,2559821,TCS
2021-06-08,2772.047827196816,2800.6524483029743,2762.686272510254,2773.911376953125,2574057,TCS
2021-06-09,2775.5154470964185,2791.1179699095774,2761.8198569692045,2773.99853515625,1710925,TCS
2021-06-10,2782.450396793021,2794.585694473738,2767.7146781807214,2788.3447265625,1874324,TCS
2021-06-11,2783.7939519527063,2868.264248403276,2783.3171657971952,2837.752685546875,3452954,TCS
2021-06-14,2842.2595999383007,2868.003720504315,2834.761805496382,2839.962646484375,1847360,TCS
2021-06-15,2858.7290139704332,2858.7290139704332,2818.4658777931895,2828.174072265625,1304985,TCS
2021-06-16,2827.610863557855,2855.8686414284375,2819.722836145472,2838.229248046875,1635552,TCS
2021-06-17,2830.5579716522398,2891.711241629549,2825.79053363537,2875.8486328125,2273413,TCS
2021-06-18,2904.5827872718105,2910.737200128449,2838.792236575542,2858.1220703125,3380431,TCS
2021-06-21,2830.124287870364,2848.327231222669,2818.595714756018,2837.1455078125,1130569,TCS
2021-06-22,2863.929787012964,2883.9097269133786,2847.460457123967,2861.502685546875,1708688,TCS
2021-06-23,2885.600136660066,2885.600136660066,2822.669871800225,2827.00390625,1467104,TCS
2021-06-24,2846.5930718079967,2932.40693115909,2841.8256351773803,2924.259033203125,4155204,TCS
2021-06-25,2925.6901556692537,2946.840160583379,2903.8032801990967,2930.5009765625,2722861,TCS
2021-06-28,2939.7752998610995,2939.7752998610995,2889.0671014114832,2892.317626953125,1355238,TCS
2021-06-29,2896.8685694266683,2917.9320187641097,2883.4330628958146,2895.871826171875,1497322,TCS
2021-06-30,2900.335109870031,2931.540149904496,2893.8340598628506,2900.118408203125,1693146,TCS
2021-07-01,2910.736880774914,2914.204107553681,2888.5033737051617,2896.4345703125,990310,TCS
2021-07-02,2887.3332807186644,2894.874457109893,2856.3015567820694,2882.5224609375,1682274,TCS
2021-07-05,2896.8689624266035,2924.606786124285,2862.1966828045015,2878.666015625,1972858,TCS
2021-07-06,2871.73124699857,2884.733350441063,2822.4100192558253,2827.7841796875,2159420,TCS
2021-07-07,2838.792406104131,2845.4667764595783,2809.841142245182,2838.7490234375,2640710,TCS
2021-07-08,2858.7296005279463,2858.7296005279463,2801.433570883401,2824.49072265625,2485811,TCS
2021-07-09,2817.121893840014,2844.859709410131,2774.648363748272,2780.845947265625,6365067,TCS
2021-07-12,2804.120394943381,2804.987201866084,2763.683936648412,2767.80126953125,1892226,TCS
2021-07-13,2785.916741043818,2785.916741043818,2752.1112796559187,2762.98974609375,1809339,TCS
2021-07-14,2762.5132295272724,2792.851467065225,2760.779615953675,2786.393798828125,2044279,TCS
2021-07-15,2803.8114955031597,2807.503464302064,2774.623139694448,2782.39794921875,2232968,TCS
2021-07-16,2791.1278950528513,2797.078563789918,2772.885229072114,2775.317626953125,1256526,TCS
2021-07-19,2762.4614213206532,2779.661695228817,2758.986627079998,2766.45751953125,1597058,TCS
2021-07-20,2766.4574129478538,2792.865763325552,2741.74277019569,2784.873779296875,1811945,TCS
2021-07-22,2771.148041204873,2801.5090094588377,2771.148041204873,2794.038330078125,2859334,TCS
2021-07-23,2805.896141243119,2815.9296512858455,2785.6119465337315,2790.998046875,1776193,TCS
2021-07-26,2779.8353002348217,2800.901239619414,2771.886793507054,2777.70703125,1259611,TCS
2021-07-27,2779.835278038972,2788.5222632828436,2746.0862555326894,2765.02392578125,1121367,TCS
2021-07-28,2769.4107846512215,2783.7008323872246,2721.111063799001,2777.924072265625,1660654,TCS
2021-07-29,2780.0529225293176,2801.9440866267996,2771.409413167738,2776.187255859375,1731997,TCS
2021-07-30,2796.340284995809,2800.2494279850853,2747.12860308686,2751.558837890625,2999943,TCS
2021-08-02,2762.461591872151,2801.4660747977546,2751.168509892799,2796.688232421875,2608669,TCS
2021-08-03,2805.0270047083045,2858.017604673373,2796.296543772557,2853.587158203125,3804735,TCS
2021-08-04,2866.7055701825916,2871.2227607853465,2833.0000198495786,2844.075927734375,2929598,TCS
2021-08-05,2844.9876418652243,2879.735582529227,2834.128910407723,2852.762451171875,2534521,TCS
2021-08-06,2842.859967627933,2887.554473239944,2836.301250038633,2875.218994140625,2292362,TCS
2021-08-09,2887.4669563649913,2898.8469919313166,2875.39213164299,2886.424560546875,1510489,TCS
2021-08-10,2880.2567959075063,2910.0529844223115,2880.2567959075063,2896.15380859375,2040777,TCS
2021-08-11,2910.1400563577786,2918.8270416006376,2890.2469449854716,2905.1015625,1929707,TCS
2021-08-12,2889.2911701909447,2925.776506675617,2889.2911701909447,2911.66015625,1310205,TCS
2021-08-13,2919.4785717498116,3023.0708709928867,2916.6553015398326,3008.650390625,4363584,TCS
2021-08-16,3005.6966863671473,3035.536563448586,2985.28227245685,3016.9462890625,2083489,TCS
2021-08-17,3024.8949404723467,3093.261465683802,3008.302715337347,3086.529052734375,4336019,TCS
2021-08-18,3104.598410915286,3122.9713004918467,3072.239389790579,3093.044677734375,2631309,TCS
2021-08-20,3045.656954266312,3105.5971510274003,3040.4447632436086,3092.13232421875,2836148,TCS
2021-08-23,3109.9409844692086,3190.729954177487,3094.2174549932124,3159.80419921875,3744176,TCS
2021-08-24,3176.8300380677483,3185.821151311202,3122.4494335776335,3138.781005859375,2511141,TCS
2021-08-25,3136.0018846668745,3212.2301853260205,3133.4392662639175,3178.568115234375,2123263,TCS
2021-08-26,3179.436550700011,3203.4127144407685,3168.9252138816178,3189.730712890625,1902533,TCS
2021-08-27,3184.6485399994513,3239.8108919607075,3171.7050178376517,3231.6884765625,3944728,TCS
2021-08-30,3227.2150924852535,3249.2366854199036,3203.4128372022465,3215.31396484375,2033114,TCS
2021-08-31,3222.3501843175904,3304.616103294764,3217.181470574093,3289.283447265625,3207480,TCS
2021-09-01,3297.579690643702,3315.5617081836626,3220.2655198145953,3227.171630859375,2643336,TCS
2021-09-02,3243.720232119877,3352.437765671095,3233.295850013439,3332.97900390625,3403717,TCS
2021-09-03,3322.7716564433317,3350.4830528749976,3305.006815102271,3337.5830078125,1746812,TCS
2021-09-06,3344.228513568609,3368.4653285384056,3313.216020086968,3346.2265625,1723693,TCS
2021-09-07,3356.651184145082,3361.819898080558,3308.221240170939,3314.86669921875,1585039,TCS
2021-09-08,3309.7415614728015,3314.085054335627,3262.8318385542893,3278.5986328125,4147175,TCS
2021-09-09,3292.1072390835193,3308.6125134716,3270.650424795941,3293.583984375,1441148,TCS
2021-09-13,3272.38733704224,3346.5741060930313,3272.38733704224,3340.449951171875,1691473,TCS
2021-09-14,3344.446109215776,3384.8840711793177,3322.7721217145872,3375.67578125,1991188,TCS
2021-09-15,3372.3741230155924,3457.4196110258426,3358.38799402661,3435.311279296875,2461369,TCS
2021-09-16,3413.9854697769574,3458.940621955318,3381.0618779429806,3390.791259765625,2946666,TCS
2021-09-17,3405.2980386219065,3427.015500602913,3305.3977135092737,3325.24755859375,6477148,TCS
2021-09-20,3308.87262161632,3362.7319291879166,3307.873703164557,3321.46875,2002008,TCS
2021-09-21,3351.4392421038633,3363.2101507028788,3319.8619627520065,3355.7392578125,1568129,TCS
2021-09-22,3355.348318794824,3385.188200327856,3346.61785550958,3355.044189453125,1744067,TCS
2021-09-23,3361.86343798459,3369.6817250496706,3331.458988287055,3361.2119140625,2003869,TCS
2021-09-24,3379.2375412637257,3426.494660091767,3348.8330903783194,3362.992919921875,2320754,TCS
2021-09-27,3387.92431758242,3391.399111754299,3303.573604226205,3333.15283203125,1673362,TCS
2021-09-28,3344.4887714625593,3344.4887714625593,3258.7048062205004,3282.94140625,2253075,TCS
2021-09-29,3266.1329691904434,3306.266801239433,3233.4263403457007,3294.01806640625,2489161,TCS
2021-09-30,3305.3973338425376,3305.3973338425376,3257.7058776440495,3279.814208984375,2252412,TCS
2021-10-01,3285.200393235141,3309.7411246713523,3235.9017557482384,3240.4189453125,1578374,TCS
2021-10-04,3235.727988977081,3286.8507648768555,3220.655986222067,3277.85986328125,1356860,TCS
2021-10-05,3261.0943406416723,3335.8024155737935,3250.3225635085573,3329.982177734375,1877966,TCS
2021-10-06,3332.327365878328,3350.9609058383885,3296.7107282346856,3310.52294921875,1678154,TCS
2021-10-07,3327.115055968153,3387.055248882462,3318.4715488271363,3381.756103515625,1647233,TCS
2021-10-08,3409.6412690064817,3466.0197111429757,3387.9238086943383,3418.892822265625,2934339,TCS
2021-10-11,3261.9633818218576,3264.1351284142825,3179.43701130972,3201.67578125,11845402,TCS
2021-10-12,3219.3970767689025,3220.265775386487,3153.897285836865,3173.225830078125,5752877,TCS
2021-10-13,3170.7494119404887,3192.857745560252,3166.4059195953646,3175.2666015625,3545655,TCS
2021-10-14,3155.0740091312496,3194.240445106672,3140.4518305354554,3143.280517578125,6442299,TCS
2021-10-18,3136.31810253628,3179.1835977264323,3134.577371767137,3174.35302734375,3590107,TCS
2021-10-19,3193.3704027509225,3211.7351962506837,3155.2483587152783,3163.0380859375,3135441,TCS
2021-10-20,3143.759632251714,3159.426208492171,3114.4283625664993,3141.01806640625,2933693,TCS
2021-10-21,3136.883670314862,3139.7992665819975,3056.070167017759,3074.5654296875,4871211,TCS
2021-10-22,3098.5008355842356,3099.8935052260636,3033.223430340186,3045.278076171875,2691670,TCS
2021-10-25,3048.8902819945,3058.943045805129,3002.7609114704615,3040.14306640625,2595594,TCS
2021-10-26,3041.491784387086,3071.5193896414444,3024.519659678101,3031.134521484375,3878763,TCS
2021-10-27,3031.482212206842,3056.0700308961455,3031.482212206842,3037.357177734375,2510813,TCS
2021-10-28,3061.9444807941845,3061.9444807941845,2972.296873766953,2978.084716796875,2424942,TCS
2021-10-29,2959.2853297841493,3012.3340478217433,2947.0130950983553,2957.283447265625,3960501,TCS
2021-11-01,2992.272290245628,3034.9637499899923,2970.5131581120604,3025.73779296875,2020718,TCS
2021-11-02,3041.056233416435,3058.115477593055,3019.9498757574916,3032.526611328125,3087414,TCS
2021-11-03,3049.934760835741,3063.59945676912,3016.7304018088594,3039.533935546875,1537639,TCS
2021-11-04,3057.549986639362,3057.811138748893,3050.630624440296,3053.807373046875,328991,TCS
2021-11-08,3088.056149799711,3088.056149799711,3029.9157040300906,3048.672119140625,2526082,TCS
2021-11-09,3053.241873185459,3076.7417393701817,3042.7974882144713,3051.239990234375,1782692,TCS
2021-11-10,3044.538466599583,3063.4253551262,3029.045918467914,3032.614501953125,1516489,TCS
2021-11-11,3028.871591142207,3055.0261139031104,2990.5755135530526,3036.008544921875,1284514,TCS
2021-11-12,3051.5010358519503,3076.0017364113014,3033.832576061058,3068.951904296875,1747259,TCS
2021-11-15,3070.6491463666757,3106.856432182133,3070.6491463666757,3092.66943359375,1809157,TCS
2021-11-16,3106.333630694664,3112.034565678552,3082.833768540347,3095.366943359375,2013204,TCS
2021-11-17,3090.319008678797,3100.9809832225665,3051.8486938011238,3065.33935546875,1632914,TCS
2021-11-18,3059.4642841407654,3064.425535995087,3004.152743208787,3025.12841796875,2136598,TCS
2021-11-22,3027.478349628783,3060.1606067143043,2994.317561657031,3010.071044921875,3167936,TCS
2021-11-23,2998.4083105983213,3029.6978990916023,2966.030765533705,3015.162841796875,2153461,TCS
2021-11-24,3022.082427881749,3040.229629838049,2980.130861868933,2996.928955078125,2161746,TCS
2021-11-25,2997.4511638196636,3014.075227111931,2988.8781925600256,2999.19189453125,1849619,TCS
2021-11-26,2981.0014741153645,3037.5752247190135,2969.599602458624,3000.01904296875,1941251,TCS
2021-11-29,3000.280145939352,3071.8243552064773,2964.8563149772426,3048.019775390625,2981745,TCS
2021-11-30,3038.44554802296,3101.764629552227,3038.44554802296,3071.64990234375,5588446,TCS
2021-12-01,3076.7414849151487,3124.611578739854,3076.7414849151487,3113.9931640625,2102118,TCS
2021-12-02,3123.9147513020857,3175.0922678546226,3110.7723642014284,3170.6533203125,3152938,TCS
2021-12-03,3173.7436764559898,3190.715800719207,3160.16610454034,3168.521484375,2486263,TCS
2021-12-06,3168.5212674324416,3183.796220721799,3065.4265416572375,3077.959716796875,1849642,TCS
2021-12-07,3100.6764260141867,3131.574394610258,3067.4285135724954,3119.824462890625,1484458,TCS
2021-12-08,3134.1854072037404,3173.7434671096034,3134.1854072037404,3156.727783203125,1428660,TCS
2021-12-09,3142.019137696736,3163.560681646319,3103.7230595641445,3134.838623046875,1567957,TCS
2021-12-10,3120.259759230678,3169.8705838544292,3111.6432273189575,3165.3447265625,1510718,TCS
2021-12-13,3176.8334371989795,3187.2778211020996,3134.7947494906152,3141.714111328125,1883864,TCS
2021-12-14,3137.6671180553103,3163.7780788158257,3113.035735906248,3154.030029296875,1747007,TCS
2021-12-15,3150.7223405880436,3153.3334364504094,3096.8901625623257,3107.5087890625,1603233,TCS
2021-12-16,3117.648109907449,3140.6692266796827,3107.2037276297024,3117.300048828125,2072320,TCS
2021-12-17,3135.4911377231397,3178.0085695838147,3110.4245734298493,3119.694091796875,4333992,TCS
2021-12-20,3123.7410571799337,3138.5372672585236,3055.112668377628,3095.80224609375,2312310,TCS
2021-12-21,3118.2143081191102,3169.1742414013142,3104.0708713088916,3140.539306640625,2340989,TCS
2021-12-22,3154.2043789377194,3165.3450991541345,3138.7553922583197,3160.079345703125,1224328,TCS
2021-12-23,3175.0928785551187,3194.676099434365,3159.4263018517217,3187.88720703125,1792861,TCS
2021-12-24,3207.296651783725,3224.7039606129447,3172.308003535306,3195.0244140625,2209923,TCS
2021-12-27,3195.1107788469503,3220.351370671129,3179.5313261313895,3216.95703125,1534135,TCS
2021-12-28,3229.0554523377605,3242.110932603277,3214.9991369151708,3226.052734375,1456218,TCS
2021-12-29,3213.606416952969,3237.715494300175,3207.296268256941,3215.73876953125,1456923,TCS
2021-12-30,3204.1190226129916,3255.1658567333443,3202.943944593237,3249.72607421875,1966475,TCS
2021-12-31,3257.6033077203024,3272.573548475662,3247.5941067076774,3253.730224609375,1207141,TCS
2022-01-03,3263.8699085224853,3333.4991332376317,3259.5180819777884,3322.837158203125,2346158,TCS
2022-01-04,3334.456838580845,3384.9813780824193,3317.571622986017,3381.15185546875,2488606,TCS
2022-01-05,3363.9620338385444,3368.3138605317376,3318.180732029534,3360.43701171875,1733031,TCS
2022-01-06,3317.8327634933953,3337.8511668408105,3283.0181489761508,3313.87255859375,1810293,TCS
2022-01-07,3324.7956415940866,3363.874960866469,3304.2549343090877,3353.952880859375,2460591,TCS
2022-01-10,3462.3134841433975,3462.3134841433975,3360.480734609768,3376.88720703125,3937092,TCS
2022-01-11,3356.128390327744,3416.18359233309,3356.128390327744,3408.26318359375,1906106,TCS
2022-01-12,3416.1840637185605,3419.6655251847706,3339.200289545301,3359.523193359375,3203744,TCS
2022-01-13,3410.0911065015353,3414.442932824278,3356.9988253640686,3392.5966796875,6684507,TCS
2022-01-14,3375.1466505790668,3461.443297528625,3359.6541035054447,3453.740478515625,3348123,TCS
2022-01-17,3475.1077846169696,3518.8872054066355,3448.6487622565855,3498.12890625,3442604,TCS
2022-01-18,3511.0102394918767,3517.755570912798,3464.0540716471287,3473.280029296875,2389041,TCS
2022-01-19,3498.0421346447133,3498.0421346447133,3409.544807459659,3413.1630859375,3102539,TCS
2022-01-20,3409.1079518748434,3417.8268980433213,3322.7903848069127,3336.348388671875,6176776,TCS
2022-01-21,3319.303479374878,3358.1464350043802,3288.002541429297,3342.40869140625,3112358,TCS
2022-01-24,3348.0761989842986,3356.4898990779525,3260.973989266078,3288.220703125,3258414,TCS
2022-01-25,3286.6068936910965,3321.3954051914466,3245.3662340411584,3286.95556640625,3330501,TCS
2022-01-27,3253.038610914272,3255.131072717178,3160.705061941806,3181.76123046875,5718297,TCS
2022-01-28,3178.927717028313,3251.9925272060564,3178.927717028313,3217.334716796875,3143862,TCS
2022-01-31,3268.7328671273835,3276.579918555537,3244.6684909350897,3257.6162109375,2739393,TCS
2022-02-01,3287.0431133861125,3320.1751129374843,3257.74736547893,3313.7666015625,2105169,TCS
2022-02-02,3337.5260181924546,3369.0015056035154,3313.766884903713,3362.20068359375,1984212,TCS
2022-02-03,3357.6666174504307,3385.1313015453898,3327.1939390990083,3334.648681640625,1960538,TCS
2022-02-04,3326.5402918909444,3334.7360179114785,3286.1715198488655,3326.19140625,2307366,TCS
2022-02-07,3305.352873326484,3340.9262203657618,3274.9672572822224,3294.89013671875,1919149,TCS
2022-02-08,3305.8322615249517,3312.9381179027605,3244.320050301402,3263.89404296875,2946443,TCS
2022-02-09,3269.6056660386375,3293.9750843631887,3266.2053612919385,3278.80419921875,1638721,TCS
2022-02-10,3304.3066986400545,3304.3066986400545,3276.580403583315,3287.348388671875,2112459,TCS
2022-02-11,3271.7847587121223,3271.7847587121223,3217.2913416782762,3221.607177734375,3851488,TCS
2022-02-14,3246.9357944321227,3307.3145011357815,3234.729268889145,3255.436767578125,5951745,TCS
2022-02-15,3300.9929474963374,3343.715782791456,3267.8609527776734,3328.71923828125,3931683,TCS
2022-02-16,3351.5632877458197,3360.3695095219214,3318.431288543338,3324.621826171875,3256906,TCS
2022-02-17,3334.9971738861013,3343.7161207459344,3294.8900183308697,3299.423828125,3134372,TCS
2022-02-18,3286.170768839318,3327.1061780034065,3276.231255480429,3307.880859375,3688883,TCS
2022-02-21,3321.9192936476043,3337.439064154171,3230.849921464297,3242.925537109375,7465922,TCS
2022-02-22,3182.4159725046347,3198.022804045737,3112.664389545629,3126.96337890625,5408531,TCS
2022-02-23,3148.411687072803,3158.787148610905,3100.152231425736,3107.25830078125,2426203,TCS
2022-02-24,3028.962034594024,3037.550282100594,2956.682052765938,2965.88037109375,5039136,TCS
2022-02-25,3023.7314223598487,3077.7889045358324,3018.5000531170117,3069.723876953125,2549723,TCS
2022-02-28,3042.913064381152,3107.215310369149,3013.181364480041,3098.888671875,3288942,TCS
2022-03-02,3097.4064905545806,3114.3648030108043,3056.863379559285,3091.869873046875,2761341,TCS
2022-03-03,3106.4306242742628,3120.1629680415476,3077.8760681867343,3090.343994140625,1928039,TCS
2022-03-04,3052.939909895843,3104.991991447021,3040.3410715041073,3072.86279296875,2370257,TCS
2022-03-07,3008.0367797732265,3093.4824622131614,2991.950364784815,3038.4658203125,3054130,TCS
2022-03-08,3016.7559553338515,3146.6682782658586,3016.7559553338515,3138.777587890625,3300992,TCS
2022-03-09,3143.180735701617,3185.903580652901,3136.2492146549575,3167.2451171875,2719654,TCS
2022-03-10,3212.059666339231,3212.059666339231,3151.898939689555,3157.086669921875,2005441,TCS
2022-03-11,3141.655176362718,3173.566613608854,3132.5875549010075,3138.080322265625,1623423,TCS
2022-03-14,3121.383371952632,3180.9774664485976,3121.383371952632,3176.312744140625,1765688,TCS
2022-03-15,3190.2631230599486,3190.2631230599486,3126.0915796310483,3133.502685546875,3651133,TCS
2022-03-16,3174.1329640538497,3198.1100706357697,3152.98951552252,3187.56005859375,3090475,TCS
2022-03-17,3223.046239918665,3234.7295445021614,3191.3964177054013,3202.25146484375,3600452,TCS
2022-03-21,3222.5226847081344,3238.173151385832,3151.8992167802776,3162.100341796875,2413831,TCS
2022-03-22,3173.696684055792,3235.6012072887484,3160.618263654463,3226.838623046875,2907611,TCS
2022-03-23,3232.985769686814,3251.993118025489,3217.291664008723,3236.822021484375,1596195,TCS
2022-03-24,3226.010089205389,3276.7543134409916,3221.650616111868,3269.47412109375,1879046,TCS
2022-03-25,3278.2369399463614,3295.3261619554955,3201.5974776294693,3232.506103515625,1690133,TCS
2022-03-28,3221.6503704317297,3237.3444723715866,3192.1802919939114,3232.723388671875,1760990,TCS
2022-03-29,3221.4333669266766,3245.192500629566,3218.163761371233,3230.675537109375,2689063,TCS
2022-03-30,3259.1422326604416,3259.1422326604416,3231.4159399540727,3253.5185546875,1583455,TCS
2022-03-31,3260.886166604706,3273.6593387691028,3243.6226090320506,3260.842529296875,2168110,TCS
2022-04-01,3267.8615064848686,3280.9399276687727,3250.4672488832616,3277.234375,1387014,TCS
2022-04-04,3280.067982512089,3295.7620876915726,3258.3578888264396,3287.348388671875,1472994,TCS
2022-04-05,3288.7871089041378,3344.239702036937,3288.7871089041378,3326.104248046875,2314947,TCS
2022-04-06,3321.3089461528684,3321.3089461528684,3253.1702389534807,3274.270263671875,2051729,TCS
2022-04-07,3265.6819935656586,3265.6819935656586,3207.7009890076247,3212.191162109375,2494829,TCS
2022-04-08,3217.291606580685,3230.370027745647,3175.8766062249715,3213.498779296875,2296773,TCS
2022-04-11,3217.2917846452956,3236.778718405586,3187.734636322579,3222.871826171875,2291660,TCS
2022-04-12,3211.1885435471963,3260.0146522734094,3180.9774739188283,3218.2509765625,4483476,TCS
2022-04-13,3232.1138622901385,3234.5988474920932,3187.2549196419677,3192.8349609375,1621672,TCS
2022-04-18,3147.539612949871,3147.539612949871,3071.248832857596,3076.087890625,3820792,TCS
2022-04-19,3095.2261642756557,3107.0403799545356,2998.576552281814,3027.131103515625,3170014,TCS
2022-04-20,3051.6318495608343,3111.923290814037,3034.1939532776296,3101.155517578125,2640370,TCS
2022-04-21,3121.3824644501933,3177.1837152113144,3110.3965080606463,3163.800048828125,2280996,TCS
2022-04-22,3122.342380367201,3153.64331680634,3113.9721056051544,3149.763427734375,1581465,TCS
2022-04-25,3102.2013489316732,3124.8706111779416,3080.491256003329,3093.65673828125,1960694,TCS
2022-04-26,3117.1545248627376,3128.2711832624163,3067.456522605351,3092.00048828125,1943469,TCS
2022-04-27,3091.7386978183854,3111.3126918404437,3057.124519775637,3104.991455078125,1727648,TCS
2022-04-28,3128.358292147701,3142.65728057788,3084.8071929445496,3125.13232421875,1703660,TCS
2022-04-29,3136.2047275460936,3159.091959711255,3083.7603549878772,3092.348388671875,2051115,TCS
2022-05-02,3068.9822217914025,3093.4389119139187,3045.3103646568115,3088.599853515625,1324161,TCS
2022-05-04,3085.199399623491,3091.259025222723,3021.376750080482,3033.9755859375,2305825,TCS
2022-05-05,3062.181404468486,3080.403918216015,3038.8582216741816,3063.314697265625,1612262,TCS
2022-05-06,3015.8836567465128,3029.398024101116,2985.803290699171,2992.86572265625,2010812,TCS
2022-05-09,2962.6983211124834,3013.2682159401834,2918.1009903888535,3003.7646484375,2481830,TCS
2022-05-10,2994.08677114572,3020.941173809357,2983.6240334480644,2998.228271484375,1622685,TCS
2022-05-11,2994.958855292442,3006.6857986302757,2948.879126623255,2974.9052734375,1841769,TCS
2022-05-12,2945.2603983861713,3007.7752079636566,2920.934620561456,2971.98388671875,2807195,TCS
2022-05-13,2994.958519542189,2999.230718747237,2948.8787960387763,2977.433349609375,2187823,TCS
2022-05-16,2977.5206937156568,2990.599115503573,2935.3210712259547,2944.21435546875,1195813,TCS
2022-05-17,2938.285429213155,3022.8592234664716,2921.1962062592934,3009.43212890625,1754076,TCS
2022-05-18,3021.114639482355,3047.27147618783,3001.9765965324923,3006.989990234375,1866781,TCS
2022-05-19,2961.826581603834,2968.801739876672,2816.220152658341,2844.0771484375,4642963,TCS
2022-05-20,2885.971624824438,2889.371929206205,2851.139472106869,2871.1494140625,3065125,TCS
2022-05-23,2881.4382213379504,2911.169708813808,2848.4805525372544,2896.216796875,2293690,TCS
2022-05-24,2890.4616510569685,2898.9192000018056,2855.9783857074317,2866.789794921875,1711510,TCS
2022-05-25,2890.357885421766,2890.357885421766,2768.523667729061,2780.461181640625,3548046,TCS
2022-05-26,2800.9577107379732,2845.2849950978193,2791.7850779232763,2832.513427734375,2813186,TCS
2022-05-27,2855.554544933507,2878.113137542295,2834.488114923966,2862.66455078125,3103153,TCS
2022-05-30,2894.0009370688977,2972.649031269277,2884.652794101805,2962.686279296875,2094624,TCS
2022-05-31,2944.1642743220054,2969.8389780565476,2918.577433071865,2953.11767578125,4840965,TCS
2022-06-01,2973.877005426584,2973.877005426584,2931.7880865359803,2945.086181640625,1493835,TCS
2022-06-02,2944.911151142661,3012.499275922984,2937.274613670097,3004.599365234375,2657939,TCS
2022-06-03,3036.5498622964137,3052.2620346027693,3011.796853027463,3019.65283203125,1913622,TCS
2022-06-06,3000.2100992010983,3030.931969731244,2964.3532017342663,3011.5771484375,1084210,TCS
2022-06-07,2985.3324048192408,3000.9567154912565,2945.7889201087964,2951.669921875,2308256,TCS
2022-06-08,2966.986795089598,2996.655390105723,2937.4499938250347,2988.05322265625,2185707,TCS
2022-06-09,2971.2443716436987,3016.888302906763,2943.243661069149,3008.198486328125,1279197,TCS
2022-06-10,2968.6111594481968,2978.266606743859,2942.2781213691173,2949.21240234375,1527582,TCS
2022-06-13,2887.8562958417688,2890.4895994549984,2802.2299971584944,2826.0615234375,3030921,TCS
2022-06-14,2800.0792606285445,2843.002020001427,2786.6493705312914,2818.117431640625,2611493,TCS
2022-06-15,2825.095932347547,2838.70133453844,2809.734994390088,2814.38720703125,1404536,TCS
2022-06-16,2843.968032652371,2848.2252927417594,2750.090797397265,2757.94677734375,2032028,TCS
2022-06-17,2714.058813161479,2737.5391085211395,2654.2390062170584,2711.337646484375,5240434,TCS
2022-06-20,2715.813271322889,2755.093376006696,2693.8690787621026,2731.964111328125,1502769,TCS
2022-06-21,2747.412926444194,2841.9923969951083,2743.375109267297,2819.345947265625,2964461,TCS
2022-06-22,2808.7691181856167,2853.2281861623023,2793.934927975882,2829.001708984375,3336315,TCS
2022-06-23,2829.0017025634374,2912.4335752382617,2829.0017025634374,2904.358154296875,3692578,TCS
2022-06-24,2930.8666036304303,2936.1332102856513,2876.883885414416,2890.5771484375,2132118,TCS
2022-06-27,2940.522851458248,2951.845973136868,2902.339942790059,2909.53759765625,2037686,TCS
2022-06-28,2902.778160142834,2922.966819859582,2872.5830330686026,2912.565185546875,1400046,TCS
2022-06-29,2871.1789353049976,2925.60054765257,2871.1789353049976,2888.29541015625,2133994,TCS
2022-06-30,2872.0563477532055,2906.20143071572,2857.134294601676,2867.75537109375,2719603,TCS
2022-07-01,2861.5230910289315,2925.6001418403152,2854.544879724983,2909.88818359375,1502879,TCS
2022-07-04,2907.166993000027,2912.3896686210524,2830.8451246154136,2839.622802734375,2622535,TCS
2022-07-05,2857.134368050925,2872.0564215860604,2814.9575797580337,2823.164794921875,2170627,TCS
2022-07-06,2825.0961883364757,2868.9845864774807,2810.8324589406493,2862.181884765625,2182144,TCS
2022-07-07,2871.1790065280893,2913.6628902111784,2865.9563300088125,2885.969482421875,1989921,TCS
2022-07-08,2896.634052528085,2901.022892001612,2852.7456577928106,2866.30712890625,2136916,TCS
2022-07-11,2814.255085372196,2830.8010937637823,2726.3467278233516,2733.193359375,6974600,TCS
2022-07-12,2734.158936312343,2752.8554340083,2703.7443666293075,2707.650390625,3734815,TCS
2022-07-13,2724.591492698478,2729.858099965292,2664.025509130116,2667.317138671875,3863530,TCS
2022-07-14,2689.539400531471,2690.419485413844,2611.2118460002866,2639.154541015625,4764908,TCS
2022-07-15,2656.5804326994576,2665.6891828895,2598.89082203791,2635.50244140625,4574806,TCS
2022-07-18,2660.496697666323,2707.977235850919,2652.8400018798093,2696.14013671875,3202795,TCS
2022-07-19,2666.7016042300606,2709.7376748973434,2666.7016042300606,2705.601318359375,1865074,TCS
2022-07-20,2735.127885487383,2791.585245676255,2726.547057742832,2785.292724609375,3402251,TCS
2022-07-21,2787.228540686377,2802.189982174116,2767.03063765082,2796.29345703125,2420640,TCS
2022-07-22,2803.0699659604375,2813.630983100634,2766.5464483505916,2790.748779296875,2075886,TCS
2022-07-25,2785.4683965193763,2804.3461725371144,2771.4751341224537,2787.008544921875,1797504,TCS
2022-07-26,2785.2037881914002,2788.9001006679728,2725.182059342181,2742.255615234375,2639367,TCS
2022-07-27,2741.4639092816847,2811.078696744049,2737.0634856712804,2806.458251953125,1389808,TCS
2022-07-28,2830.353067253872,2872.597142884527,2817.723762864332,2869.516845703125,2106333,TCS
2022-07-29,2895.4787379011045,2919.5050938055115,2882.2774670596104,2905.95166015625,2430257,TCS
2022-08-01,2928.0419799310016,2928.0419799310016,2878.757233650227,2903.2236328125,1306913,TCS
2022-08-02,2895.4785487702375,2915.6324016593744,2879.3289092165865,2897.062744140625,1269114,TCS
2022-08-03,2886.677687294131,2947.403528886599,2884.0814805177715,2939.042724609375,2895824,TCS
2022-08-04,2948.284004184291,2981.6391313007757,2910.7484743753057,2952.640380859375,2150567,TCS
2022-08-05,2958.141372288894,2972.0467569139196,2952.684888790702,2961.52978515625,1106933,TCS
2022-08-08,2961.4850004127557,2973.7180917346627,2935.962544242779,2969.8017578125,1068836,TCS
2022-08-10,2979.0872677998295,2979.0872677998295,2935.0830245531556,2952.024658203125,1878359,TCS
2022-08-11,2992.2884233473337,3017.5468150068145,2970.3303498018386,3012.09033203125,1449248,TCS
2022-08-12,3009.010270550342,3009.010270550342,2975.787065603493,2993.65283203125,1472354,TCS
2022-08-16,3001.969364945804,3005.3577774981677,2981.2873713731783,2985.86376953125,839942,TCS
2022-08-17,2979.1752345613872,3008.0858922168222,2966.854046980335,2993.256591796875,1622326,TCS
2022-08-18,2983.4876075843345,2985.247777264325,2958.8452320644637,2975.786865234375,1430659,TCS
2022-08-19,2980.8471762972567,3011.2101014765467,2966.98584088932,2979.7470703125,1398410,TCS
2022-08-22,2961.4851727084474,2978.294877316551,2945.9955952204223,2952.288330078125,1536532,TCS
2022-08-23,2921.8374306422184,2941.155248644901,2877.877238729922,2890.7265625,1849256,TCS
2022-08-24,2897.239152734898,2911.3205094918117,2860.4515652345717,2864.984130859375,1691923,TCS
2022-08-25,2883.157513491952,2885.0496096749976,2829.2523249384167,2832.28857421875,1946930,TCS
2022-08-26,2846.4586837304396,2866.436568329258,2831.0571977170034,2835.8095703125,1457962,TCS
2022-08-29,2750.2652283447997,2765.8426876252506,2711.5414939297048,2756.909912109375,2539173,TCS
2022-08-30,2776.6677926566595,2839.5938614918264,2765.314783665754,2826.08447265625,3431525,TCS
2022-09-01,2807.4706096920486,2807.4706096920486,2746.7447563789606,2756.16162109375,3546935,TCS
2022-09-02,2783.708430697643,2783.708430697643,2746.1288498985514,2755.017578125,2052900,TCS
2022-09-05,2749.077131149413,2770.463237341752,2739.0442491650956,2757.657958984375,2147912,TCS
2022-09-06,2759.5064994471986,2764.2150401121958,2733.8521078108315,2752.06982421875,1936453,TCS
2022-09-07,2730.022918646201,2782.73990969169,2730.022918646201,2771.9150390625,1291534,TCS
2022-09-08,2789.868662483827,2801.7498066300514,2781.1559093890387,2789.560546875,1346113,TCS
2022-09-09,2811.8710957340245,2845.754362458832,2788.548847209157,2831.804931640625,1561185,TCS
2022-09-12,2851.3869871393563,2877.701654619494,2838.273808049508,2854.0712890625,1785928,TCS
2022-09-13,2872.1133082041783,2872.1133082041783,2838.2740834227816,2842.1025390625,1972678,TCS
2022-09-14,2759.066122177662,2764.698579511597,2740.4083655364684,2746.216796875,5090269,TCS
2022-09-15,2754.664905235518,2761.485561151037,2728.2623662077012,2732.0908203125,2138023,TCS
2022-09-16,2707.141133277641,2723.290777024356,2640.254681350105,2647.911376953125,5322221,TCS
2022-09-19,2671.9376422551572,2677.2181514295744,2629.517594860232,2665.60107421875,2072220,TCS
2022-09-20,2684.2589485371036,2710.617448353941,2666.6572505139093,2675.72216796875,1544295,TCS
2022-09-21,2664.8971095952425,2676.690161452811,2638.626489065098,2641.310791015625,2253818,TCS
2022-09-22,2631.453213955486,2666.6125542259188,2622.0363507780953,2646.7666015625,2017983,TCS
2022-09-23,2643.7750963876715,2660.056667387396,2621.772973415071,2624.457275390625,2652374,TCS
2022-09-26,2604.9191687641182,2663.0047675160854,2575.216305765953,2635.325927734375,2925489,TCS
2022-09-27,2648.5268473584333,2662.256254816649,2619.132103912181,2655.611572265625,2227447,TCS
2022-09-28,2622.652760305555,2684.214650414333,2622.652760305555,2671.62939453125,2739767,TCS
2022-09-29,2687.779187014094,2689.407429965768,2631.453755459116,2637.87841796875,2493902,TCS
2022-09-30,2632.2014274292333,2657.5917422646244,2596.33797567958,2644.258544921875,2817353,TCS
2022-10-03,2635.854418181052,2658.472558362496,2617.3726342806176,2627.009521484375,1763331,TCS
2022-10-04,2666.612972771875,2726.502788091317,2660.496426210475,2720.47412109375,2145875,TCS
2022-10-06,2737.944059176487,2749.3851626060255,2721.61844169452,2729.979248046875,1790816,TCS
2022-10-07,2725.9743355335677,2732.663065375268,2691.3871778053895,2697.37158203125,1939879,TCS
2022-10-10,2649.0551349695907,2752.02505217605,2644.6547111573486,2744.58837890625,3064063,TCS
2022-10-11,2728.2628948012457,2767.8667110161023,2687.2070246042927,2701.46435546875,4730645,TCS
2022-10-12,2714.97390779249,2736.9760309872313,2694.8640961111873,2728.92333984375,1665247,TCS
2022-10-13,2728.922977087694,2737.063761587593,2686.326958190763,2731.167236328125,2054781,TCS
2022-10-14,2767.866621375349,2772.2670452567086,2702.740347931223,2727.5146484375,2245977,TCS
2022-10-17,2711.191188700507,2760.3829006019378,2710.132396730235,2745.691650390625,1517005,TCS
2022-10-18,2779.442189863882,2784.1629159418735,2760.5155551789203,2774.765625,1793722,TCS
2022-10-19,2787.3834440777728,2787.3834440777728,2745.91240201647,2754.603759765625,1194289,TCS
2022-10-20,2739.735696686924,2788.2656365638254,2739.735696686924,2785.88330078125,1587601,TCS
2022-10-21,2786.324544285981,2788.6185576972553,2759.1477342638077,2768.32421875,1021913,TCS
2022-10-24,2797.177599655719,2804.1481776168825,2783.853839012355,2789.765625,260949,TCS
2022-10-25,2806.3535456635836,2809.662404583954,2780.4561236786158,2790.1181640625,2069643,TCS
2022-10-27,2788.8832750526153,2800.618740078452,2765.6331510594896,2785.971435546875,2438421,TCS
2022-10-28,2779.442726496434,2804.590065450449,2775.030912644852,2791.134033203125,1355739,TCS
2022-10-31,2822.6775315995496,2822.6775315995496,2803.9714903854647,2817.515625,1919414,TCS
2022-11-01,2836.3545585212883,2878.7962854625307,2826.604408773105,2876.2373046875,2991060,TCS
2022-11-02,2885.325394187665,2885.325394187665,2843.0161551154115,2860.3544921875,1405955,TCS
2022-11-03,2848.3102329584,2848.3102329584,2819.1481100504548,2829.515869140625,1422652,TCS
2022-11-04,2838.560227097683,2841.2514758680345,2793.692006783395,2838.9130859375,1464013,TCS
2022-11-07,2849.148593513063,2861.325239443402,2819.2365900807545,2853.295654296875,1474498,TCS
2022-11-09,2867.50165781084,2867.50165781084,2825.015774743182,2837.721923828125,1162267,TCS
2022-11-10,2797.0890301257955,2845.6189659797133,2797.0890301257955,2828.545166015625,1573092,TCS
2022-11-11,2884.972741372326,2948.502846331555,2872.1343229110385,2925.8701171875,3265394,TCS
2022-11-14,2932.973191741774,2955.0322560599284,2919.7377531508814,2943.120361328125,1342074,TCS
2022-11-15,2930.3255450967117,2947.0462695764713,2904.7370353683755,2940.56103515625,1400708,TCS
2022-11-16,2946.120217692935,2971.7087315184385,2930.723034354456,2960.63525390625,1748235,TCS
2022-11-17,2947.090963487235,2964.7382147656017,2927.4583964400517,2955.0322265625,1417986,TCS
2022-11-18,2955.9145275229503,2967.164649978448,2930.3260137026023,2950.135009765625,1164540,TCS
2022-11-21,2931.6494426143504,2941.531859652826,2887.9724983225788,2897.2373046875,1304194,TCS
2022-11-22,2894.149505432855,2928.5174877257564,2872.311029743995,2924.988037109375,1149739,TCS
2022-11-23,2938.267096023946,2938.267096023946,2903.8549588633055,2919.119873046875,1150011,TCS
2022-11-24,2926.1346994104915,2993.8118614360064,2919.1199604786734,2982.517578125,1296591,TCS
2022-11-25,2985.032521665577,3002.988685816619,2954.149832260228,2990.900146484375,1588981,TCS
2022-11-28,2970.0322052062625,3015.0326931639333,2969.6351851613313,2995.84130859375,2195437,TCS
2022-11-29,2985.03259095978,3025.6212694061737,2985.03259095978,2997.694580078125,1576028,TCS
2022-11-30,2985.0323243680464,3013.179601826006,2977.9734243991,2991.914794921875,3410702,TCS
2022-12-01,3022.091146538326,3070.6210773586495,3017.6793346455693,3066.78271484375,2180856,TCS
2022-12-02,3051.298091486406,3060.827434912216,3011.503453385087,3034.5771484375,2411749,TCS
2022-12-05,3029.150602395043,3034.577045852439,3006.2091763355406,3022.8857421875,1475065,TCS
2022-12-06,3000.07664261676,3007.047220155349,2971.7968815829117,2987.10595703125,1166999,TCS
2022-12-07,2972.0616929376706,2994.473614579414,2959.4438659290595,2982.914794921875,1167505,TCS
2022-12-08,2964.7376957476886,2982.914447550536,2946.6051051494155,2956.3994140625,1285619,TCS
2022-12-09,2977.1789463074856,2977.1789463074856,2890.9280250014735,2905.398681640625,1797896,TCS
2022-12-12,2872.531012608813,2908.266692538365,2855.4132669095334,2899.840087890625,1527610,TCS
2022-12-13,2891.67804747704,2943.9580202787447,2883.3839269897835,2940.119873046875,1378016,TCS
2022-12-14,2954.8555977030205,2979.7381772420185,2947.8848046662138,2969.458740234375,1213311,TCS
2022-12-15,2963.679209913898,2968.929223708033,2910.86972808808,2916.29638671875,1415694,TCS
2022-12-16,2889.7372933102192,2904.737456359463,2845.7955961171497,2859.0751953125,2703680,TCS
2022-12-19,2847.383797855332,2863.7075041646976,2818.7070165010405,2825.368896484375,2120965,TCS
2022-12-20,2822.5893692776544,2866.7958175446647,2791.4860905554474,2862.33984375,1529971,TCS
2022-12-21,2866.7963970818305,2896.8408899414576,2858.855132823986,2884.046630859375,1432566,TCS
2022-12-22,2906.5023847469665,2906.5023847469665,2863.3549400669413,2876.2373046875,1384101,TCS
2022-12-23,2838.5605375865457,2882.5464001920377,2838.5605375865457,2848.575439453125,1360281,TCS
2022-12-26,2848.575232221792,2887.09027146601,2845.6633927147495,2870.237060546875,870157,TCS
2022-12-27,2884.6194199757956,2888.6783736131365,2851.354397062912,2876.060546875,835883,TCS
2022-12-28,2867.501582014755,2881.884133279231,2846.5013122623786,2873.94287109375,910795,TCS
2022-12-29,2851.00155026507,2886.6489089761594,2848.2661403561187,2884.222412109375,1037927,TCS
2022-12-30,2899.4877613719004,2910.914314338312,2864.3255244227166,2873.59033203125,1163131,TCS
2023-01-02,2877.384718156788,2882.546626036524,2854.6197177809076,2877.78173828125,709547,TCS
2023-01-03,2869.442736681144,2929.4433843116235,2863.5309512487165,2921.81103515625,1245178,TCS
2023-01-04,2917.708404852759,2935.929322035629,2899.6199713139727,2924.72314453125,1231668,TCS
2023-01-05,2938.4438163122472,2944.708676788832,2895.8698218927307,2921.5908203125,1826057,TCS
2023-01-06,2911.7966394640803,2913.1643446061225,2823.5603776621383,2833.751708984375,2488376,TCS
2023-01-09,2849.148585709542,2935.6201129314486,2842.221953738348,2929.3994140625,2885060,TCS
2023-01-10,2898.5611652366442,2910.031879132558,2850.119544259817,2899.79638671875,3864655,TCS
2023-01-11,2903.061052704587,2955.473300937228,2886.3401103867363,2937.1201171875,2720512,TCS
2023-01-12,2937.3844994888523,2955.914110329725,2925.516768010586,2942.105224609375,2250391,TCS
2023-01-13,2949.6495136518442,2981.502886054615,2916.208061086269,2977.576416015625,1742837,TCS
2023-01-16,2993.323673691548,3025.8107560710764,2976.222878557972,3008.7099609375,1843607,TCS
2023-01-17,3005.0551874608955,3051.8005344403805,2996.933416683974,3048.732177734375,1688475,TCS
2023-01-18,3050.1760059457965,3076.3009900989787,3043.182259186601,3059.2001953125,2421189,TCS
2023-01-19,3050.1760655484736,3056.4929982286035,3033.030105416692,3043.949462890625,1585044,TCS
2023-01-20,3036.6398008661617,3063.3964349074176,3028.157150767711,3034.92529296875,1529349,TCS
2023-01-23,3057.3954283238595,3085.370416009231,3028.1571422247093,3081.67041015625,1067916,TCS
2023-01-24,3090.7850432164355,3115.1051909529156,3083.8364610513177,3100.982421875,1387863,TCS
2023-01-25,3091.056056581995,3099.809477418407,3072.7369055632244,3095.07177734375,874110,TCS
2023-01-27,3091.6874086767493,3109.7357881786565,3052.251743528508,3078.1962890625,1785879,TCS
2023-01-30,3086.272889450756,3120.9708549193124,3055.1845998762938,3098.5908203125,1953798,TCS
2023-01-31,3112.4435693655014,3112.4435693655014,3024.0064949097696,3030.955078125,2820375,TCS
2023-02-01,3034.834977460141,3085.3704394695874,3027.615625744506,3075.759765625,2205161,TCS
2023-02-02,3092.5897637316407,3130.491359902265,3086.363161059032,3122.73046875,1813847,TCS
2023-02-03,3162.07560878637,3162.07560878637,3115.9619180313957,3142.4931640625,1804469,TCS
2023-02-06,3134.236594271582,3134.236594271582,3101.4789594399563,3122.32470703125,1138714,TCS
2023-02-07,3130.4008630130397,3152.149246830875,3123.6327212004912,3133.69482421875,1455647,TCS
2023-02-08,3138.658220197554,3194.4726991238244,3138.658220197554,3176.60498046875,1986946,TCS
2023-02-09,3172.0024612292277,3201.42140575325,3163.249041886129,3195.330078125,1655427,TCS
2023-02-10,3176.514554888765,3196.6837056013396,3165.820802706398,3192.35205078125,1187821,TCS
2023-02-13,3202.6851807113194,3202.6851807113194,3134.462212995343,3142.583984375,1087939,TCS
2023-02-14,3162.9786498154,3180.8917554026953,3153.954459659008,3158.556884765625,1579818,TCS
2023-02-15,3146.7352493817516,3181.929592578164,3122.505209592746,3177.1015625,1429449,TCS
2023-02-16,3183.011851730481,3226.147518559538,3182.831412016641,3210.8515625,1618931,TCS
2023-02-17,3182.0648709651223,3193.5707139463975,3149.442510168604,3159.50439453125,1061369,TCS
2023-02-20,3160.271619935647,3178.3200015457874,3135.951469779414,3147.006103515625,1296082,TCS
2023-02-21,3153.0513232973685,3166.497275444467,3108.607196888555,3114.247314453125,1139541,TCS
2023-02-22,3081.715617084995,3110.6381891326687,3063.712402699568,3069.623291015625,1218430,TCS
2023-02-23,3087.175351151494,3115.5112191854573,3075.443904333321,3080.677978515625,1441570,TCS
2023-02-24,3088.5287523343754,3098.861404900383,3052.2515558298396,3068.63037109375,977592,TCS
2023-02-27,3059.2006789935385,3059.2006789935385,2992.421667121703,3006.72509765625,1128022,TCS
2023-02-28,3003.702117162735,3061.005732737268,2977.892841548753,2989.579345703125,4116217,TCS
2023-03-01,2998.738199575175,3058.297850845702,2991.5188479060203,3055.31982421875,1669307,TCS
2023-03-02,3033.029821695641,3041.061261510807,2994.2258102904307,2997.339111328125,1556538,TCS
2023-03-03,3026.7130393735433,3030.322715031711,3006.047734357381,3016.019287109375,1043190,TCS
2023-03-06,3033.8422880766893,3072.6914693231265,3031.22536115521,3042.821533203125,1334132,TCS
2023-03-08,3035.7372636633854,3064.6146692630373,3005.8221644268447,3059.56103515625,1844590,TCS
2023-03-09,3054.6884491786423,3054.6884491786423,3005.82254630904,3011.237060546875,1648500,TCS
2023-03-10,2989.6236484252595,3011.5976379632734,2968.9583426171757,3005.95751953125,1024404,TCS
2023-03-13,3007.7623794090946,3040.9714410429538,2952.7148231102783,2961.69384765625,1901233,TCS
2023-03-14,2959.9343338825,2981.9532694589166,2896.2234640568317,2901.23193359375,2670334,TCS
2023-03-15,2932.861249755203,2942.201372938956,2880.5209566826484,2886.74755859375,1780522,TCS
2023-03-16,2894.959981480573,2905.608569116776,2862.4728993941326,2874.204345703125,1901060,TCS
2023-03-17,2843.07132149779,2907.05274636702,2837.2055974572454,2869.06103515625,6739966,TCS
2023-03-20,2860.3523392948427,2860.3523392948427,2793.0320130478685,2836.57373046875,2289468,TCS
2023-03-21,2836.5736038648693,2848.7110949967246,2795.197605797223,2803.003662109375,1815297,TCS
2023-03-22,2824.616642779389,2836.7541342993322,2803.003751733395,2825.29345703125,1123939,TCS
2023-03-23,2810.944823053039,2839.326076534462,2798.4012872223343,2819.743408203125,1372218,TCS
2023-03-24,2841.6266543197817,2860.6677803537095,2802.9129734317416,2815.998046875,1329577,TCS
2023-03-27,2829.083479625092,2845.1014163917093,2802.9133294148437,2817.622802734375,1524217,TCS
2023-03-28,2821.8638616076223,2842.213451587019,2806.6580152242736,2811.846923828125,1303530,TCS
2023-03-29,2823.6686802623394,2842.619476774167,2801.1985382394446,2832.6025390625,1740616,TCS
2023-03-31,2878.6716455574356,2899.472449020155,2844.4248861847273,2893.065185546875,2382581,TCS
2023-04-03,2910.256278083939,2910.256278083939,2864.052466678619,2887.740966796875,1521830,TCS
2023-04-05,2874.6553489199614,2945.811165900153,2874.6553489199614,2923.65673828125,2655065,TCS
2023-04-06,2910.3008553601517,2939.4941939275836,2901.2766666613607,2906.42041015625,1703464,TCS
2023-04-10,2905.78896386189,2952.7147483714607,2901.276869197508,2944.953857421875,2203187,TCS
2023-04-11,2945.4954794330633,2953.572085045166,2880.656589162442,2900.194091796875,2348779,TCS
2023-04-12,2912.963319978562,2942.7431464979895,2886.8383344135827,2925.326416015625,2417727,TCS
2023-04-13,2896.7647832987404,2914.8131620108825,2869.6922152305283,2877.6787109375,4174070,TCS
2023-04-17,2828.2715566379666,2854.7122578378658,2770.6520137188445,2833.14453125,5505048,TCS
2023-04-18,2847.086786804494,2848.801515098883,2807.064636248936,2825.248291015625,2617302,TCS
2023-04-19,2825.248469834299,2833.59584613262,2771.7801405720834,2788.114013671875,3298034,TCS
2023-04-20,2788.474964066555,2809.2306029576653,2777.6459350798887,2801.830810546875,2419999,TCS
2023-04-21,2806.5232795765946,2855.6599533822787,2798.22106827922,2852.411376953125,1929184,TCS
2023-04-24,2843.612712906917,2870.5497889454005,2821.097181701511,2865.0,1640676,TCS
2023-04-25,2872.3996967152325,2879.7994885025946,2840.3638219953486,2866.082763671875,2024090,TCS
2023-04-26,2870.5948910586885,2895.3210839802464,2870.5948910586885,2886.0712890625,2000029,TCS
2023-04-27,2874.2041193174095,2887.018423289877,2861.2543203233117,2876.8662109375,2434446,TCS
2023-04-28,2888.101618768192,2912.331656535757,2884.3566681237626,2905.1123046875,2931312,TCS
2023-05-02,2919.325382723846,2919.325382723846,2896.7649083596743,2905.24755859375,2321159,TCS
2023-05-03,2902.1794643631756,2902.1794643631756,2863.510722614443,2869.60205078125,2468285,TCS
2023-05-04,2869.8272809192304,2909.8044809182966,2867.8871684758333,2906.42041015625,1953253,TCS
2023-05-05,2905.78922896011,2927.44728532503,2896.8102038222487,2915.445068359375,1710027,TCS
2023-05-08,2928.349198292563,2937.2381121830967,2915.9861039841476,2933.40283203125,928235,TCS
2023-05-09,2935.2078913616624,2976.177622538405,2929.2518383140277,2962.866943359375,1107375,TCS
2023-05-10,2968.9584975056696,2983.8484109430083,2947.3456066100516,2966.07080078125,1559987,TCS
2023-05-11,2986.1043045039883,2986.7359537053417,2952.714803365684,2961.874267578125,1719623,TCS
2023-05-12,2959.1673717339913,2968.95870665941,2941.886134866163,2954.790771484375,1027479,TCS
2023-05-15,2963.5441770356083,2970.7635294766205,2931.3730258472074,2937.419189453125,1150390,TCS
2023-05-16,2938.4561476589306,2964.445854004029,2933.267239390887,2940.2158203125,986306,TCS
2023-05-17,2938.231590032253,2959.9348146727857,2886.16204909367,2895.59228515625,1588815,TCS
2023-05-18,2911.1584719986504,2913.865728945654,2883.228648558824,2887.60546875,1369364,TCS
2023-05-19,2896.765155186877,2918.8744219476494,2890.49338684266,2908.361328125,1152449,TCS
2023-05-22,2914.813188789529,2985.6079108748772,2903.126907529479,2976.809326171875,1333243,TCS
2023-05-23,2983.396917684391,3003.204968703597,2969.0485451363493,2975.3203125,1687418,TCS
2023-05-24,2956.324611866416,2993.5042301988665,2956.324611866416,2981.005859375,1016555,TCS
2023-05-25,2972.568397032033,2983.3974258008197,2948.2934123355303,2972.1171875,1374917,TCS
2023-05-26,2972.117197294292,3012.8613300442594,2969.8611496266935,3004.062744140625,1791115,TCS
2023-05-29,3032.84972720672,3042.9567756365113,2988.8116372799896,2996.346923828125,1210372,TCS
2023-05-30,2991.518459812908,3002.30232090628,2979.200530752283,2992.601318359375,1344224,TCS
2023-05-31,2986.1044948593535,3002.9796862307608,2946.5333332663195,2968.50732421875,5815424,TCS
2023-06-01,2990.6164353941035,3014.0793283694343,2975.7265225443743,2999.640625,1177314,TCS
2023-06-02,3001.671487107062,3010.3797431667695,2975.6817733469197,2983.03662109375,2030661,TCS
2023-06-05,2991.518552654102,3002.3475790890493,2964.4911515736353,2967.96533203125,1861468,TCS
2023-06-06,2959.934505084444,2967.921001860694,2906.3309012594705,2916.88916015625,2022849,TCS
2023-06-07,2935.5686573495286,2958.896273847872,2924.739630639355,2955.33154296875,1567196,TCS
2023-06-08,2942.7882185183284,2950.9099891306146,2917.520487724549,2920.6337890625,1759366,TCS
2023-06-09,2928.349367716642,2932.8614622739865,2892.568546003746,2896.133056640625,1775689,TCS
2023-06-12,2901.277372301193,2936.8325962952204,2897.667695943742,2930.064453125,2324605,TCS
2023-06-13,2941.885742306206,2946.3978370029945,2922.9349445796934,2927.17626953125,1371928,TCS
2023-06-14,2927.176702001411,2938.141225924814,2911.0686537442966,2933.8095703125,1658544,TCS
2023-06-15,2950.4006679163926,2952.3552093195044,2918.3083232724543,2924.035888671875,2273810,TCS
2023-06-16,2906.489819361,2908.6716434866084,2869.2154738515223,2886.39794921875,4156189,TCS
2023-06-19,2900.1259479423184,2922.7632059010452,2886.4889920742507,2918.672119140625,1468186,TCS
2023-06-20,2921.9451044006205,2938.7640167937166,2910.171910116586,2934.400146484375,1528452,TCS
2023-06-21,2954.674080653028,2965.0380794151984,2930.991187092349,2962.12890625,1645987,TCS
2023-06-22,2963.7650532654006,2970.7198119240816,2936.5821435529915,2944.21875,1529603,TCS
2023-06-23,2943.1277797551047,2954.1281240159633,2917.535626765662,2924.08154296875,1119505,TCS
2023-06-26,2913.76261193622,2921.8537828251756,2884.6704423318647,2899.807373046875,1978803,TCS
2023-06-27,2911.035472947951,2917.9902315635795,2893.1256488765357,2906.80810546875,863542,TCS
2023-06-28,2916.4899632002866,2937.354458913725,2903.2165722164345,2923.262939453125,1575872,TCS
2023-06-30,2927.3998078961313,3009.2215416572035,2922.036027465169,3002.17578125,2672406,TCS
2023-07-03,3013.130740028882,3017.221826572155,2971.719808516399,2974.947265625,1687264,TCS
2023-07-04,2991.0388296361334,3013.7670882199945,2979.4929186666623,3008.176025390625,1656681,TCS
2023-07-05,3018.313323182715,3026.4954978539936,3004.676365397251,3018.267822265625,1453008,TCS
2023-07-06,3006.084827429316,3025.9946921480014,3001.948240187536,3020.948974609375,1848238,TCS
2023-07-07,3001.948608480936,3051.859779118901,3001.948608480936,3026.722412109375,1789326,TCS
2023-07-10,3022.6317757801185,3022.6317757801185,2968.493007500654,2974.629638671875,1407431,TCS
2023-07-11,2995.5847665765177,2995.5847665765177,2964.4925502644905,2975.038330078125,1110172,TCS
2023-07-12,2982.8118028178205,2990.2666288596693,2954.765258813472,2963.674560546875,1515240,TCS
2023-07-13,2985.583996893055,3061.4508783669453,2975.356280703942,3036.995361328125,4585146,TCS
2023-07-14,3059.223633971811,3204.548209497131,3047.4049393977743,3195.27490234375,6306101,TCS
2023-07-17,3191.0472847754263,3227.321494187628,3161.091486422009,3174.41015625,2743228,TCS
2023-07-18,3160.137072859517,3203.775329331685,3150.136639084645,3179.092529296875,2600090,TCS
2023-07-19,3181.9561925165294,3197.2751275399046,3132.5448697161914,3154.727783203125,2405370,TCS
2023-07-20,3147.481366184457,3170.997743413203,3131.9403423330245,3156.778564453125,1715404,TCS
2023-07-21,3102.772940548675,3130.892412746542,3061.755687476042,3070.18701171875,3770223,TCS
2023-07-24,3081.7628492870426,3111.3408007755556,3073.650637395516,3094.2958984375,1680132,TCS
2023-07-25,3096.8022755718303,3105.2792181395616,3081.0333776826646,3098.30615234375,1272980,TCS
2023-07-26,3099.4000558754824,3118.085690977951,3085.4085278953876,3088.41650390625,1066803,TCS
2023-07-27,3094.4780014441108,3109.699914070163,3085.454295510359,3096.25537109375,1701769,TCS
2023-07-28,3085.4085459262187,3093.338502704607,3036.1878482954903,3058.42822265625,2599831,TCS
2023-07-31,3066.6317666989726,3123.3722948817326,3063.4415361987367,3118.632568359375,2743678,TCS
2023-08-01,3112.753500683223,3153.770750326194,3112.753500683223,3146.5244140625,1956167,TCS
2023-08-02,3130.9375831694133,3141.374149337502,3111.477311631999,3136.133056640625,1914899,TCS
2023-08-03,3117.3111535491207,3129.3884555329005,3069.913440103345,3099.03564453125,2026351,TCS
2023-08-04,3100.220594527487,3163.7973343932103,3100.220594527487,3138.77685546875,2248493,TCS
2023-08-07,3148.2558259295074,3179.292252661736,3136.6798923372126,3175.69189453125,1853889,TCS
2023-08-08,3175.6921726071587,3181.06990066204,3150.67169533121,3163.4326171875,1634225,TCS
2023-08-09,3158.2370582327517,3160.1512856075137,3121.9141376043485,3156.049560546875,1794589,TCS
2023-08-10,3144.6557951355153,3158.236973179639,3126.471525696296,3137.455078125,1096701,TCS
2023-08-11,3133.8090658955844,3159.8320536556635,3111.8419612799826,3143.56201171875,1679974,TCS
2023-08-14,3136.1792226802268,3149.2136391229633,3109.1078793193715,3144.51953125,1190425,TCS
2023-08-16,3144.6557916406823,3159.239702558436,3131.165629535196,3152.312255859375,1328445,TCS
2023-08-17,3149.2132599891765,3154.499972197025,3111.112748256115,3131.6669921875,1843241,TCS
2023-08-18,3108.1962872876197,3108.1962872876197,3059.431330874163,3069.09326171875,2526749,TCS
2023-08-21,3076.2932387618084,3107.967665442393,3073.5587558829093,3100.58447265625,1375579,TCS
2023-08-22,3099.0813009996327,3109.1077405028673,3067.2246127209246,3082.81103515625,1222012,TCS
2023-08-23,3088.143265662933,3100.9041882483175,3077.2053320183186,3097.486083984375,1330046,TCS
2023-08-24,3106.372799977861,3110.975891033685,3079.1192074418814,3087.9150390625,1152881,TCS
2023-08-25,3076.2934297630904,3086.1376132448922,3053.7339446114943,3082.035888671875,1158046,TCS
2023-08-28,3093.6121942799687,3093.6121942799687,3062.712621128665,3076.795166015625,1037485,TCS
2023-08-29,3081.8080085574366,3089.555710512283,3067.178479771432,3077.341552734375,944517,TCS
2023-08-30,3097.2581115677926,3106.464294438142,3083.6313141767887,3090.83203125,1188200,TCS
2023-08-31,3099.9925997056025,3114.941019553153,3047.7183044022304,3059.70458984375,3417652,TCS
2023-09-01,3068.0899014341458,3089.054270932953,3059.7041981411817,3080.12158203125,1277950,TCS
2023-09-04,3079.028080349797,3129.023637156642,3071.7817443830672,3115.943603515625,1828332,TCS
2023-09-05,3117.311177679923,3141.921529082659,3103.7753953952833,3125.833740234375,1501842,TCS
2023-09-06,3130.071933045149,3139.095639063221,3097.349371389577,3126.334716796875,1314818,TCS
2023-09-07,3127.15492515693,3153.770516220787,3119.4072230217057,3149.44091796875,1885092,TCS
2023-09-08,3149.441245179643,3158.3283161992513,3131.029101522507,3137.272705078125,1518917,TCS
2023-09-11,3155.5934925384777,3177.1958644886363,3140.0980883290167,3172.5927734375,1783604,TCS
2023-09-12,3182.939118455178,3272.1743500883003,3174.735667118953,3263.8798828125,4476016,TCS
2023-09-13,3255.0380406666054,3271.2170677568156,3231.247945622234,3252.07568359375,1754929,TCS
2023-09-14,3254.081009523971,3279.283743631725,3231.79501333232,3244.966064453125,2604721,TCS
2023-09-15,3252.075604550965,3288.0796357921176,3247.153400937542,3279.83056640625,2952897,TCS
2023-09-18,3263.1954818934582,3298.9716361140518,3258.820264386671,3286.9853515625,1395753,TCS
2023-09-20,3263.1500568604156,3304.167306178493,3263.1500568604156,3286.89453125,1649396,TCS
2023-09-21,3270.943558229628,3285.937597907689,3215.752523000923,3267.981201171875,2004073,TCS
2023-09-22,3266.796010717758,3312.1428582437647,3249.52323591542,3284.706787109375,1989083,TCS
2023-09-25,3283.658965024994,3299.6101189147753,3243.6898418366063,3260.552490234375,1238778,TCS
2023-09-26,3251.847543695411,3276.7767822705646,3223.0442313478416,3268.345458984375,1726062,TCS
2023-09-27,3272.2651988981193,3294.141066523065,3241.0008935775677,3271.627197265625,1541134,TCS
2023-09-28,3281.37980335937,3283.9320321574332,3215.159824951922,3223.727783203125,1755753,TCS
2023-09-29,3224.138279675587,3252.6224826131343,3195.289567953573,3216.299560546875,2243791,TCS
2023-10-03,3221.403759691803,3221.403759691803,3172.0920416447743,3202.85498046875,1948148,TCS
2023-10-04,3177.7430606044213,3233.982222159653,3169.539610773689,3224.639404296875,1788138,TCS
2023-10-05,3239.4511904452584,3303.2558002739493,3236.8989615455466,3271.672607421875,2990768,TCS
2023-10-06,3273.176885530309,3313.2370259636054,3258.638592157678,3300.88623046875,2075691,TCS
2023-10-09,3322.443395018916,3353.388591798443,3309.6368515412196,3316.33642578125,4233074,TCS
2023-10-10,3317.885464751515,3325.13180122624,3282.610673537835,3307.72216796875,1848148,TCS
2023-10-11,3326.9545791162677,3326.9545791162677,3285.9373308805875,3290.403564453125,2426417,TCS
2023-10-12,3258.592598284596,3271.0344082830998,3224.9585427168286,3229.0146484375,4241281,TCS
2023-10-13,3217.575421151711,3260.4156604701616,3213.0179488837907,3254.81005859375,2890357,TCS
2023-10-16,3250.389494786418,3258.273833459736,3207.6404903319494,3212.15234375,1671104,TCS
2023-10-17,3217.5752462064243,3221.3578589700005,3193.2840093522973,3196.656494140625,1672065,TCS
2023-10-18,3200.2563873866407,3210.920825857135,3175.646042054986,3178.6083984375,1408245,TCS
2023-10-19,3170.612517840815,3177.3294256477784,3154.5286181595566,3157.95556640625,1514545,TCS
2023-10-20,3153.158141056141,3198.0284103099434,3147.3553086674356,3193.5048828125,1481211,TCS
2023-10-23,3173.81148296811,3179.2488637203114,3108.288267201467,3116.375732421875,1106272,TCS
2023-10-25,3098.418674622007,3129.946603916937,3086.2643847938266,3098.05322265625,1518537,TCS
2023-10-26,3077.90271648634,3083.0658968190555,3043.1305643648857,3049.299072265625,1984471,TCS
2023-10-27,3061.4075190461313,3072.3737549352513,3049.5274301662507,3062.275634765625,1108851,TCS
2023-10-30,3061.407741610911,3091.427903783305,3046.557629431455,3087.498291015625,910972,TCS
2023-10-31,3106.1855500637757,3106.1855500637757,3061.452501812406,3078.54150390625,999811,TCS
2023-11-01,3065.9765288100825,3081.14657643751,3025.767000563393,3043.72412109375,1563475,TCS
2023-11-02,3055.193202126613,3085.1218868690776,3055.193202126613,3070.637451171875,1245384,TCS
2023-11-03,3090.6508984949387,3096.042542043059,3056.198684431494,3062.22998046875,1402598,TCS
2023-11-06,3084.253541799562,3100.063241613325,3069.631895379179,3089.05126953125,1099852,TCS
2023-11-07,3086.99533768145,3110.8925036423684,3076.0291020236123,3080.095703125,1191144,TCS
2023-11-08,3081.009254460664,3108.8817673622384,3079.273023228274,3090.2392578125,992899,TCS
2023-11-09,3098.0531123476367,3099.3324172908847,3054.14243153224,3059.0771484375,2112352,TCS
2023-11-10,3050.441278848814,3059.0771449775716,3036.139568807074,3046.283203125,1338557,TCS
2023-11-13,3066.8905352612105,3066.8905352612105,3040.388799408238,3044.546875,1030990,TCS
2023-11-15,3091.6559037281313,3118.9800168000415,3066.936137613749,3111.029541015625,2059802,TCS
2023-11-16,3134.5612355569488,3225.3068746335257,3120.0765776114918,3196.5205078125,3951984,TCS
2023-11-17,3196.5205315189633,3220.874622639635,3191.6770664120663,3200.72412109375,2021292,TCS
2023-11-20,3190.4889097792343,3229.464646386725,3190.4889097792343,3216.396728515625,1475621,TCS
2023-11-21,3216.396747586853,3234.1711418231757,3199.398994448308,3207.806396484375,1807236,TCS
2023-11-22,3198.4855071691995,3228.322718442621,3181.213774673943,3226.0380859375,1798051,TCS
2023-11-23,3225.900468844643,3238.6944083811372,3198.484884123584,3206.024169921875,2729804,TCS
2023-11-24,3193.230799217134,3202.643529603171,3155.5343635105573,3159.28125,1989733,TCS
2023-11-28,3159.28118436596,3181.350644295862,3137.2572385975423,3171.206787109375,1689195,TCS
2023-11-29,3181.122097340804,3214.934656261117,3176.37010665481,3211.05078125,1441634,TCS
2023-11-30,3197.9823428265554,3213.7005673797357,3181.121802199618,3187.1533203125,3266235,TCS
2023-12-01,3198.4852942750963,3213.9750570070746,3189.3925021316686,3209.131591796875,1172141,TCS
2023-12-04,3239.288567355795,3242.1673378334053,3196.657419148335,3209.862548828125,1625213,TCS
2023-12-05,3233.21185109275,3233.21185109275,3201.0442707403495,3227.36328125,1377656,TCS
2023-12-06,3228.276947197519,3301.613644771774,3221.468564387526,3293.617431640625,1896572,TCS
2023-12-07,3294.440248726415,3317.789238800285,3282.285958526859,3303.4873046875,1967653,TCS
2023-12-08,3320.0283152506004,3330.9945524603463,3291.744606402197,3314.27099609375,1641155,TCS
2023-12-11,3310.797891464415,3338.304955567598,3303.5785421234236,3329.074951171875,1102503,TCS
2023-12-12,3325.464920258755,3379.793429797475,3318.199834425044,3355.75927734375,2236866,TCS
2023-12-13,3329.668470857527,3335.5627768963504,3256.0575819401906,3283.975830078125,3850968,TCS
2023-12-14,3317.2861268874835,3361.15106740831,3315.0929691048923,3351.3271484375,3290396,TCS
2023-12-15,3350.824558139156,3560.3253463636993,3350.824558139156,3528.38623046875,8531230,TCS
2023-12-18,3525.736106571666,3590.5281905815186,3500.1937384877283,3526.7412109375,2521612,TCS
2023-12-19,3513.7645660221524,3522.9945699903956,3463.5026541544753,3487.445556640625,2004435,TCS
2023-12-20,3497.5439742144413,3562.930202481097,3442.0731404679386,3454.41015625,2586083,TCS
2023-12-21,3432.660113142662,3478.763949441548,3420.871499435154,3461.218017578125,1517562,TCS
2023-12-22,3472.6417445737447,3514.633249468634,3437.9153271280074,3494.57421875,2413058,TCS
2023-12-26,3490.7808875582864,3503.711816102494,3463.6392795100446,3468.57421875,1285231,TCS
2023-12-27,3471.727259647645,3489.2731911736523,3443.3978189924524,3482.876220703125,1293976,TCS
2023-12-28,3494.5735047759663,3507.367445431527,3465.421686382815,3472.549560546875,1682889,TCS
2023-12-29,3465.330070230173,3493.294057192247,3441.021494734587,3466.609375,1574996,TCS
2024-01-01,3463.503012056297,3501.8848396305357,3447.967510419105,3482.785400390625,825907,TCS
2024-01-02,3482.7847145273954,3482.7847145273954,3442.7121774818215,3457.2880859375,1344068,TCS
2024-01-03,3442.483985684402,3446.9162616362587,3369.4214885871284,3373.716552734375,1803075,TCS
2024-01-04,3382.8553778250566,3398.619342238505,3336.477337594187,3350.916259765625,3598144,TCS
2024-01-05,3358.4093675177683,3424.892165201283,3358.2723788278463,3415.890625,1963127,TCS
2024-01-08,3415.890793989658,3417.5815111616193,3356.0334267910252,3361.42529296875,1067805,TCS
2024-01-09,3390.3486750012953,3429.09617357813,3365.4919196193155,3372.02587890625,1370944,TCS
2024-01-10,3372.11752875156,3407.986258562806,3370.289822773917,3393.181884765625,1292227,TCS
2024-01-11,3403.1878753109395,3447.966663143978,3387.652377491314,3413.742919921875,1777909,TCS
2024-01-12,3516.5062216937445,3568.824304124089,3492.3805925763054,3548.308349609375,6813450,TCS
2024-01-15,3618.85751219593,3623.4267767315314,3550.3185441619166,3567.4990234375,2801505,TCS
2024-01-16,3563.1128581170137,3563.1128581170137,3523.4059897648553,3528.66064453125,1432672,TCS
2024-01-17,3490.0040444785163,3573.11891681027,3484.1097382002936,3549.952880859375,3458696,TCS
2024-01-18,3562.198531252639,3572.06818699225,3529.299827526345,3566.40234375,2239110,TCS
2024-01-19,3630.266062846807,3647.336180140823,3602.7055327268636,3628.4716796875,2941975,TCS
2024-01-23,3588.8561772055014,3620.051529496022,3536.17360896319,3550.43701171875,2618854,TCS
2024-01-24,3570.4516563375996,3573.8103676439687,3501.9874154730123,3535.29931640625,2657709,TCS
2024-01-25,3533.550617096936,3552.9673375818998,3477.2332310375527,3506.312255859375,2205154,TCS
2024-01-29,3497.570151432114,3515.2383200453005,3479.211818227295,3497.754150390625,1646747,TCS
2024-01-30,3503.6895122527035,3540.820457055553,3484.871069366822,3497.340087890625,1411621,TCS
2024-01-31,3507.140675922528,3528.121726426989,3493.5674376687984,3511.51171875,2459358,TCS
2024-02-01,3515.238654965433,3593.3652043166217,3501.4814177274175,3546.6640625,2363107,TCS
2024-02-02,3565.896430136547,3666.522292350957,3563.089715877142,3649.866455078125,2826510,TCS
2024-02-05,3665.234434230392,3701.12299635316,3646.0019356759444,3656.308349609375,1691523,TCS
2024-02-06,3678.1173222023467,3818.818793148955,3671.675785736143,3806.02783203125,4474396,TCS
2024-02-07,3821.671387213115,3823.511826118587,3748.927994541734,3757.6240234375,2124267,TCS
2024-02-08,3763.697529491343,3826.272451742055,3760.062707616723,3804.279296875,2345173,TCS
2024-02-09,3806.533642964029,3850.888400846203,3772.8998012950433,3803.911376953125,2100596,TCS
2024-02-12,3800.5065922172184,3827.745179692485,3778.007045373113,3791.94873046875,1013716,TCS
2024-02-13,3796.3193423865514,3837.3149373465553,3755.8755196115026,3818.450439453125,1257415,TCS
2024-02-14,3779.3416123963243,3786.611256823303,3726.4289893837145,3772.9921875,1391283,TCS
2024-02-15,3798.6654985616456,3815.505333032775,3757.2556275744187,3775.84423828125,1091582,TCS
2024-02-16,3785.093257607137,3817.0250573555095,3772.9924597709924,3798.9423828125,1307556,TCS
2024-02-19,3794.1111997587996,3798.9423526049495,3731.4904364071886,3776.39697265625,772291,TCS
2024-02-20,3756.427991026826,3771.059390745061,3690.0800773274027,3709.08251953125,1193648,TCS
2024-02-21,3692.8406262355356,3739.1737650742916,3663.0256061355944,3673.055908203125,1885939,TCS
2024-02-22,3654.191483338692,3768.252640712782,3654.191483338692,3761.029052734375,2982052,TCS
2024-02-23,3800.5065425299695,3800.5065425299695,3723.5761023123614,3728.821533203125,2538072,TCS
2024-02-26,3714.0058645493514,3726.888937419443,3665.0041766684662,3681.84423828125,1379284,TCS
2024-02-27,3679.9574496143205,3794.984876771557,3679.9574496143205,3776.948486328125,2960475,TCS
2024-02-28,3768.850920451233,3823.4197548467,3762.7773821335977,3790.338134765625,1939225,TCS
2024-02-29,3771.979635234801,3807.9603066412583,3740.278119193048,3768.390869140625,3772719,TCS
2024-03-01,3779.525838576427,3809.7088594718166,3760.7532253406666,3767.700927734375,2043265,TCS
2024-03-04,3777.5010270993284,3789.371768720034,3750.722549928762,3755.1396484375,1749271,TCS
2024-03-05,3737.9313106921068,3739.7717495452293,3662.473317714078,3692.012451171875,2070859,TCS
2024-03-06,3675.4026769184316,3747.1337408010263,3642.642773405773,3740.048095703125,1744204,TCS
2024-03-07,3740.692062833141,3794.9850103625763,3715.570026925066,3780.813720703125,2688905,TCS
2024-03-11,3762.7773878887397,3821.6714335783654,3762.7773878887397,3793.466796875,2304068,TCS
2024-03-12,3793.4665484724137,3892.482246169564,3792.2699936521494,3857.789794921875,4039801,TCS
2024-03-13,3869.522767451965,3902.6506674824695,3802.2546361359555,3817.990478515625,2837260,TCS
2024-03-14,3822.0854919676153,3887.9270110877537,3760.0165129714937,3871.915283203125,2919608,TCS
2024-03-15,3858.1124699951356,3900.8105660856863,3843.75695554138,3882.63623046875,3373143,TCS
2024-03-18,3878.9554465113024,3915.3041186273567,3789.326152475134,3821.211669921875,1526904,TCS
2024-03-19,3728.0389511805306,3734.2504323086932,3650.1424666014186,3659.98876953125,8931209,TCS
2024-03-20,3667.994768950826,3697.441791681991,3644.2530619412323,3654.099365234375,1817913,TCS
2024-03-21,3671.7221727767583,3688.6080672382363,3633.0268945824614,3655.986328125,3829582,TCS
2024-03-22,3586.095269718309,3623.824267937054,3547.4460520308135,3598.88623046875,5852485,TCS
2024-03-26,3565.850086322836,3631.8297707294355,3562.583262601489,3568.150634765625,3440925,TCS
2024-03-27,3578.273237663649,3584.254663932085,3523.888179726998,3534.470703125,1968575,TCS
2024-03-28,3542.9369266623094,3602.65907796181,3534.1027302458065,3567.046630859375,4311783,TCS
2024-04-01,3586.739062839471,3619.4989629098145,3577.8590356125146,3604.269287109375,1569676,TCS
2024-04-02,3579.653557681035,3597.920003104046,3564.0098274803727,3573.9482421875,2142666,TCS
2024-04-03,3543.7651451703696,3663.3936751293795,3543.7651451703696,3632.38232421875,3973090,TCS
2024-04-04,3658.7004031789797,3707.241978924869,3621.2935725878497,3683.91455078125,3394637,TCS
2024-04-05,3660.632928826098,3682.7181953650183,3644.529088641468,3661.783203125,1636819,TCS
2024-04-08,3665.2341685019233,3710.9229755652163,3644.0691205793664,3655.617919921875,2302538,TCS
2024-04-09,3666.1543123632814,3695.463391899339,3611.9074203697137,3631.692138671875,1876992,TCS
2024-04-10,3640.7559988262524,3671.8594599447097,3605.419663202159,3666.752197265625,2101965,TCS
2024-04-12,3654.191191937587,3693.1625729079133,3630.7255975295266,3682.165771484375,4354821,TCS
2024-04-15,3682.1657161126545,3739.9555377772367,3606.3857854027738,3626.7685546875,4200329,TCS
2024-04-16,3590.6960447365877,3615.2658574140637,3554.6695456341977,3563.82568359375,3051420,TCS
2024-04-18,3567.5067437164125,3621.9836892316157,3542.844817972998,3553.887451171875,3476284,TCS
2024-04-19,3531.802482817412,3545.1917216335364,3497.6622490979976,3520.94384765625,2957749,TCS
2024-04-22,3530.8818836618084,3568.6108795518617,3507.8763983629956,3556.280029296875,1728883,TCS
2024-04-23,3567.7368242988855,3584.254718312047,3552.599259445536,3565.57421875,1807586,TCS
2024-04-24,3579.653877353025,3587.0156333989953,3519.3334438187635,3525.406982421875,1317312,TCS
2024-04-25,3507.1406281722816,3564.608292894232,3506.9566291988567,3544.86962890625,2856271,TCS
2024-04-26,3547.5837045158246,3567.5065891802196,3499.1802992219073,3516.48046875,2039178,TCS
2024-04-29,3531.802085484041,3568.426862829934,3514.5019156929066,3561.43310546875,1110693,TCS
2024-04-30,3563.0895379766434,3572.061677179968,3506.0359348375546,3515.836181640625,2203078,TCS
2024-05-02,3476.63503445836,3562.261496663186,3476.63503445836,3555.083740234375,2491044,TCS
2024-05-03,3579.7917453667596,3582.966682325397,3494.625611625741,3536.771484375,2962234,TCS
2024-05-06,3545.605343342577,3625.6183751303724,3545.605343342577,3608.226318359375,2053831,TCS
2024-05-07,3617.1988452844685,3669.8353556027478,3601.2790030469796,3661.50732421875,2062112,TCS
2024-05-08,3644.9895357076884,3666.43069555621,3624.3767082288086,3659.6669921875,1247685,TCS
2024-05-09,3645.9096138402,3654.191589237616,3598.1042563399305,3644.253173828125,1726486,TCS
2024-05-10,3646.461687676862,3656.584101641413,3575.0986242941894,3583.242431640625,1672489,TCS
2024-05-13,3574.593071392054,3639.4685538307563,3561.249887060689,3632.843017578125,931326,TCS
2024-05-14,3621.984134363707,3631.0023308503582,3582.3225820515972,3589.96044921875,1058317,TCS
2024-05-15,3592.996713752849,3613.655594732349,3566.3103506592815,3570.8193359375,1115021,TCS
2024-05-16,3606.6906515489186,3623.745662755798,3562.5697543936335,3615.820556640625,2599399,TCS
2024-05-17,3632.551806574356,3633.4787144096645,3550.0570092318917,3553.857421875,2765804,TCS
2024-05-21,3550.6133662673315,3563.7290220685823,3531.565364339062,3540.973388671875,1908117,TCS
2024-05-22,3554.691612227725,3560.4847863024115,3538.517115470372,3551.910888671875,1311168,TCS
2024-05-23,3560.2062401149506,3619.5747261448155,3545.885560785401,3608.868896484375,2095742,TCS
2024-05-24,3594.7801911641072,3599.924574735908,3563.3117164748414,3568.131591796875,1309452,TCS
2024-05-27,3573.229711889253,3622.680335515065,3560.577510431646,3565.86083984375,1841538,TCS
2024-05-28,3576.0105212093163,3587.1334155210093,3550.057101148699,3559.2333984375,1801993,TCS
2024-05-29,3567.57539103945,3567.57539103945,3522.2496895007944,3525.6328125,1568095,TCS
2024-05-30,3500.930948347214,3517.0590544137885,3443.8797249385125,3463.0205078125,2919230,TCS
2024-05-31,3466.6348590080306,3475.718599887057,3386.689068476094,3402.6318359375,10956800,TCS
2024-06-03,3459.9610350847533,3477.340554094406,3425.8507871826455,3432.2001953125,2156773,TCS
2024-06-04,3429.5587856451884,3471.269635740873,3328.989291525593,3443.46240234375,3395997,TCS
2024-06-05,3444.389471569407,3507.2338672517226,3429.5589463958036,3472.61376953125,2799670,TCS
2024-06-06,3504.63809516768,3559.2328694484427,3468.02524016659,3550.42724609375,4328036,TCS
2024-06-07,3556.8235246852323,3628.844219100155,3556.8235246852323,3609.332763671875,4552445,TCS
2024-06-10,3610.305978999996,3620.409183775903,3561.0870829656333,3576.6591796875,1734661,TCS
2024-06-11,3563.9603682346064,3596.355749469534,3560.2527371623205,3570.54150390625,1419898,TCS
2024-06-12,3591.211490093849,3608.9155195936296,3547.693214139478,3551.586181640625,2177001,TCS
2024-06-13,3574.898153664247,3605.6714482720763,3570.4489508339425,3594.6875,1932323,TCS
2024-06-14,3604.7441367037127,3604.7441367037127,3548.2027655700213,3551.956787109375,1860730,TCS
2024-06-18,3546.395689059985,3561.179823442644,3517.661546809407,3536.24609375,1774045,TCS
2024-06-19,3547.8784064893566,3553.6254156533255,3515.7147523909116,3523.8251953125,1509050,TCS
2024-06-20,3518.5418393437685,3531.4721572718627,3503.757705904956,3510.431396484375,2846526,TCS
2024-06-21,3547.275873620781,3594.3628314432963,3520.4419401652044,3532.213623046875,4642195,TCS
2024-06-24,3530.3601242080126,3575.083426076877,3514.185628169532,3537.82177734375,1702154,TCS
2024-06-25,3538.007033326123,3566.41666656242,3515.668465075754,3557.88916015625,1338808,TCS
2024-06-26,3563.4970839383795,3584.3061190627222,3560.2529065957383,3574.017578125,1639845,TCS
2024-06-27,3550.9840267742684,3653.8707996721914,3539.0270058477204,3646.594482421875,4526556,TCS
2024-06-28,3631.4395370159273,3670.555002133022,3612.94777109011,3618.787109375,2731571,TCS
2024-07-01,3600.109414425187,3709.2064026567145,3600.109414425187,3687.424072265625,2658723,TCS
2024-07-02,3701.699052905465,3729.320724102144,3691.4566765329196,3723.75927734375,2307449,TCS
2024-07-03,3726.1695919826934,3731.8238204391223,3665.9205811670527,3675.42138671875,1821198,TCS
2024-07-04,3707.4919433847676,3751.520060191937,3691.03933131472,3727.049560546875,2518001,TCS
2024-07-05,3716.900124285456,3732.4258292933814,3696.5081535287777,3718.568603515625,1668616,TCS
2024-07-08,3728.023360391662,3736.597257975855,3687.2858057778326,3701.328369140625,1758882,TCS
2024-07-09,3693.7274640836704,3714.0730443794923,3684.551167677433,3694.19091796875,1305801,TCS
2024-07-10,3692.5226544204043,3710.6901382951037,3616.794330433944,3623.421630859375,2669716,TCS
2024-07-11,3643.6744309405326,3689.092911509367,3610.8619865173036,3636.907958984375,4872189,TCS
2024-07-12,3689.093660320724,3892.967246027671,3681.029606372668,3878.13671875,13509164,TCS
2024-07-15,3926.1034789200803,3930.089001351756,3853.201819687219,3864.464111328125,4848030,TCS
2024-07-16,3867.0595933422346,3887.961184556231,3841.9402998086507,3873.038330078125,2029521,TCS
2024-07-18,3855.936610046835,4008.8764034741735,3855.936610046835,4000.116943359375,5613364,TCS
2024-07-19,4011.12633936727,4049.543087779747,3981.2571303488753,3997.1904296875,3903354,TCS
2024-07-22,3994.9142619649265,4013.4954737488206,3962.443412915425,3983.2080078125,1896386,TCS
2024-07-23,3979.1666292711343,4052.2838814085662,3963.6511354841136,3997.14404296875,2365208,TCS
2024-07-24,3983.347690266691,4031.2873123813406,3965.32400369121,4000.767578125,1809793,TCS
2024-07-25,3990.3153350812427,4034.9102445303465,3970.991055777116,4015.864501953125,2810342,TCS
2024-07-26,4041.414063180722,4108.7246926556945,4029.382545604429,4076.5791015625,3552210,TCS
2024-07-29,4101.802189759301,4116.667158057409,4060.923526939503,4070.30712890625,1746803,TCS
2024-07-30,4079.598115277588,4086.0085427265517,4020.323776464771,4055.6748046875,1797906,TCS
2024-07-31,4041.4139618583135,4100.87384543508,4036.7686584538783,4074.25634765625,2330091,TCS
2024-08-01,4087.3092654244533,4105.797481325745,4055.395941895072,4085.172607421875,2202244,TCS
2024-08-02,4055.34909195336,4086.008088524829,3967.088344247617,3979.21240234375,2811282,TCS
2024-08-05,3938.2877856411073,3938.2877856411073,3818.9035015045465,3860.29296875,2787771,TCS
2024-08-06,3875.065586406783,3956.1723973259723,3865.6352581703713,3875.2978515625,2203067,TCS
2024-08-07,3928.068585003328,3943.816345106616,3883.752208772118,3902.47314453125,1237666,TCS
2024-08-08,3884.4022569734157,3931.7843462117903,3864.891984934085,3876.551513671875,2441283,TCS
2024-08-09,3917.848430860645,3951.898410084894,3907.210505857532,3928.764892578125,1302536,TCS
2024-08-12,3929.926507307199,3938.288053067427,3889.3731010986708,3898.01318359375,936912,TCS
2024-08-13,3914.1326781305343,3933.6429525764734,3886.260857493479,3899.221435546875,1495593,TCS
2024-08-14,3910.4163685993976,4000.7212473784566,3891.0453628588666,3990.5478515625,3226545,TCS
2024-08-16,4041.413561593398,4112.951226936545,4018.280043659057,4102.77783203125,3457058,TCS
2024-08-19,4107.377235436386,4175.430929735349,4078.901616536801,4171.482421875,2055210,TCS
2024-08-20,4185.418293173432,4241.161933038117,4180.772989851375,4202.419921875,2212298,TCS
2024-08-21,4197.496096539259,4236.516644581457,4173.851321089861,4228.61962890625,1896990,TCS
2024-08-22,4236.5158800949575,4237.398669027107,4178.171062150779,4182.63037109375,1829872,TCS
2024-08-23,4180.772575829952,4186.346939264392,4138.964850071652,4147.2333984375,1809253,TCS
2024-08-26,4170.5527823500615,4229.222864979793,4166.836540173764,4183.048828125,1844164,TCS
2024-08-27,4185.4182168111465,4190.06352004845,4168.509131570201,4178.125,930697,TCS
2024-08-28,4179.610618428567,4238.838220968121,4141.100882065341,4186.392578125,1848058,TCS
2024-08-29,4143.61019488178,4232.8000107357375,4143.61019488178,4191.7353515625,2133641,TCS
2024-08-30,4180.772468175268,4266.47830377286,4169.437748026632,4230.70947265625,3637222,TCS
2024-09-02,4251.382149688253,4262.5308791017715,4191.922259482823,4200.330078125,1216500,TCS
2024-09-03,4200.329626081671,4232.707481664155,4176.963840595747,4192.2470703125,1717263,TCS
2024-09-04,4159.357482985526,4168.694359320059,4121.962798795058,4161.494140625,1265505,TCS
2024-09-05,4163.120774045665,4179.843865751271,4138.1754048562225,4158.42919921875,1688793,TCS
2024-09-06,4156.570844055927,4198.378570967705,4125.029055295338,4140.5908203125,1649179,TCS
2024-09-09,4138.96443998131,4171.713821913821,4116.202458212613,4133.90087890625,1184938,TCS
2024-09-10,4127.305926632389,4217.8893457264885,4125.4478052150735,4188.06640625,1385591,TCS
2024-09-11,4200.701434505407,4226.622135770557,4154.062408672436,4161.587890625,1325919,TCS
2024-09-12,4190.295114701829,4211.05970757852,4116.945606864631,4197.216796875,2742216,TCS
2024-09-13,4208.644488913913,4224.43851900476,4185.417974074432,4201.76953125,1458786,TCS
2024-09-16,4205.857591838961,4223.556015887551,4175.616848928026,4193.0830078125,1155120,TCS
2024-09-17,4193.0829242332575,4214.033060161901,4149.184809090063,4186.02197265625,1699364,TCS
2024-09-18,4178.03182491242,4178.03182491242,4014.47088636393,4037.836669921875,2961779,TCS
2024-09-19,4078.6224926759214,4108.492155250461,3978.0516781123274,3991.3837890625,2927551,TCS
2024-09-20,4010.6618255380617,4023.4831346819124,3927.6038942336454,3980.931884765625,5447908,TCS
2024-09-23,3994.9607224434812,4003.6938016662916,3951.2948726865407,3965.6953125,1702319,TCS
2024-09-24,3950.0404365312907,3986.5990621222545,3939.216971195143,3968.29638671875,3012026,TCS
2024-09-25,3950.6901141651415,3985.2976143410474,3939.2161274051114,3971.5009765625,2713073,TCS
2024-09-26,3957.7979636084015,4010.5684216660406,3957.7979636084015,3987.992431640625,3964251,TCS
2024-09-27,4027.4778141813813,4067.4274211040574,3995.0069638417276,4003.043701171875,3012477,TCS
2024-09-30,3982.789937420948,3993.799396652073,3957.844568692927,3965.6953125,2503416,TCS
2024-10-01,3953.663791959934,3991.01221083208,3941.9579909083504,3983.718994140625,1823365,TCS
2024-10-03,3960.2142421580074,3975.4507469540895,3911.345558466164,3932.481689453125,3350119,TCS
2024-10-04,3925.2817269993093,3993.1031627557472,3924.3989378165315,3950.5986328125,2965463,TCS
2024-10-07,3970.7119044131277,3992.4055595878863,3929.368708787632,3969.736572265625,1472619,TCS
2024-10-08,3969.5045134149964,3975.8219442019727,3905.724592296589,3951.527099609375,1541867,TCS
2024-10-09,3957.798720143944,3990.3158457789295,3945.442393859824,3951.2490234375,1082504,TCS
2024-10-10,3951.526558479922,3989.2465053830083,3900.7534930523875,3927.51025390625,2378875,TCS
2024-10-11,3849.098041297021,3941.028768538948,3820.7154216048507,3854.8583984375,5759183,TCS
2024-10-14,3846.311174442351,3869.909224735711,3829.7740759707513,3843.19873046875,2137590,TCS
2024-10-15,3837.9959506620125,3874.1367741225554,3804.503494517866,3824.7568359375,2759474,TCS
2024-10-16,3795.212679191423,3823.0844981328532,3778.675354588552,3804.456787109375,2359151,TCS
2024-10-17,3821.0405029589083,3836.9742562004353,3802.5987849412795,3817.51025390625,2522659,TCS
2024-10-18,3809.128022883925,3861.4219511234783,3799.814751434331,3839.908203125,2361000,TCS
2024-10-21,3848.8025545031073,3855.647899798256,3790.501385728475,3799.675048828125,1595450,TCS
2024-10-22,3786.7761613201965,3808.941792786158,3731.222588221232,3739.744140625,1928049,TCS
2024-10-23,3724.936169449571,3831.0606256089795,3720.791581721823,3787.009033203125,1966476,TCS
2024-10-24,3729.0342588188632,3798.883801628907,3729.0342588188632,3769.91943359375,2676744,TCS
2024-10-25,3778.441074679716,3810.990914951962,3755.763166335102,3778.90673828125,1759676,TCS
2024-10-28,3789.5234771784344,3850.106352412569,3772.8062006829505,3809.919677734375,1532534,TCS
2024-10-29,3814.576544255364,3821.701106275593,3781.2815973687175,3795.39111328125,1445885,TCS
2024-10-30,3795.158291397516,3824.960761415852,3781.234995410785,3804.1455078125,1935002,TCS
2024-10-31,3790.5016133417075,3798.231674391787,3688.0556237919313,3695.92529296875,3740372,TCS
2024-11-01,3715.855640568731,3724.3305810268316,3703.003280699814,3710.593505859375,154895,TCS
2024-11-04,3693.9228999424704,3717.7647384247807,3644.51594943524,3691.92041015625,2269192,TCS
2024-11-05,3670.45333173397,3712.2698276535116,3670.45333173397,3698.6259765625,967590,TCS
2024-11-06,3728.661529286281,3864.8212879793314,3702.258313204772,3855.368408203125,3792017,TCS
2024-11-07,3883.3546808183637,3916.975224376799,3804.517707610648,3865.845458984375,3724349,TCS
2024-11-08,3869.6642401156896,3883.401315336317,3834.879080725745,3862.213623046875,1648039,TCS
2024-11-11,3844.7047206230945,3943.5181622491855,3834.8789468568493,3910.36328125,1406487,TCS
2024-11-12,3926.4751190486577,3928.3377732797053,3878.3721644817633,3909.15234375,1587640,TCS
2024-11-13,3891.178314501988,3908.547476051825,3847.359096337812,3865.333984375,1098813,TCS
2024-11-14,3851.0375903197846,3874.3207680121654,3833.7616543718636,3861.18896484375,1825432,TCS
2024-11-18,3923.6812860911455,3923.6812860911455,3716.181551430071,3743.469482421875,3313944,TCS
2024-11-19,3743.8421064286954,3848.3835842405188,3738.4405905885956,3762.142822265625,1776233,TCS
2024-11-21,3767.124986745769,3811.409636894372,3747.660340835974,3793.15576171875,2384347,TCS
2024-11-22,3791.433311580051,3962.751144589009,3775.600748009218,3953.11181640625,3096553,TCS
2024-11-25,3986.080344448122,4030.8772729139196,3960.189630652715,4018.77001953125,4052167,TCS
2024-11-26,4024.3112162534667,4066.7334430694864,4014.020232591793,4053.7880859375,2060669,TCS
2024-11-27,4059.608149405842,4076.7908603023225,4027.104472178454,4035.020751953125,1558993,TCS
2024-11-28,4022.401811054281,4041.9132960200004,3942.307679137016,3953.390380859375,2558544,TCS
2024-11-29,3930.199794185259,4003.495408265716,3907.5218916267318,3977.557861328125,2017425,TCS
2024-12-02,3976.766970418375,3993.7173066183545,3939.560268502564,3982.960205078125,1670944,TCS
2024-12-03,4018.0710631615407,4027.9896055756494,3972.5292600738435,4007.267578125,2010905,TCS
2024-12-04,4017.3258027448396,4085.6855752155147,3994.508288951376,4055.37060546875,3302642,TCS
2024-12-05,4098.584281260393,4180.727516616581,4060.586315983135,4157.49072265625,3746747,TCS
2024-12-06,4147.199797372343,4158.375723168091,4109.713879599103,4140.21484375,1842087,TCS
2024-12-09,4126.198676219265,4162.473596939852,4112.321537472264,4146.408203125,2066639,TCS
2024-12-10,4122.193893602826,4185.198089234919,4109.108928030726,4128.154296875,2087828,TCS
2024-12-11,4127.502045111503,4143.148158287083,4104.358476029229,4123.404296875,1635256,TCS
2024-12-12,4125.826188749979,4177.00280411384,4122.054495207995,4149.0166015625,1914642,TCS
2024-12-13,4130.389146191078,4186.221930852545,4092.6235608796533,4166.6640625,1967048,TCS
2024-12-16,4152.787550664486,4167.6887843067,4095.045270300907,4111.99560546875,1646224,TCS
2024-12-17,4107.152673369455,4128.52681305927,4021.470576782156,4031.24951171875,3225027,TCS
2024-12-18,4015.6031250525107,4062.44869495374,3995.0207057764947,4049.2705078125,1575404,TCS
2024-12-19,3987.94311687329,4064.3119481632502,3969.3165726562265,3978.53662109375,3015763,TCS
2024-12-20,4031.71487338267,4081.0752079378285,3867.335646043321,3883.9130859375,4116989,TCS
2024-12-23,3911.6202111793405,3927.4063874513017,3832.31779942793,3872.7373046875,2195338,TCS
2024-12-24,3872.737858457334,3928.338276273141,3872.737858457334,3892.482177734375,1181886,TCS
2024-12-26,3892.4818540644487,3911.5276763317006,3858.628020945553,3882.796142578125,1208464,TCS
2024-12-27,3877.114844483566,3893.8323483767854,3862.4464421773887,3878.837890625,858100,TCS
2024-12-30,3865.938711530591,3910.9216276232846,3829.6169553875666,3873.202880859375,1527169,TCS
2024-12-31,3851.0374473961565,3855.6476983079733,3755.1573706922877,3813.59814453125,1555429,TCS
2025-01-01,3813.22564967337,3850.1062943866386,3804.890317466962,3830.036376953125,763161,TCS
2025-01-02,3837.0675295044302,3895.7411349313184,3815.6006224345697,3888.989013671875,1720835,TCS
2025-01-03,3892.900907869697,3892.900907869697,3811.269950829448,3818.347900390625,1791953,TCS
2025-01-06,3823.5638477814505,3864.6818530145874,3787.148863043133,3813.784912109375,2085593,TCS
2025-01-07,3832.364669490885,3856.020287112112,3736.065309985075,3751.6650390625,2669054,TCS
2025-01-08,3757.811618423141,3842.6556080381715,3741.839449635328,3826.26416015625,2181277,TCS
2025-01-09,3819.3726136468736,3853.5988861539504,3748.8711943929684,3761.49072265625,2392472,TCS
2025-01-10,3911.574279957844,4001.9130192806797,3883.6344636724307,3972.7158203125,7894300,TCS
2025-01-13,3953.483455264251,4026.080583062269,3937.092007703587,3996.417724609375,4003771,TCS
2025-01-14,4006.5689413176588,4017.651642185902,3929.3151811560374,3942.353759765625,3441709,TCS
2025-01-15,3928.338278958004,3964.1479930593564,3918.5129585242826,3957.768310546875,1653474,TCS
2025-01-16,3967.4536113637214,3999.118734083526,3903.9837578032057,3917.441162109375,2637705,TCS
2025-01-17,3945.5156582213353,3946.179768328342,3888.7499900580783,3911.750244140625,1761466,TCS
2025-01-20,3932.1425484323627,3932.1425484323627,3858.447160711793,3867.647216796875,1287799,TCS
2025-01-21,3884.2452782424407,3899.136119079718,3822.3105229606576,3827.859130859375,1971591,TCS
2025-01-22,3841.2798581228535,3948.598485486215,3835.77871966863,3942.38623046875,2409223,TCS
2025-01-23,3953.1984717808796,3975.3452017162494,3926.6887142484056,3931.810791015625,1822998,TCS
2025-01-24,3892.4966488174464,3962.682991900412,3892.4966488174464,3938.35498046875,1910099,TCS
2025-01-27,3890.599675788401,3942.148791419916,3832.7908361324735,3855.648681640625,1551782,TCS
2025-01-28,3861.007991181617,3890.6000269864126,3820.6982639395587,3832.079833984375,2468272,TCS
2025-01-29,3845.0737102492853,3896.148597963248,3845.0737102492853,3888.51318359375,1217089,TCS
2025-01-30,3888.6080671418995,3917.0619915773636,3849.3417440444105,3888.750244140625,1531251,TCS
2025-01-31,3898.187645857167,3915.6869946237944,3874.713158208757,3900.4638671875,1492943,TCS
2025-02-01,3901.033206937918,3922.7529442290934,3846.970748198443,3863.23681640625,437172,TCS
2025-02-03,3823.1639848038094,3866.8882740010763,3792.6234860032378,3858.968505859375,1265713,TCS
2025-02-04,3873.243148637696,3906.581803698567,3856.5028483843835,3895.3896484375,2547132,TCS
2025-02-05,3936.1259160718655,3936.1259160718655,3865.9395744358853,3880.261474609375,1693912,TCS
2025-02-06,3893.824170580454,3926.166886912974,3842.7495210483457,3872.341552734375,2284536,TCS
2025-02-07,3879.218228908592,3879.218228908592,3801.444171507491,3821.7412109375,1548940,TCS
2025-02-10,3831.7952057492353,3843.1767756673025,3807.46719267282,3828.90234375,1339511,TCS
2025-02-11,3811.308028813468,3831.7949459001434,3751.1754977809574,3759.284912109375,1810908,TCS
2025-02-12,3766.445947952812,3814.4855628593755,3737.090798282343,3746.575439453125,1678002,TCS
2025-02-13,3763.5057059907817,3779.1078947757164,3701.144188811121,3708.636962890625,2277310,TCS
2025-02-14,3722.721744594235,3744.536419785488,3699.010141125482,3732.064208984375,1681975,TCS
2025-02-17,3657.7517993998813,3731.257767104663,3657.467213858333,3703.278076171875,1799806,TCS
2025-02-18,3697.4925589213967,3722.152626882654,3665.3397167799785,3673.59130859375,2149879,TCS
2025-02-19,3672.6430537431497,3675.251330310773,3573.95530675462,3589.08349609375,4366672,TCS
2025-02-20,3567.647585834546,3592.781883594646,3557.973298668796,3584.625,2888572,TCS
2025-02-21,3581.4955514917533,3620.287642408916,3580.4521483085296,3590.88525390625,1833931,TCS
2025-02-24,3550.2433706104594,3569.260122487774,3480.8633130033377,3486.1748046875,2508516,TCS
2025-02-25,3438.1822449152423,3469.4815591448155,3434.6255046618817,3442.497802734375,4101954,TCS
2025-02-27,3425.567980413952,3450.512634279707,3415.134874592875,3426.374267578125,3823856,TCS
2025-02-28,3400.196551952343,3414.4709839051175,3278.8406087111084,3303.73779296875,7085018,TCS
2025-03-03,3305.3972886171223,3341.6760393458467,3297.0032889623258,3313.032470703125,4990439,TCS
2025-03-04,3294.964557324782,3367.9962990962294,3285.764501101665,3350.02294921875,2797737,TCS
2025-03-05,3339.400041837824,3414.8029405590255,3339.400041837824,3364.249755859375,2501894,TCS
2025-03-06,3373.6869322947687,3423.4338299242468,3353.8641244726305,3415.988525390625,2786513,TCS
2025-03-07,3414.4707542689284,3438.1823567291294,3390.1899807262357,3425.093505859375,2051315,TCS
2025-03-10,3420.636010676855,3435.4321442725973,3397.9678097594306,3404.654296875,1004626,TCS
2025-03-11,3374.6352261327497,3403.8004968476407,3355.3338893126197,3391.043701171875,1995450,TCS
2025-03-12,3381.2746199098347,3385.305592458114,3307.15224085139,3325.5048828125,3174167,TCS
2025-03-13,3321.805675922365,3342.6718849425615,3304.5436765901054,3330.104736328125,1693004,TCS
2025-03-17,3309.1910361154605,3348.504824268339,3298.1415226710474,3317.442626953125,2690906,TCS
2025-03-18,3317.442626953125,3317.442626953125,3317.442626953125,3317.442626953125,0,TCS
2025-03-19,3364.2022912119846,3364.2022912119846,3284.294187734508,3316.8740234375,3051244,TCS
2025-03-20,3331.0061697900233,3394.505799750347,3331.0061697900233,3379.52001953125,2845192,TCS
2025-03-21,3295.912959410607,3429.8835221492395,3286.4283178007922,3393.69970703125,4161925,TCS
2025-03-24,3414.470721860925,3461.6568103088644,3382.792113898217,3441.9287109375,1834751,TCS
2025-03-25,3457.1517113972473,3518.8018790902024,3450.5124625687754,3469.24462890625,3135390,TCS
2025-03-26,3459.7603706884333,3490.822574002818,3438.989096820747,3448.42626953125,1734499,TCS
2025-03-27,3428.555452249772,3474.2239048124366,3424.4295409023484,3463.031982421875,2528474,TCS
2025-03-28,3462.8424183134416,3472.279589767322,3406.7880975546004,3420.3037109375,2051919,TCS
2025-04-01,3388.577667798288,3399.2953585160476,3343.3359762190476,3367.806396484375,2618493,TCS
2025-04-02,3361.3565515448827,3380.4207713370747,3348.1255245230677,3361.30908203125,1764313,TCS
2025-04-03,3311.0877909094734,3321.5208948052064,3221.125888785102,3227.76513671875,4537821,TCS
2025-04-04,3189.3056688327865,3224.446080623458,3125.663631237096,3129.362548828125,5317367,TCS
2025-04-07,2940.238860434007,3121.7748058386424,2898.5539074179674,3105.319091796875,6623955,TCS
2025-04-08,3131.8762339649347,3176.4065815025783,3087.535532954112,3123.2451171875,5557558,TCS
2025-04-09,3092.514474322123,3101.4774131953245,3046.513968346596,3079.283447265625,2990265,TCS
2025-04-11,3120.0203045213184,3128.9357749466626,3040.7760781322527,3064.9619140625,7108961,TCS
2025-04-15,3143.5893021337306,3143.5893021337306,3071.69590901875,3080.801025390625,3512160,TCS
2025-04-16,3080.8012559903377,3109.1604734732773,3062.590790324908,3105.08203125,2384391,TCS
2025-04-17,3078.240292358944,3133.3461501914685,3052.1575291360596,3128.88818359375,2932346,TCS
2025-04-21,3120.5418377878595,3181.148601343861,3114.851053170071,3150.41845703125,2432946,TCS
2025-04-22,3151.3669464223676,3162.0844056249766,3125.189244347029,3143.58935546875,2710498,TCS
2025-04-23,3191.58211565842,3244.6011731880976,3165.3097029497226,3237.1083984375,3543923,TCS
2025-04-24,3225.8214222352462,3236.633820616935,3213.1118640484187,3226.295654296875,2252175,TCS
2025-04-25,3243.747204561521,3298.568475558524,3229.5202431380058,3270.30419921875,2742991,TCS
2025-04-28,3257.9741879514845,3279.5992157727555,3229.520264912607,3266.0361328125,1593296,TCS
2025-04-29,3276.9436254865236,3314.8821913387555,3253.6113148639492,3293.541748046875,1578332,TCS
2025-04-30,3293.067634171488,3329.0143339832575,3192.530431054501,3275.710693359375,2809332,TCS
2025-05-02,3293.067202073011,3311.562251162995,3243.7470711663877,3254.18017578125,1721761,TCS
2025-05-05,3272.2013429677813,3323.892639545098,3268.786779377753,3276.27978515625,1284443,TCS
2025-05-06,3281.685791015625,3294.01582433447,3259.871116682284,3281.685791015625,1324763,TCS
2025-05-07,3244.316583265945,3281.2117462953,3244.316583265945,3267.553955078125,1477128,TCS
2025-05-08,3270.304189784248,3297.809648457028,3251.9987864937443,3271.15771484375,2543591,TCS
2025-05-09,3223.8296054868374,3268.5970664946117,3222.976080385976,3263.001220703125,2531757,TCS
2025-05-12,3324.3664350329263,3443.3986711517946,3321.710689429311,3433.819091796875,2228678,TCS
2025-05-13,3433.819342081611,3436.2854413701325,3329.5832299005933,3333.851318359375,3062887,TCS
2025-05-14,3339.5422865093847,3377.4808526725133,3327.7814236222675,3365.814697265625,2119499,TCS
2025-05-15,3380.3257647168743,3414.470469410984,3332.9975027782,3395.40625,3548330,TCS
2025-05-16,3408.685419197444,3408.685419197444,3363.349015372588,3377.765625,1666727,TCS
2025-05-19,3367.0476004136544,3367.0476004136544,3323.133665679634,3337.45556640625,2537377,TCS
2025-05-20,3349.786002772028,3374.6357192042983,3313.934008684603,3318.012451171875,2038374,TCS
2025-05-21,3327.212019490534,3354.7174780325026,3318.0119641520128,3344.0947265625,1440153,TCS
2025-05-22,3314.881923566922,3317.5376692737764,3273.4340900331863,3297.8095703125,2034383,TCS
2025-05-23,3297.809582057325,3352.820498295267,3286.9971842477944,3333.471923828125,1274331,TCS
2025-05-26,3339.542185709067,3362.3053247198645,3329.204019365113,3355.002197265625,967470,TCS
2025-05-27,3349.9750123424055,3357.5627247146417,3303.595213090552,3318.39111328125,2467680,TCS
2025-05-28,3338.593421360396,3347.1295977218288,3312.9848922760975,3317.442626953125,1222933,TCS
2025-05-29,3324.0822341714443,3350.4495836467595,3306.820233088302,3317.822509765625,3188072,TCS
2025-05-30,3310.1398835450454,3325.979188538535,3275.141649033021,3284.91064453125,3404365,TCS
2025-06-02,3272.2013652710425,3281.686006909509,3242.41968314971,3272.01171875,1877585,TCS
2025-06-03,3268.4075902412287,3294.4903553984063,3225.252469708444,3229.710205078125,2848125,TCS
2025-06-04,3242.9150002967904,3248.465034332547,3224.7340073768614,3235.1640625,2544807,TCS
2025-06-05,3262.0530702216233,3262.0530702216233,3218.7057063727016,3225.786865234375,3584683,TCS
2025-06-06,3225.7868448606714,3244.7331673196672,3213.9212139850256,3238.322021484375,2070390,TCS
2025-06-09,3253.4410779830223,3285.975488762853,3244.7332451805223,3274.39697265625,1718678,TCS
2025-06-10,3291.7168496023487,3335.5426613582063,3275.6409764041855,3313.629638671875,2419874,TCS
2025-06-11,3320.423693236899,3338.604687522634,3300.424692969312,3322.24169921875,2847013,TCS
2025-06-12,3322.2418675324316,3324.9212188125916,3275.641152857228,3286.1669921875,4060134,TCS
2025-06-13,3246.934184213111,3301.7642826377164,3246.934184213111,3297.171142578125,2178493,TCS
2025-06-16,3291.7166438153617,3357.742355566309,3278.511454741814,3345.58984375,1934088,TCS
2025-06-17,3358.6994089523137,3368.2683531373627,3337.743514633776,3363.77099609375,2111940,TCS
2025-06-18,3367.4074309500347,3385.492643029953,3294.6834510545355,3302.62548828125,2696327,TCS
2025-06-19,3301.285995055582,3302.2428895469025,3265.880898876725,3276.40673828125,2672768,TCS
2025-06-20,3277.3633274014865,3297.7452248908758,3263.871022884297,3287.60205078125,2351248,TCS
2025-06-23,3267.7943410253647,3277.3632849229502,3224.7340934862314,3247.31689453125,3123421,TCS
2025-06-24,3286.5498048258933,3293.7265132738476,3236.2170627975156,3244.2548828125,3403048,TCS
2025-06-25,3260.4262751214173,3301.2856185170967,3253.440899408153,3296.309814453125,1757699,TCS
2025-06-26,3296.3096478451916,3302.625010278294,3268.0812649976842,3293.43896484375,2879106,TCS
2025-06-27,3306.0700253129785,3316.978527608251,3283.104560593004,3292.769287109375,1778433,TCS
2025-06-30,3291.6206089307775,3315.5429664293783,3282.1474488080407,3312.76806640625,1468351,TCS
2025-07-01,3306.0698242055073,3334.7766533592453,3266.3587105428364,3281.8603515625,2375183,TCS
2025-07-02,3336.8820295980254,3339.4655976963195,3272.57877409358,3275.736572265625,3090585,TCS
2025-07-03,3282.1480591402083,3287.2196465963534,3251.144771503511,3254.206787109375,2531870,TCS
2025-07-04,3261.096050751665,3279.2770439923584,3243.967734776887,3272.387451171875,1109320,TCS
2025-07-07,3270.952315509477,3278.416138875185,3261.4789203702617,3264.63671875,1639174,TCS
2025-07-08,3258.2253086430815,3277.363195918518,3247.125240576613,3259.37353515625,2325242,TCS
2025-07-09,3263.010286763138,3266.8378648121275,3221.8638227365063,3237.939697265625,2034938,TCS
2025-07-10,3234.3032521090518,3252.484246721499,3211.3377852301705,3236.217041015625,3035012,TCS
2025-07-11,3157.655913683438,3191.2430024482833,3120.528595780786,3125.21728515625,7635550,TCS
2025-07-14,3125.217267735536,3130.9586344245786,3062.062234156067,3083.78369140625,3924009,TCS
2025-07-15,3067.8034091107847,3118.9014760029677,3067.8034091107847,3112.107666015625,2590889,TCS
2025-07-16,3098.377660261314,3115.5641051149655,3092.23284636304,3104.234619140625,2540733,TCS
2025-07-17,3095.5933632665156,3112.779808234124,3076.390526695053,3081.287109375,2947640,TCS
2025-07-18,3096.4571730230687,3100.105758589483,3059.9717861781455,3062.756103515625,3432645,TCS
2025-07-21,3062.8523807267275,3070.1495522628406,3026.3669918654064,3032.31982421875,3844346,TCS
2025-07-22,3033.663818359375,3053.346723269556,3028.8631098446967,3033.663818359375,3198036,TCS
2025-07-23,3033.6641973444102,3055.1712804131353,3031.7439136986445,3052.386962890625,1922875,TCS
2025-07-24,3038.945131093794,3047.2022105424912,3014.845476356516,3022.526611328125,2934778,TCS
2025-07-25,3014.845292873372,3031.0715957495104,3001.019344529776,3010.812744140625,2568917,TCS
2025-07-28,2986.041003699968,2993.72213811463,2947.539223682625,2956.564697265625,3374473,TCS
2025-07-29,2938.0339265993125,2951.4759118844077,2919.9832137631183,2934.193359375,4785312,TCS
2025-07-30,2938.0337293982366,2946.6750050729374,2925.7438682234083,2931.888916015625,2880121,TCS
2025-07-31,2920.4631457840833,2937.841805411508,2894.827407662822,2915.758544921875,2968371,TCS
2025-08-01,2909.133383273443,2915.758501968501,2880.4252388236764,2883.3056640625,2053847,TCS
2025-08-04,2889.1627911176092,2956.6605722928375,2872.360309577052,2951.85986328125,2519252,TCS
2025-08-05,2951.86005402892,2954.8365875722943,2920.7515513874637,2941.778564453125,1927996,TCS
2025-08-06,2940.9140476547227,2944.5626330221426,2905.3888045064286,2911.437744140625,1487081,TCS
2025-08-07,2895.7876067904904,2929.9687479023937,2890.890789951502,2925.552001953125,2543076,TCS
2025-08-08,2926.6083584758467,2937.841970823321,2904.4289887975438,2915.37451171875,2762140,TCS
2025-08-11,2915.3743566889298,2928.3362704951187,2900.8763567070323,2919.59912109375,1884215,TCS
2025-08-12,2919.7914390398837,2972.9832050993796,2906.2533448516742,2914.41455078125,3358232,TCS
2025-08-13,2915.0864995163706,2923.0554886191444,2907.8854362960733,2915.182373046875,2148166,TCS
2025-08-14,2913.0702823357074,2934.0972944331475,2898.764262979319,2901.836669921875,3342174,TCS
2025-08-18,2925.072007661826,2927.4723621732833,2883.6898021204543,2891.178955078125,2945609,TCS
2025-08-19,2891.179270921388,2904.4292761540364,2891.0833973762283,2895.97998046875,2650784,TCS
2025-08-20,2890.8905988262018,2979.7037075526887,2890.8905988262018,2975.09521484375,4952358,TCS
2025-08-21,3005.2440729447403,3005.2440729447403,2960.2135127082415,2978.936279296875,3230726,TCS
2025-08-22,2962.997485687316,2972.3108139224278,2928.4323821601793,2932.27294921875,1593791,TCS
2025-08-25,2964.245782645686,3026.366909314735,2954.4523833109183,3015.42138671875,3448370,TCS
2025-08-26,3004.283667485289,3035.968346624635,2995.6423913563763,3031.359619140625,5522097,TCS
2025-08-28,3019.645945976872,3021.086158669707,2963.4776509563167,2970.390625,3116051,TCS
2025-08-29,2969.7187359392783,2990.8418565958136,2954.548447858567,2961.74951171875,2271789,TCS
2025-09-01,2966.8380558481663,3006.2999761800884,2966.8380558481663,2988.537353515625,1246862,TCS
2025-09-02,2996.698656186325,3029.247369338668,2979.416103841445,2987.481201171875,2185229,TCS
2025-09-03,3005.1475613511693,3016.6692623196923,2964.917715899919,2974.0390625,1799774,TCS
2025-09-04,2991.801961311159,2993.722244983374,2967.606433923174,2972.31103515625,1481391,TCS
2025-09-05,2973.6550115959403,2979.703716897792,2907.8853038462717,2926.800048828125,2802055,TCS
2025-09-08,2928.4323632618416,2942.7383816988513,2895.7875434746607,2898.66796875,2626187,TCS
2025-09-09,2911.2459361835313,2938.0337976334035,2909.997705008497,2927.856201171875,2489301,TCS
2025-09-10,2934.5773210773896,2998.2347696750494,2931.696895660388,2986.041015625,2079428,TCS
2025-09-11,3013.885194748687,3013.885194748687,2986.137189714118,2999.675048828125,2263446,TCS
2025-09-12,3018.685897890405,3023.198517586115,2996.6026359147436,3008.50830078125,1447167,TCS
2025-09-15,3009.0842164755977,3009.0842164755977,2972.598830315396,2987.864990234375,1732539,TCS
2025-09-16,3003.3236516831826,3024.4467719955323,2985.1770648150605,3020.318115234375,2573429,TCS
2025-09-17,3026.367137231914,3055.55535595913,3017.149681628776,3046.338134765625,2418271,TCS
2025-09-18,3058.0517436415034,3075.334296666793,3035.392302577828,3050.08251953125,2633138,TCS
2025-09-19,3043.6492637764163,3053.730751874098,3018.685578963108,3042.881103515625,4901694,TCS
2025-09-22,2971.6388949892716,2983.0644887376598,2942.8346407567424,2951.283935546875,3634901,TCS
2025-09-23,2947.6353061603577,2957.9087764692863,2930.352753876681,2940.338134765625,3177741,TCS
2025-09-24,2928.4327159064933,2935.153709024967,2912.110304047342,2914.41455078125,1625714,TCS
2025-09-25,2901.5486952997107,2908.8458671854296,2833.378623371756,2839.5234375,4974361,TCS
2025-09-26,2823.7769658283983,2837.0269692313786,2776.057966398974,2783.547119140625,3934636,TCS
2025-09-29,2799.7732301976002,2812.5431618400235,2778.6501125486475,2780.66650390625,3110035,TCS
2025-09-30,2794.9727356006983,2799.101392157332,2770.105157137798,2773.2734375,2253458,TCS
2025-10-01,2775.7699233020426,2808.222762784315,2752.342557318892,2798.045166015625,1952902,TCS
2025-10-03,2807.454332770607,2807.454332770607,2775.8657645822723,2786.235107421875,2899519,TCS
2025-10-06,2786.331441741774,2874.2805224330996,2780.18662812204,2869.28759765625,2112774,TCS
2025-10-07,2875.624650921264,2884.745997894136,2837.699050349848,2855.173583984375,3062943,TCS
2025-10-08,2856.421663900003,2921.711301932003,2849.70067174965,2906.541015625,4121889,TCS
2025-10-09,2913.0703773618156,2943.794916608875,2899.6283914412274,2939.666259765625,3211304,TCS
2025-10-10,2928.4324419455565,2947.635277630445,2887.0502372807746,2907.597412109375,8817365,TCS
2025-10-13,2906.349479208063,2914.5106852117856,2878.697346101757,2887.338623046875,2866865,TCS
2025-10-14,2900.588173459837,2906.541005318549,2837.6988899902512,2842.3076171875,3611416,TCS
2025-10-15,2863.220385125294,2871.6047262713414,2843.9459294866183,2862.06396484375,4282226,TCS
2025-10-16,2862.160371154854,2867.0754517571395,2836.332787245134,2862.931396484375,3251495,TCS
2025-10-17,2862.256586509825,2880.3746213869317,2848.1861401528254,2854.739501953125,4374683,TCS
2025-10-20,2877.1943748710046,2913.333979311689,2870.4483153754104,2905.81689453125,3133039,TCS
2025-10-21,2921.1404673344027,2921.815026282457,2887.3137006926995,2897.62548828125,310644,TCS
2025-10-23,2944.172939856895,2985.6130172427693,2925.958674375256,2961.712646484375,5564758,TCS
2025-10-24,2968.2662739630537,2977.9035021252716,2947.3535359078196,2952.07568359375,2684318,TCS
2025-10-27,2955.2558763824863,2981.9509500743798,2949.184375870237,2972.98828125,1946312,TCS
2025-10-28,2964.4114953280427,2978.096312781555,2929.9101701396817,2946.968017578125,3470737,TCS
2025-10-29,2946.96788369373,2964.4113606511696,2935.596142774,2946.678955078125,2895420,TCS
2025-10-30,2938.4874105526364,2952.654089267939,2922.7786811771543,2925.18798828125,2241536,TCS
2025-10-31,2924.898585437403,2956.1231088421955,2915.357824198127,2947.064208984375,1868085,TCS
2025-11-03,2936.367047373489,2947.06446508497,2900.80576844531,2907.359130859375,2194877,TCS
2025-11-04,2910.0574685167057,2919.4055326440953,2868.039060214524,2881.723876953125,2670720,TCS
2025-11-06,2881.627605776501,2914.2977142131544,2881.531139384038,2901.6728515625,2542721,TCS
2025-11-07,2892.1323165785257,2895.0234851722394,2853.101540563387,2883.26611328125,1830520,TCS
2025-11-10,2884.422275161144,2937.3305615709287,2883.4585523829414,2915.4541015625,1556656,TCS
2025-11-11,2934.5359333014544,2944.847720230334,2908.5154176367123,2936.46337890625,2806868,TCS
2025-11-12,2948.991669923252,3022.619995280987,2946.1969680097523,3018.18701171875,4460315,TCS
2025-11-13,3018.186949242595,3018.2831803470704,2989.4679642954256,2993.03369140625,1740435,TCS
2025-11-14,2977.9034333434784,3000.1655239975616,2965.6642009169345,2993.322998046875,2210794,TCS
2025-11-17,2993.323082448971,3010.188231818854,2974.626953832486,2989.660888671875,2232853,TCS
2025-11-18,2989.4682629851,2992.3594315179676,2966.338914722159,2975.10888671875,2548350,TCS
2025-11-19,2984.6495543039355,3040.5454775036865,2971.639296317787,3033.51025390625,3151053,TCS
2025-11-20,3033.79944214396,3049.7008686990343,3024.2586803244717,3030.715576171875,2700767,TCS
2025-11-21,3030.715536432949,3055.0013041600305,3021.463703354114,3036.30517578125,4177037,TCS
2025-11-24,3043.4366842823783,3063.578397230728,3017.4161679823073,3027.24609375,6703764,TCS
2025-11-25,3031.1974493056246,3035.534202019235,3001.996600643867,3006.044189453125,2737920,TCS
2025-11-26,3005.658657913636,3062.71099952004,3003.923909850209,3048.15869140625,2508527,TCS
2025-11-27,3064.6384631299097,3064.6384631299097,3011.6337098367826,3022.81298828125,2836233,TCS
2025-11-28,3026.0897270293826,3033.124950840084,3011.6338843843378,3023.680419921875,1616690,TCS
2025-12-01,3024.0657566161144,3039.581788202742,3008.935355329588,3019.72900390625,1747647,TCS
2025-12-02,3017.416350282513,3029.9447477765,3007.2007935969305,3021.94580078125,2512003,TCS
2025-12-03,3026.089516693691,3095.3810901757683,3025.125793917674,3064.638427734375,3952112,TCS
2025-12-04,3078.13047294951,3132.0989471151875,3071.769808666434,3112.053466796875,5025905,TCS
2025-12-05,3112.824571063191,3152.915532717371,3105.5001838412545,3120.72705078125,5244013,TCS
2025-12-08,3125.353065437683,3141.6398867746047,3092.2010949656524,3119.0888671875,2544725,TCS
2025-12-09,3112.8243568679477,3116.3900838422614,3065.794641509269,3091.91162109375,2734893,TCS
2025-12-10,3108.0062080861744,3108.0062080861744,3062.807700289892,3073.5048828125,1386849,TCS
2025-12-11,3088.7315521574005,3092.0081155406747,3038.7144333046613,3076.106689453125,1914362,TCS
2025-12-12,3081.696263178982,3106.078496384854,3070.131589906683,3103.669189453125,1146554,TCS
2025-12-15,3094.6101270221197,3120.7268716204835,3081.310706400481,3113.01708984375,1562190,TCS
2025-12-16,3103.187500999765,3103.187500999765,3075.3360054304358,3088.828125,1734623,TCS
2025-12-17,3084.3949307247763,3119.4743477745933,3084.3949307247763,3101.0673828125,1376350,TCS
2025-12-18,3110.897128527372,3168.5277977297296,3104.1510690788923,3161.78173828125,2307422,TCS
2025-12-19,3179.3215200364916,3197.5357868591873,3159.854366515901,3162.938232421875,3902511,TCS
2025-12-22,3189.9223631467994,3207.8477007511456,3171.6116305486757,3204.28173828125,2632816,TCS
2025-12-23,3199.4631245744913,3199.4631245744913,3174.0209376032617,3189.92236328125,2365420,TCS
2025-12-24,3184.236571775606,3206.4021959958864,3176.5267894381177,3198.595947265625,1367708,TCS
2025-12-26,3192.9103071634727,3199.559900795541,3153.108505919085,3161.010986328125,1176664,TCS
2025-12-29,3161.0105311971397,3168.7203129805475,3125.2563240630398,3133.54443359375,2079473,TCS
2025-12-30,3132.0992469072426,3148.9643966982817,3121.9801570326194,3129.015380859375,2807593,TCS
2025-12-31,3122.462063286045,3128.2444004402787,3082.467564635931,3089.88818359375,3362634,TCS
2026-01-01,3098.368779137981,3116.775978595714,3082.1781891606697,3110.31884765625,1255735,TCS
2026-01-02,3116.6795578205924,3136.243177859361,3102.7055771191704,3132.773681640625,1184324,TCS
2026-01-05,3122.9439430034404,3129.2081416238766,3075.23966120166,3099.42919921875,2341703,TCS
2026-01-06,3093.550169667909,3144.8201752673103,3088.7315556964636,3137.688720703125,2912325,TCS
2026-01-07,3125.2565425983025,3180.8635358265738,3106.271250685878,3176.044921875,1989442,TCS
2026-01-08,3167.6606296336045,3167.6606296336045,3066.566193971062,3087.671630859375,4159336,TCS
2026-01-09,3075.239584998998,3112.5356118812538,3075.239584998998,3091.43017578125,1938673,TCS
2026-01-12,3086.804068110982,3134.026484388671,3059.145271347969,3122.076416015625,2228342,TCS
2026-01-13,3127.2804209827063,3161.0107182814413,3094.0319850739534,3149.446044921875,5645341,TCS
2026-01-14,3141.736098705462,3141.736098705462,3067.529448521315,3076.684814453125,3539511,TCS
2026-01-15,3076.684814453125,3076.684814453125,3076.684814453125,3076.684814453125,0,TCS
2026-01-16,3159.0110444402844,3161.464149941515,3111.519017760894,3146.54931640625,4293470,TCS
2026-01-19,3128.2002715520307,3159.600023336744,3092.973770842994,3104.258056640625,3387562,TCS
2026-01-20,3092.4832014713097,3100.7255406282875,3033.118044759914,3044.10791015625,4499273,TCS
2026-01-21,3041.8509292683366,3079.6287553253787,3024.188569033875,3064.027099609375,2015150,TCS
2026-01-22,3090.9130188550284,3100.7254411371077,3063.7326570458863,3091.305419921875,2269827,TCS
2026-01-23,3130.457047950816,3134.578217290946,3092.875423666008,3103.178466796875,2068857,TCS
2026-01-27,3115.4440572399217,3115.4440572399217,3071.2881572160486,3098.762939453125,4279874,TCS
2026-01-28,3116.425451779539,3145.0776781720924,3111.1268393421374,3140.073486328125,2751234,TCS
2026-01-29,3140.07335254898,3140.07335254898,3066.9708064954257,3085.41796875,2457641,TCS
2026-01-30,3082.081828102924,3082.081828102924,3034.000959087629,3065.302490234375,3022068,TCS
2026-02-02,3138.0126916764966,3138.0126916764966,3075.2131881532646,3110.1455078125,2636272,TCS
2026-02-03,3287.1613923698505,3287.1613923698505,3126.53209104895,3164.800537109375,4366060,TCS
2026-02-04,3061.475843095512,3061.475843095512,2929.9893806035893,2942.84375,10852595,TCS
2026-02-05,2933.9143670738968,2972.869637012123,2916.5464269268496,2935.38623046875,3521545,TCS
2026-02-06,2920.765595757455,2929.0079343210614,2861.302223276454,2886.422119140625,4687389,TCS
2026-02-09,2903.5941220720847,2921.15826303242,2882.3991930324937,2892.8984375,2380318,TCS
2026-02-10,2894.468444356794,2955.109263473934,2888.2865702537815,2928.61572265625,3547763,TCS
2026-02-11,2924.1019081110685,2941.76426862986,2849.723697569715,2855.21875,3363513,TCS
2026-02-12,2815.9687988010764,2825.977420921291,2688.603518515395,2698.51416015625,10612156,TCS
2026-02-13,2536.5110796879476,2662.110080925881,2536.5110796879476,2641.7001953125,11168735,TCS
2026-02-16,2649.3540277067937,2668.7826718221954,2620.898002964758,2655.830322265625,2918730,TCS
2026-02-17,2665.0538469624375,2708.228504276998,2644.6439610469733,2666.427490234375,4209118,TCS
2026-02-18,2678.7913077273606,2678.7913077273606,2607.4550449905755,2644.349609375,2950820,TCS
2026-02-19,2657.2039438116426,2697.140454434555,2616.5806115438327,2627.66845703125,3238849,TCS
2026-02-20,2616.972941852777,2651.905259923164,2597.838718993336,2635.812744140625,2293482,TCS
2026-02-23,2635.616634548502,2653.2789947204583,2610.3005370564806,2626.0986328125,4699596,TCS
2026-02-24,2591.460746119642,2597.8388206557183,2513.255787797201,2525.423095703125,7798833,TCS
2026-02-25,2547.3048106742554,2604.4130601353972,2546.3235684513456,2579.980224609375,3621285,TCS
2026-02-26,2600.2918170703697,2620.897903167908,2585.5731841435563,2598.034912109375,3464267,TCS
2026-02-27,2631.299321894741,2638.168017666852,2576.8403768444346,2587.92822265625,5083717,TCS
2026-03-02,2543.37985460111,2574.5834053591284,2531.8993684474203,2564.4765625,3374385,TCS
2026-03-04,2575.7609535201655,2585.5733762002424,2531.997452542583,2539.2587890625,3446434,TCS
2026-03-05,2551.229777430436,2560.551578540278,2498.6350985020495,2530.427490234375,2960636,TCS
2026-03-06,2523.7550365456814,2570.069622274581,2505.7002751879877,2509.625244140625,3998643,TCS
2026-03-09,2482.542780637602,2511.9800468111703,2458.0117254929614,2479.991455078125,3653428,TCS
2026-03-10,2493.3365235176843,2497.45769299971,2443.39138949283,2465.9599609375,4323710,TCS
2026-03-11,2461.0536733182116,2473.711601954393,2413.9540474182472,2418.663818359375,2720664,TCS
2026-03-12,2413.6596961153996,2426.513825649523,2390.3060830242093,2396.5859375,2752075,TCS
2026-03-13,2391.287343235487,2400.0203033629555,2352.0376535639975,2365.284423828125,2466488,TCS
2026-03-16,2364.793830777467,2379.5124645789865,2321.7173916761253,2364.0087890625,3807907,TCS
2026-03-17,2374.6061161428333,2374.6061161428333,2315.731584337639,2346.8369140625,2993367,TCS
2026-03-18,2364.793804301608,2436.326267951688,2364.793804301608,2395.01611328125,3082388,TCS
2026-03-19,2371.6624152761565,2378.5311107279285,2306.115387909886,2311.806640625,2757060,TCS
2026-03-20,2341.2440023374425,2362.6351312433567,2319.8528734315287,2345.7578125,4206320,TCS
2026-03-23,2320.6378037995523,2361.6537756859007,2303.956686393805,2339.085205078125,3860515,TCS
2026-03-24,2359.0045869106293,2389.7172776589064,2334.47353068287,2353.803955078125,3420182,TCS
2026-03-25,2355.864368126978,2376.1762738846405,2325.3478785890734,2332.80517578125,5843778,TCS
2026-03-27,2358.8080275261386,2376.6668272056972,2340.262645780238,2344.97265625,4979411,TCS
2026-03-30,2330.5484146912077,2353.0187649541185,2302.1903717438945,2314.652099609375,6804756,TCS
2026-04-01,2383.4374750291136,2425.630892660341,2352.9207445923203,2363.027587890625,4132661,TCS
2026-04-02,2341.24390183887,2423.570027038862,2331.1370592120925,2404.730224609375,5378361,TCS
2026-04-06,2427.593337237373,2435.4432752720936,2402.2772391631793,2427.4951171875,2572417,TCS
2026-04-07,2414.837240451596,2496.182129281132,2402.0810908677395,2492.1591796875,4516550,TCS
2026-04-08,2523.755016821873,2531.899375247164,2492.453485493659,2511.195068359375,4769337,TCS
2026-04-09,2506.092558435327,2556.135910228672,2483.6222080623565,2540.43603515625,5628261,TCS
2026-04-10,2517.671257898199,2517.671257898199,2454.1849361455575,2476.94970703125,10480239,TCS
2026-04-13,2443.195026142192,2457.9136601554055,2423.6684008424363,2426.2197265625,3739587,TCS
2026-04-15,2454.9697496490417,2510.9987747578325,2446.629190999006,2506.9755859375,5261384,TCS
2026-04-16,2523.754997213638,2545.3423261167095,2510.0176060935014,2528.56298828125,3905403,TCS
2026-04-17,2521.792618261851,2540.4362212762385,2507.957006516208,2533.076904296875,2718206,TCS
2026-04-20,2538.571963483115,2545.3424392975157,2513.15764504414,2531.212646484375,2288558,TCS
2026-04-21,2511.9802240950007,2564.9673069470045,2511.9802240950007,2561.532958984375,2719959,TCS
2026-04-22,2531.6048516902206,2531.6048516902206,2456.6380441545243,2490.88330078125,5232045,TCS
2026-04-23,2481.5614778281533,2511.489364373728,2469.0997500312283,2474.49658203125,2509050,TCS
2026-04-24,2441.3307179215667,2458.0118361710306,2343.991534636913,2351.939453125,5107719,TCS
2026-04-27,2351.9393059532576,2412.874541687738,2351.9393059532576,2401.6884765625,5853425,TCS
2026-04-28,2398.155951805419,2440.349366669426,2381.867235359066,2398.8427734375,4508363,TCS
2026-04-29,2405.024637022461,2441.2323784506298,2401.688509360205,2428.280029296875,2835961,TCS
2026-04-30,2432.4995485090735,2444.2744555611544,2392.26861608113,2427.4951171875,3970446,TCS
2026-05-01,2427.4951171875,2427.4951171875,2427.4951171875,2427.4951171875,0,TCS
2026-05-04,2447.2181772447047,2451.4375668418284,2379.512461835769,2385.6943359375,2632358,TCS
2026-05-05,2384.4185931895904,2414.24826083551,2366.952433771704,2381.769287109375,3385720,TCS
2026-05-06,2396.0951150032492,2424.6493574491965,2361.359238648924,2389.717041015625,3147628,TCS
2026-05-07,2392.4647422177254,2393.9366055534624,2353.018852732181,2356.35498046875,5829594,TCS
2026-05-08,2353.0188960201936,2361.8500761970836,2330.548544505656,2349.486328125,3792199,TCS
2026-05-11,2326.5252955775945,2369.699953108347,2326.5252955775945,2348.014404296875,1975188,TCS
2026-05-12,2330.450360002076,2330.450360002076,2240.176072372522,2257.151611328125,6347884,TCS
2026-05-13,2262.7446759395275,2265.8846032931383,2226.4387119283556,2230.16748046875,3171843,TCS
2026-05-14,2222.513720137884,2222.513720137884,2165.012827845418,2203.8701171875,5633313,TCS
2026-05-15,2209.7573207679993,2261.6649346543286,2209.7573207679993,2221.5322265625,3410637,TCS
2026-05-18,2221.5322685970373,2249.8900714309348,2209.953563101145,2240.3720703125,3773336,TCS
2026-05-19,2256.857213357978,2333.0017090765828,2254.0117066090534,2283.448974609375,10394707,TCS
2026-05-20,2280.3085723429836,2298.06915136111,2274.3231388707036,2283.742919921875,2537422,TCS
2026-05-21,2287.275643394801,2292.0836345084317,2270.594525446405,2283.546875,3299087,TCS
2026-05-22,2287.373954930871,2296.106915322829,2264.805382686245,2273.832763671875,2617262,TCS
2026-05-25,2312.3217190072714,2313.415817804508,2280.496215777924,2295.61328125,3298364,TCS
2026-05-26,2295.613098349941,2315.205623652634,2260.008270887014,2263.78759765625,3587597,TCS
2026-05-27,2262.5943570616037,2283.0821217701528,2248.571147658945,2271.744140625,2653950,TCS
2026-05-28,2271.744140625,2271.744140625,2271.744140625,2271.744140625,0,TCS
2026-05-29,2278.507085795833,2321.2726050840133,2222.81245602518,2246.58203125,16331582,TCS
2026-06-01,2271.5452382799426,2322.267132829976,2267.5670504720965,2284.8720703125,7505095,TCS
2026-06-02,2307.34897134468,2443.9996279549005,2303.569644295269,2433.556884765625,11306127,TCS
2026-06-03,2379.9508308808004,2379.9508308808004,2212.6680838914085,2229.475830078125,15660062,TCS
2026-06-04,2229.4759194813155,2240.8139007540485,2204.5129359355733,2228.77978515625,4867263,TCS
2026-06-05,2250.560184151513,2259.4117976453776,2180.0469028924485,2186.9091796875,5019717,TCS
2026-06-08,2158.1668832997775,2165.128711955583,2131.6125282744956,2139.668212890625,6536734,TCS
2026-06-09,2162.145087858845,2162.145087858845,2121.169801728995,2139.2705078125,4148655,TCS
2026-06-10,2139.568864676436,2168.907999188303,2133.1043096144995,2142.154541015625,2848650,TCS
2026-06-11,2115.4013888441136,2142.8509821277357,2098.494090484758,2123.95458984375,3079815,TCS
2026-06-12,2138.276030955957,2156.177876796519,2126.3414670622496,2149.61376953125,2124656,TCS
2026-06-15,2180.046856932239,2180.046856932239,2147.525221086398,2150.21044921875,3337083,TCS
2026-06-16,2155.183285992923,2196.954258771743,2148.818282502735,2187.0087890625,3079898,TCS
2026-06-17,2196.9542720106556,2218.8343055028395,2188.6994835403766,2210.8779296875,2865010,TCS
2026-06-18,2196.9542695909468,2201.927004470057,2170.101501243751,2191.285400390625,3735188,TCS
2026-06-19,2093.521413717831,2126.341464384191,2048.6672473500757,2113.412353515625,13286502,TCS
2026-06-22,2120.5729308842238,2145.237743488044,2109.434053749718,2116.197021484375,4566101,TCS
2026-06-23,2099.4885101234904,2102.4721508294924,2043.7938836114508,2048.368896484375,6392736,TCS
2026-06-24,2049.7612582514666,2109.1356624395376,2049.7612582514666,2097.49951171875,4747277,TCS
2026-06-25,2121.965363861958,2136.78401555451,2076.61392807904,2083.27734375,4738903,TCS
2026-06-26,2083.27734375,2083.27734375,2083.27734375,2083.27734375,0,TCS
2026-06-29,2078.6031371123327,2093.521341445675,2059.706744956766,2086.4599609375,3412470,TCS
2026-06-30,2078.60311543387,2092.8251853118586,2007.791421498655,2020.422119140625,6848411,TCS
2026-07-01,2028.776408877907,2040.8104030555382,1966.0205187179013,1971.788818359375,4658295,TCS
2026-07-02,1997.0503819057583,2065.5745732846704,1991.580373389582,2056.82275390625,6040621,TCS
2026-07-03,2088.5485393778363,2105.0581154318793,2073.6303355251375,2082.083984375,4028819,TCS
2026-07-06,2078.6031065753987,2081.5867473982344,2039.4180542258837,2046.3798828125,2567386,TCS
2026-07-07,2038.8212111731864,2111.124724588052,2037.8266642409067,2084.669921875,4769048,TCS
2026-07-08,2082.5813599967723,2098.1956989000228,2037.6278854106638,2046.2803955078125,3666985,TCS
2026-07-09,2046.280350211656,2053.7394523387943,2005.006651774823,2038.323974609375,3791498,TCS
2026-07-10,2093.7200783959847,2121.666943317309,2053.341620075063,2057.717529296875,6714551,TCS
2026-07-13,2063.684994131224,2192.8765503750355,2053.8390761022306,2169.604248046875,12382622,TCS
2026-07-14,2170.996422535663,2215.850586742918,2167.1177865856457,2188.60009765625,9546290,TCS
2026-07-15,2174.10009765625,2202.89990234375,2145.39990234375,2189.199951171875,5426489,TCS
2026-07-16,2206.0,2231.39990234375,2187.800048828125,2201.0,5197595,TCS
2026-07-17,2224.800048828125,2275.0,2215.10009765625,2269.0,5615138,TCS
2026-07-20,2280.10009765625,2283.39990234375,2245.10009765625,2251.10009765625,2202693,TCS
2026-07-21,2245.10009765625,2259.89990234375,2218.5,2221.10009765625,2382160,TCS
2026-07-22,2216.0,2226.800048828125,2201.0,2208.300048828125,1599665,TCS
2026-07-23,2204.0,2250.0,2193.60009765625,2242.89990234375,2503539,TCS
2026-07-24,2205.10009765625,2264.300048828125,2205.10009765625,2254.300048828125,3211699,TCS
2026-07-27,2286.0,2315.0,2272.39990234375,2295.60009765625,4007292,TCS
2026-07-28,2325.0,2417.39990234375,2323.0,2398.0,8248513,TCS
2026-07-29,2440.0,2475.5,2415.10009765625,2446.60009765625,7169419,TCS
2026-07-30,2440.0,2495.0,2423.0,2431.800048828125,4901582,TCS
2026-07-31,2385.0,2391.0,2326.10009765625,2365.60009765625,4343683,TCS
2026-08-03,2383.89990234375,2473.699951171875,2383.0,2473.699951171875,3036839,TCS
2026-08-04,2463.10009765625,2467.39990234375,2435.10009765625,2460.0,2792792,TCS
2026-08-05,2460.0,2460.89990234375,2408.0,2413.0,3014409,TCS
2026-08-06,2417.0,2434.5,2368.5,2373.0,2729141,TCS
2026-08-07,2375.0,2457.699951171875,2375.0,2452.699951171875,4547979,TCS
2026-08-10,2452.699951171875,2472.89990234375,2423.5,2425.699951171875,2322023,TCS
2026-08-11,2438.0,2456.60009765625,2428.0,2445.699951171875,1514105,TCS
2026-08-12,2445.699951171875,2445.800048828125,2300.10009765625,2349.699951171875,7022647,TCS
2026-08-13,2349.699951171875,2375.0,2332.300048828125,2375.0,2123494,TCS
2026-08-14,2375.10009765625,2390.0,2333.39990234375,2361.0,2232160,TCS
2026-08-17,2351.0,2361.10009765625,2310.60009765625,2313.199951171875,2237636,TCS
2026-08-18,2300.0,2307.0,2280.0,2280.0,1797822,TCS
2026-08-19,2293.60009765625,2308.199951171875,2258.300048828125,2289.0,3368922,TCS
2026-08-20,2319.39990234375,2329.0,2288.10009765625,2298.0,2047848,TCS
2026-08-21,2290.10009765625,2307.199951171875,2263.300048828125,2302.0,2066749,TCS
2026-08-24,2302.39990234375,2321.60009765625,2279.5,2284.10009765625,1542723,TCS
2026-08-25,2305.0,2313.5,2262.0,2296.199951171875,3041609,TCS
2026-08-26,2305.10009765625,2306.300048828125,2266.39990234375,2270.0,1659924,TCS
